row,dominant_tier,stability,n_visited
0,hard,1.0,802
1,hard,1.0,799
2,hard,1.0,799
3,hard,1.0,799
4,medium,1.0,791
5,medium,1.0,806
6,medium,1.0,821
7,medium,1.0,807
8,medium,1.0,794
9,easy,1.0,796
10,easy,1.0,781
11,easy,1.0,796
12,hard,1.0,793
13,easy,1.0,799
14,easy,1.0,805
15,easy,1.0,789
16,easy,1.0,791
17,easy,1.0,791
18,hard,1.0,804
19,easy,1.0,801
20,medium,0.9834815756035579,787
21,easy,1.0,794
22,easy,1.0,796
23,easy,1.0,799
24,hard,1.0,796
25,hard,0.9962779156327544,806
26,medium,1.0,789
27,hard,1.0,798
28,easy,1.0,816
29,hard,1.0,809
30,hard,1.0,784
31,hard,1.0,803
32,hard,1.0,803
33,medium,1.0,782
34,medium,0.9962453066332916,799
35,hard,1.0,788
36,hard,1.0,813
37,hard,1.0,818
38,medium,1.0,800
39,medium,0.9899874843554443,799
40,hard,1.0,795
41,hard,1.0,793
42,easy,1.0,819
43,easy,1.0,814
44,easy,1.0,804
45,easy,1.0,804
46,easy,1.0,805
47,easy,1.0,775
48,easy,1.0,798
49,easy,1.0,792
50,easy,1.0,788
51,easy,1.0,786
52,easy,1.0,793
53,easy,1.0,784
54,easy,1.0,794
55,easy,1.0,787
56,easy,1.0,806
57,hard,1.0,785
58,easy,1.0,822
59,hard,1.0,767
60,hard,1.0,784
61,easy,1.0,809
62,hard,1.0,812
63,hard,1.0,795
64,easy,1.0,806
65,hard,1.0,780
66,medium,1.0,827
67,easy,1.0,801
68,medium,1.0,808
69,medium,1.0,780
70,medium,1.0,799
71,medium,1.0,800
72,medium,1.0,788
73,easy,1.0,804
74,hard,0.9950372208436724,806
75,easy,1.0,793
76,easy,1.0,800
77,easy,1.0,798
78,easy,1.0,795
79,easy,1.0,781
80,easy,1.0,796
81,medium,1.0,813
82,easy,1.0,799
83,medium,1.0,792
84,easy,1.0,795
85,easy,1.0,790
86,medium,1.0,789
87,medium,0.5129198966408268,774
88,easy,1.0,783
89,easy,1.0,791
90,medium,1.0,819
91,medium,1.0,809
92,hard,1.0,795
93,medium,0.6561712846347607,794
94,easy,1.0,794
95,medium,1.0,814
96,medium,0.97625,800
97,easy,1.0,810
98,hard,1.0,779
99,hard,1.0,790
100,easy,0.9630086313193588,811
101,hard,1.0,774
102,medium,1.0,802
103,medium,0.9834605597964376,786
104,easy,1.0,785
105,hard,1.0,785
106,hard,0.9290240811153359,789
107,hard,1.0,805
108,hard,1.0,796
109,medium,1.0,795
110,hard,1.0,806
111,hard,1.0,822
112,hard,1.0,801
113,hard,1.0,805
114,hard,1.0,802
115,hard,0.9886649874055415,794
116,hard,1.0,792
117,hard,1.0,818
118,hard,1.0,797
119,hard,1.0,797
120,hard,1.0,780
121,hard,1.0,794
122,hard,1.0,807
123,medium,1.0,805
124,medium,0.85359477124183,765
125,medium,1.0,803
126,hard,1.0,776
127,easy,0.5343511450381679,786
128,easy,0.9624530663329162,799
129,medium,1.0,794
130,medium,1.0,790
131,easy,0.9012987012987013,770
132,hard,1.0,793
133,hard,1.0,805
134,hard,1.0,790
135,hard,1.0,810
136,medium,1.0,805
137,medium,1.0,798
138,medium,1.0,816
139,medium,1.0,810
140,medium,1.0,803
141,easy,1.0,795
142,easy,1.0,808
143,easy,1.0,786
144,medium,1.0,799
145,medium,1.0,787
146,medium,1.0,809
147,easy,1.0,788
148,medium,0.99375,800
149,medium,0.5568039950062422,801
150,easy,1.0,775
151,medium,1.0,777
152,easy,1.0,803
153,easy,1.0,792
154,easy,1.0,784
155,easy,1.0,786
156,medium,1.0,781
157,easy,1.0,783
158,hard,1.0,812
159,easy,1.0,810
160,easy,1.0,804
161,easy,1.0,803
162,easy,1.0,808
163,medium,0.9901112484548825,809
164,medium,1.0,794
165,medium,1.0,800
166,easy,1.0,799
167,medium,1.0,801
168,easy,0.9939320388349514,824
169,medium,0.5199034981905911,829
170,easy,1.0,792
171,hard,1.0,815
172,hard,1.0,785
173,hard,1.0,830
174,hard,1.0,802
175,hard,1.0,811
176,hard,1.0,802
177,hard,1.0,804
178,hard,1.0,791
179,hard,1.0,800
180,medium,0.6446886446886447,819
181,hard,0.7484586929716399,811
182,hard,0.9701298701298702,770
183,hard,1.0,797
184,hard,1.0,787
185,hard,0.7026683608640406,787
186,medium,1.0,819
187,easy,1.0,791
188,medium,0.9872611464968153,785
189,hard,1.0,809
190,medium,1.0,800
191,medium,0.9541984732824428,786
192,easy,1.0,798
193,medium,1.0,788
194,medium,1.0,798
195,medium,0.9510939510939511,777
196,medium,1.0,778
197,medium,0.998745294855709,797
198,hard,0.6111817026683609,787
199,medium,0.7809762202753442,799
200,medium,1.0,800
201,medium,0.8200253485424588,789
202,hard,0.795,800
203,hard,0.7676143386897404,809
204,easy,1.0,773
205,easy,1.0,794
206,easy,1.0,776
207,easy,1.0,767
208,easy,1.0,785
209,easy,0.8385093167701864,805
210,easy,1.0,819
211,easy,1.0,805
212,easy,1.0,794
213,medium,0.7540777917189461,797
214,medium,1.0,789
215,easy,1.0,803
216,easy,1.0,806
217,easy,1.0,805
218,easy,0.8658385093167702,805
219,hard,1.0,799
220,easy,1.0,808
221,hard,1.0,809
222,medium,1.0,810
223,easy,1.0,807
224,medium,1.0,814
225,medium,1.0,803
226,easy,1.0,819
227,medium,0.9671132764920828,821
228,medium,1.0,786
229,medium,0.6055276381909548,796
230,hard,1.0,811
231,medium,1.0,802
232,easy,1.0,792
233,medium,1.0,813
234,hard,1.0,767
235,medium,1.0,801
236,hard,0.7109181141439206,806
237,hard,1.0,783
238,hard,0.9410288582183187,797
239,hard,1.0,801
240,hard,1.0,803
241,medium,0.9937810945273632,804
242,hard,1.0,800
243,hard,1.0,805
244,hard,1.0,806
245,medium,0.9923273657289002,782
246,hard,1.0,811
247,hard,1.0,799
248,medium,0.6084788029925187,802
249,hard,1.0,792
250,hard,1.0,814
251,medium,0.8621118012422361,805
252,hard,1.0,787
253,medium,1.0,792
254,easy,1.0,818
255,hard,1.0,790
256,hard,1.0,804
257,hard,1.0,789
258,hard,1.0,781
259,hard,1.0,840
260,hard,1.0,819
261,medium,1.0,810
262,hard,1.0,797
263,hard,1.0,804
264,hard,1.0,781
265,medium,1.0,779
266,medium,1.0,806
267,medium,0.9912935323383084,804
268,medium,1.0,823
269,easy,0.78125,800
270,hard,1.0,780
271,easy,1.0,809
272,medium,0.9250317662007624,787
273,easy,0.9241645244215938,778
274,easy,1.0,807
275,medium,1.0,799
276,medium,0.922882427307206,791
277,easy,1.0,791
278,medium,1.0,828
279,medium,1.0,790
280,easy,1.0,775
281,medium,0.986198243412798,797
282,hard,1.0,793
283,easy,1.0,806
284,medium,0.7940813810110974,811
285,medium,1.0,778
286,hard,1.0,797
287,medium,1.0,807
288,medium,1.0,809
289,medium,0.9987745098039216,816
290,medium,0.9720101781170484,786
291,medium,0.9711417816813049,797
292,easy,1.0,801
293,medium,1.0,785
294,medium,1.0,811
295,easy,1.0,780
296,easy,0.6971569839307787,809
