file_name,scene_phase,scene_id,phase_index,phase_name,difficulty,rpx_ds,scene_tier,scene_score,modalities_shown,source_shards,caption
images/rpx_easy_scene010_phase2.jpg,scene010.phase2,scene010,2,clean,easy,0.421333,hard,0.530692,"rgb, depth, masks",scenes/scene010/2/rgb.tar; scenes/scene010/2/depth.tar; scenes/scene010/2/labels/masks/v1.tar,"Video-layout preview still for scene010.phase2 (clean, easy, RPX-DS 0.421)."
images/rpx_easy_scene011_phase0.jpg,scene011.phase0,scene011,0,clutter,easy,0.365533,easy,0.355500,"rgb, depth, masks",scenes/scene011/0/rgb.tar; scenes/scene011/0/depth.tar; scenes/scene011/0/labels/masks/v1.tar,"Video-layout preview still for scene011.phase0 (clutter, easy, RPX-DS 0.366)."
images/rpx_easy_scene011_phase1.jpg,scene011.phase1,scene011,1,interaction,easy,0.350933,easy,0.355500,"rgb, depth, masks",scenes/scene011/1/rgb.tar; scenes/scene011/1/depth.tar; scenes/scene011/1/labels/masks/v1.tar,"Video-layout preview still for scene011.phase1 (interaction, easy, RPX-DS 0.351)."
images/rpx_easy_scene011_phase2.jpg,scene011.phase2,scene011,2,clean,easy,0.350033,easy,0.355500,"rgb, depth, masks",scenes/scene011/2/rgb.tar; scenes/scene011/2/depth.tar; scenes/scene011/2/labels/masks/v1.tar,"Video-layout preview still for scene011.phase2 (clean, easy, RPX-DS 0.350)."
images/rpx_easy_scene012_phase1.jpg,scene012.phase1,scene012,1,interaction,easy,0.286583,easy,0.422708,"rgb, depth, masks",scenes/scene012/1/rgb.tar; scenes/scene012/1/depth.tar; scenes/scene012/1/labels/masks/v1.tar,"Video-layout preview still for scene012.phase1 (interaction, easy, RPX-DS 0.287)."
images/rpx_easy_scene012_phase2.jpg,scene012.phase2,scene012,2,clean,easy,0.345783,easy,0.422708,"rgb, depth, masks",scenes/scene012/2/rgb.tar; scenes/scene012/2/depth.tar; scenes/scene012/2/labels/masks/v1.tar,"Video-layout preview still for scene012.phase2 (clean, easy, RPX-DS 0.346)."
images/rpx_easy_scene013_phase2.jpg,scene013.phase2,scene013,2,clean,easy,0.375533,easy,0.448228,"rgb, depth, masks",scenes/scene013/2/rgb.tar; scenes/scene013/2/depth.tar; scenes/scene013/2/labels/masks/v1.tar,"Video-layout preview still for scene013.phase2 (clean, easy, RPX-DS 0.376)."
images/rpx_easy_scene014_phase2.jpg,scene014.phase2,scene014,2,clean,easy,0.416883,medium,0.503586,"rgb, depth, masks",scenes/scene014/2/rgb.tar; scenes/scene014/2/depth.tar; scenes/scene014/2/labels/masks/v1.tar,"Video-layout preview still for scene014.phase2 (clean, easy, RPX-DS 0.417)."
images/rpx_easy_scene015_phase0.jpg,scene015.phase0,scene015,0,clutter,easy,0.286733,easy,0.339533,"rgb, depth, masks",scenes/scene015/0/rgb.tar; scenes/scene015/0/depth.tar; scenes/scene015/0/labels/masks/v1.tar,"Video-layout preview still for scene015.phase0 (clutter, easy, RPX-DS 0.287)."
images/rpx_easy_scene015_phase1.jpg,scene015.phase1,scene015,1,interaction,easy,0.351133,easy,0.339533,"rgb, depth, masks",scenes/scene015/1/rgb.tar; scenes/scene015/1/depth.tar; scenes/scene015/1/labels/masks/v1.tar,"Video-layout preview still for scene015.phase1 (interaction, easy, RPX-DS 0.351)."
images/rpx_easy_scene015_phase2.jpg,scene015.phase2,scene015,2,clean,easy,0.380733,easy,0.339533,"rgb, depth, masks",scenes/scene015/2/rgb.tar; scenes/scene015/2/depth.tar; scenes/scene015/2/labels/masks/v1.tar,"Video-layout preview still for scene015.phase2 (clean, easy, RPX-DS 0.381)."
images/rpx_easy_scene016_phase2.jpg,scene016.phase2,scene016,2,clean,easy,0.440233,hard,0.542942,"rgb, depth, masks",scenes/scene016/2/rgb.tar; scenes/scene016/2/depth.tar; scenes/scene016/2/labels/masks/v1.tar,"Video-layout preview still for scene016.phase2 (clean, easy, RPX-DS 0.440)."
images/rpx_easy_scene017_phase1.jpg,scene017.phase1,scene017,1,interaction,easy,0.378933,medium,0.529922,"rgb, depth, masks",scenes/scene017/1/rgb.tar; scenes/scene017/1/depth.tar; scenes/scene017/1/labels/masks/v1.tar,"Video-layout preview still for scene017.phase1 (interaction, easy, RPX-DS 0.379)."
images/rpx_easy_scene019_phase0.jpg,scene019.phase0,scene019,0,clutter,easy,0.434183,hard,0.557081,"rgb, depth, masks",scenes/scene019/0/rgb.tar; scenes/scene019/0/depth.tar; scenes/scene019/0/labels/masks/v1.tar,"Video-layout preview still for scene019.phase0 (clutter, easy, RPX-DS 0.434)."
images/rpx_easy_scene021_phase1.jpg,scene021.phase1,scene021,1,interaction,easy,0.431925,medium,0.481681,"rgb, depth, masks",scenes/scene021/1/rgb.tar; scenes/scene021/1/depth.tar; scenes/scene021/1/labels/masks/v1.tar,"Video-layout preview still for scene021.phase1 (interaction, easy, RPX-DS 0.432)."
images/rpx_easy_scene022_phase0.jpg,scene022.phase0,scene022,0,clutter,easy,0.301733,easy,0.291817,"rgb, depth, masks",scenes/scene022/0/rgb.tar; scenes/scene022/0/depth.tar; scenes/scene022/0/labels/masks/v1.tar,"Video-layout preview still for scene022.phase0 (clutter, easy, RPX-DS 0.302)."
images/rpx_easy_scene022_phase1.jpg,scene022.phase1,scene022,1,interaction,easy,0.291983,easy,0.291817,"rgb, depth, masks",scenes/scene022/1/rgb.tar; scenes/scene022/1/depth.tar; scenes/scene022/1/labels/masks/v1.tar,"Video-layout preview still for scene022.phase1 (interaction, easy, RPX-DS 0.292)."
images/rpx_easy_scene022_phase2.jpg,scene022.phase2,scene022,2,clean,easy,0.281733,easy,0.291817,"rgb, depth, masks",scenes/scene022/2/rgb.tar; scenes/scene022/2/depth.tar; scenes/scene022/2/labels/masks/v1.tar,"Video-layout preview still for scene022.phase2 (clean, easy, RPX-DS 0.282)."
images/rpx_easy_scene023_phase1.jpg,scene023.phase1,scene023,1,interaction,easy,0.359450,easy,0.421014,"rgb, depth, masks",scenes/scene023/1/rgb.tar; scenes/scene023/1/depth.tar; scenes/scene023/1/labels/masks/v1.tar,"Video-layout preview still for scene023.phase1 (interaction, easy, RPX-DS 0.359)."
images/rpx_easy_scene023_phase2.jpg,scene023.phase2,scene023,2,clean,easy,0.423408,easy,0.421014,"rgb, depth, masks",scenes/scene023/2/rgb.tar; scenes/scene023/2/depth.tar; scenes/scene023/2/labels/masks/v1.tar,"Video-layout preview still for scene023.phase2 (clean, easy, RPX-DS 0.423)."
images/rpx_easy_scene024_phase1.jpg,scene024.phase1,scene024,1,interaction,easy,0.318133,easy,0.412094,"rgb, depth, masks",scenes/scene024/1/rgb.tar; scenes/scene024/1/depth.tar; scenes/scene024/1/labels/masks/v1.tar,"Video-layout preview still for scene024.phase1 (interaction, easy, RPX-DS 0.318)."
images/rpx_easy_scene025_phase1.jpg,scene025.phase1,scene025,1,interaction,easy,0.428242,medium,0.466844,"rgb, depth, masks",scenes/scene025/1/rgb.tar; scenes/scene025/1/depth.tar; scenes/scene025/1/labels/masks/v1.tar,"Video-layout preview still for scene025.phase1 (interaction, easy, RPX-DS 0.428)."
images/rpx_easy_scene025_phase2.jpg,scene025.phase2,scene025,2,clean,easy,0.443317,medium,0.466844,"rgb, depth, masks",scenes/scene025/2/rgb.tar; scenes/scene025/2/depth.tar; scenes/scene025/2/labels/masks/v1.tar,"Video-layout preview still for scene025.phase2 (clean, easy, RPX-DS 0.443)."
images/rpx_easy_scene026_phase1.jpg,scene026.phase1,scene026,1,interaction,easy,0.367933,easy,0.456700,"rgb, depth, masks",scenes/scene026/1/rgb.tar; scenes/scene026/1/depth.tar; scenes/scene026/1/labels/masks/v1.tar,"Video-layout preview still for scene026.phase1 (interaction, easy, RPX-DS 0.368)."
images/rpx_easy_scene027_phase1.jpg,scene027.phase1,scene027,1,interaction,easy,0.394333,hard,0.544003,"rgb, depth, masks",scenes/scene027/1/rgb.tar; scenes/scene027/1/depth.tar; scenes/scene027/1/labels/masks/v1.tar,"Video-layout preview still for scene027.phase1 (interaction, easy, RPX-DS 0.394)."
images/rpx_easy_scene028_phase1.jpg,scene028.phase1,scene028,1,interaction,easy,0.382133,medium,0.500117,"rgb, depth, masks",scenes/scene028/1/rgb.tar; scenes/scene028/1/depth.tar; scenes/scene028/1/labels/masks/v1.tar,"Video-layout preview still for scene028.phase1 (interaction, easy, RPX-DS 0.382)."
images/rpx_easy_scene029_phase0.jpg,scene029.phase0,scene029,0,clutter,easy,0.435033,easy,0.413000,"rgb, depth, masks",scenes/scene029/0/rgb.tar; scenes/scene029/0/depth.tar; scenes/scene029/0/labels/masks/v1.tar,"Video-layout preview still for scene029.phase0 (clutter, easy, RPX-DS 0.435)."
images/rpx_easy_scene029_phase1.jpg,scene029.phase1,scene029,1,interaction,easy,0.339533,easy,0.413000,"rgb, depth, masks",scenes/scene029/1/rgb.tar; scenes/scene029/1/depth.tar; scenes/scene029/1/labels/masks/v1.tar,"Video-layout preview still for scene029.phase1 (interaction, easy, RPX-DS 0.340)."
images/rpx_easy_scene030_phase1.jpg,scene030.phase1,scene030,1,interaction,easy,0.356233,easy,0.432950,"rgb, depth, masks",scenes/scene030/1/rgb.tar; scenes/scene030/1/depth.tar; scenes/scene030/1/labels/masks/v1.tar,"Video-layout preview still for scene030.phase1 (interaction, easy, RPX-DS 0.356)."
images/rpx_easy_scene031_phase0.jpg,scene031.phase0,scene031,0,clutter,easy,0.400333,easy,0.363217,"rgb, depth, masks",scenes/scene031/0/rgb.tar; scenes/scene031/0/depth.tar; scenes/scene031/0/labels/masks/v1.tar,"Video-layout preview still for scene031.phase0 (clutter, easy, RPX-DS 0.400)."
images/rpx_easy_scene031_phase1.jpg,scene031.phase1,scene031,1,interaction,easy,0.332283,easy,0.363217,"rgb, depth, masks",scenes/scene031/1/rgb.tar; scenes/scene031/1/depth.tar; scenes/scene031/1/labels/masks/v1.tar,"Video-layout preview still for scene031.phase1 (interaction, easy, RPX-DS 0.332)."
images/rpx_easy_scene031_phase2.jpg,scene031.phase2,scene031,2,clean,easy,0.357033,easy,0.363217,"rgb, depth, masks",scenes/scene031/2/rgb.tar; scenes/scene031/2/depth.tar; scenes/scene031/2/labels/masks/v1.tar,"Video-layout preview still for scene031.phase2 (clean, easy, RPX-DS 0.357)."
images/rpx_easy_scene032_phase0.jpg,scene032.phase0,scene032,0,clutter,easy,0.363383,easy,0.382250,"rgb, depth, masks",scenes/scene032/0/rgb.tar; scenes/scene032/0/depth.tar; scenes/scene032/0/labels/masks/v1.tar,"Video-layout preview still for scene032.phase0 (clutter, easy, RPX-DS 0.363)."
images/rpx_easy_scene032_phase1.jpg,scene032.phase1,scene032,1,interaction,easy,0.423733,easy,0.382250,"rgb, depth, masks",scenes/scene032/1/rgb.tar; scenes/scene032/1/depth.tar; scenes/scene032/1/labels/masks/v1.tar,"Video-layout preview still for scene032.phase1 (interaction, easy, RPX-DS 0.424)."
images/rpx_easy_scene032_phase2.jpg,scene032.phase2,scene032,2,clean,easy,0.359633,easy,0.382250,"rgb, depth, masks",scenes/scene032/2/rgb.tar; scenes/scene032/2/depth.tar; scenes/scene032/2/labels/masks/v1.tar,"Video-layout preview still for scene032.phase2 (clean, easy, RPX-DS 0.360)."
images/rpx_easy_scene034_phase0.jpg,scene034.phase0,scene034,0,clutter,easy,0.437067,easy,0.431028,"rgb, depth, masks",scenes/scene034/0/rgb.tar; scenes/scene034/0/depth.tar; scenes/scene034/0/labels/masks/v1.tar,"Video-layout preview still for scene034.phase0 (clutter, easy, RPX-DS 0.437)."
images/rpx_easy_scene034_phase1.jpg,scene034.phase1,scene034,1,interaction,easy,0.335633,easy,0.431028,"rgb, depth, masks",scenes/scene034/1/rgb.tar; scenes/scene034/1/depth.tar; scenes/scene034/1/labels/masks/v1.tar,"Video-layout preview still for scene034.phase1 (interaction, easy, RPX-DS 0.336)."
images/rpx_easy_scene035_phase1.jpg,scene035.phase1,scene035,1,interaction,easy,0.387975,easy,0.414164,"rgb, depth, masks",scenes/scene035/1/rgb.tar; scenes/scene035/1/depth.tar; scenes/scene035/1/labels/masks/v1.tar,"Video-layout preview still for scene035.phase1 (interaction, easy, RPX-DS 0.388)."
images/rpx_easy_scene035_phase2.jpg,scene035.phase2,scene035,2,clean,easy,0.339733,easy,0.414164,"rgb, depth, masks",scenes/scene035/2/rgb.tar; scenes/scene035/2/depth.tar; scenes/scene035/2/labels/masks/v1.tar,"Video-layout preview still for scene035.phase2 (clean, easy, RPX-DS 0.340)."
images/rpx_easy_scene036_phase0.jpg,scene036.phase0,scene036,0,clutter,easy,0.427183,medium,0.492242,"rgb, depth, masks",scenes/scene036/0/rgb.tar; scenes/scene036/0/depth.tar; scenes/scene036/0/labels/masks/v1.tar,"Video-layout preview still for scene036.phase0 (clutter, easy, RPX-DS 0.427)."
images/rpx_easy_scene036_phase1.jpg,scene036.phase1,scene036,1,interaction,easy,0.423883,medium,0.492242,"rgb, depth, masks",scenes/scene036/1/rgb.tar; scenes/scene036/1/depth.tar; scenes/scene036/1/labels/masks/v1.tar,"Video-layout preview still for scene036.phase1 (interaction, easy, RPX-DS 0.424)."
images/rpx_easy_scene037_phase1.jpg,scene037.phase1,scene037,1,interaction,easy,0.379133,easy,0.448586,"rgb, depth, masks",scenes/scene037/1/rgb.tar; scenes/scene037/1/depth.tar; scenes/scene037/1/labels/masks/v1.tar,"Video-layout preview still for scene037.phase1 (interaction, easy, RPX-DS 0.379)."
images/rpx_easy_scene037_phase2.jpg,scene037.phase2,scene037,2,clean,easy,0.429333,easy,0.448586,"rgb, depth, masks",scenes/scene037/2/rgb.tar; scenes/scene037/2/depth.tar; scenes/scene037/2/labels/masks/v1.tar,"Video-layout preview still for scene037.phase2 (clean, easy, RPX-DS 0.429)."
images/rpx_easy_scene038_phase0.jpg,scene038.phase0,scene038,0,clutter,easy,0.416433,easy,0.453461,"rgb, depth, masks",scenes/scene038/0/rgb.tar; scenes/scene038/0/depth.tar; scenes/scene038/0/labels/masks/v1.tar,"Video-layout preview still for scene038.phase0 (clutter, easy, RPX-DS 0.416)."
images/rpx_easy_scene038_phase1.jpg,scene038.phase1,scene038,1,interaction,easy,0.379833,easy,0.453461,"rgb, depth, masks",scenes/scene038/1/rgb.tar; scenes/scene038/1/depth.tar; scenes/scene038/1/labels/masks/v1.tar,"Video-layout preview still for scene038.phase1 (interaction, easy, RPX-DS 0.380)."
images/rpx_easy_scene004_phase0.jpg,scene004.phase0,scene004,0,clutter,easy,0.433933,easy,0.459281,"rgb, depth, masks",scenes/scene004/0/rgb.tar; scenes/scene004/0/depth.tar; scenes/scene004/0/labels/masks/v1.tar,"Video-layout preview still for scene004.phase0 (clutter, easy, RPX-DS 0.434)."
images/rpx_easy_scene004_phase2.jpg,scene004.phase2,scene004,2,clean,easy,0.392333,easy,0.459281,"rgb, depth, masks",scenes/scene004/2/rgb.tar; scenes/scene004/2/depth.tar; scenes/scene004/2/labels/masks/v1.tar,"Video-layout preview still for scene004.phase2 (clean, easy, RPX-DS 0.392)."
images/rpx_easy_scene047_phase2.jpg,scene047.phase2,scene047,2,clean,easy,0.407633,medium,0.503744,"rgb, depth, masks",scenes/scene047/2/rgb.tar; scenes/scene047/2/depth.tar; scenes/scene047/2/labels/masks/v1.tar,"Video-layout preview still for scene047.phase2 (clean, easy, RPX-DS 0.408)."
images/rpx_easy_scene048_phase2.jpg,scene048.phase2,scene048,2,clean,easy,0.408533,medium,0.496181,"rgb, depth, masks",scenes/scene048/2/rgb.tar; scenes/scene048/2/depth.tar; scenes/scene048/2/labels/masks/v1.tar,"Video-layout preview still for scene048.phase2 (clean, easy, RPX-DS 0.409)."
images/rpx_easy_scene051_phase0.jpg,scene051.phase0,scene051,0,clutter,easy,0.403100,easy,0.426236,"rgb, depth, masks",scenes/scene051/0/rgb.tar; scenes/scene051/0/depth.tar; scenes/scene051/0/labels/masks/v1.tar,"Video-layout preview still for scene051.phase0 (clutter, easy, RPX-DS 0.403)."
images/rpx_easy_scene051_phase1.jpg,scene051.phase1,scene051,1,interaction,easy,0.433675,easy,0.426236,"rgb, depth, masks",scenes/scene051/1/rgb.tar; scenes/scene051/1/depth.tar; scenes/scene051/1/labels/masks/v1.tar,"Video-layout preview still for scene051.phase1 (interaction, easy, RPX-DS 0.434)."
images/rpx_easy_scene051_phase2.jpg,scene051.phase2,scene051,2,clean,easy,0.441933,easy,0.426236,"rgb, depth, masks",scenes/scene051/2/rgb.tar; scenes/scene051/2/depth.tar; scenes/scene051/2/labels/masks/v1.tar,"Video-layout preview still for scene051.phase2 (clean, easy, RPX-DS 0.442)."
images/rpx_easy_scene053_phase0.jpg,scene053.phase0,scene053,0,clutter,easy,0.377983,easy,0.421325,"rgb, depth, masks",scenes/scene053/0/rgb.tar; scenes/scene053/0/depth.tar; scenes/scene053/0/labels/masks/v1.tar,"Video-layout preview still for scene053.phase0 (clutter, easy, RPX-DS 0.378)."
images/rpx_easy_scene053_phase2.jpg,scene053.phase2,scene053,2,clean,easy,0.410733,easy,0.421325,"rgb, depth, masks",scenes/scene053/2/rgb.tar; scenes/scene053/2/depth.tar; scenes/scene053/2/labels/masks/v1.tar,"Video-layout preview still for scene053.phase2 (clean, easy, RPX-DS 0.411)."
images/rpx_easy_scene054_phase0.jpg,scene054.phase0,scene054,0,clutter,easy,0.405267,easy,0.407875,"rgb, depth, masks",scenes/scene054/0/rgb.tar; scenes/scene054/0/depth.tar; scenes/scene054/0/labels/masks/v1.tar,"Video-layout preview still for scene054.phase0 (clutter, easy, RPX-DS 0.405)."
images/rpx_easy_scene054_phase2.jpg,scene054.phase2,scene054,2,clean,easy,0.349233,easy,0.407875,"rgb, depth, masks",scenes/scene054/2/rgb.tar; scenes/scene054/2/depth.tar; scenes/scene054/2/labels/masks/v1.tar,"Video-layout preview still for scene054.phase2 (clean, easy, RPX-DS 0.349)."
images/rpx_easy_scene055_phase0.jpg,scene055.phase0,scene055,0,clutter,easy,0.358183,easy,0.403175,"rgb, depth, masks",scenes/scene055/0/rgb.tar; scenes/scene055/0/depth.tar; scenes/scene055/0/labels/masks/v1.tar,"Video-layout preview still for scene055.phase0 (clutter, easy, RPX-DS 0.358)."
images/rpx_easy_scene055_phase1.jpg,scene055.phase1,scene055,1,interaction,easy,0.426633,easy,0.403175,"rgb, depth, masks",scenes/scene055/1/rgb.tar; scenes/scene055/1/depth.tar; scenes/scene055/1/labels/masks/v1.tar,"Video-layout preview still for scene055.phase1 (interaction, easy, RPX-DS 0.427)."
images/rpx_easy_scene055_phase2.jpg,scene055.phase2,scene055,2,clean,easy,0.424708,easy,0.403175,"rgb, depth, masks",scenes/scene055/2/rgb.tar; scenes/scene055/2/depth.tar; scenes/scene055/2/labels/masks/v1.tar,"Video-layout preview still for scene055.phase2 (clean, easy, RPX-DS 0.425)."
images/rpx_easy_scene056_phase1.jpg,scene056.phase1,scene056,1,interaction,easy,0.357083,medium,0.474803,"rgb, depth, masks",scenes/scene056/1/rgb.tar; scenes/scene056/1/depth.tar; scenes/scene056/1/labels/masks/v1.tar,"Video-layout preview still for scene056.phase1 (interaction, easy, RPX-DS 0.357)."
images/rpx_easy_scene057_phase0.jpg,scene057.phase0,scene057,0,clutter,easy,0.425167,easy,0.414489,"rgb, depth, masks",scenes/scene057/0/rgb.tar; scenes/scene057/0/depth.tar; scenes/scene057/0/labels/masks/v1.tar,"Video-layout preview still for scene057.phase0 (clutter, easy, RPX-DS 0.425)."
images/rpx_easy_scene057_phase1.jpg,scene057.phase1,scene057,1,interaction,easy,0.420167,easy,0.414489,"rgb, depth, masks",scenes/scene057/1/rgb.tar; scenes/scene057/1/depth.tar; scenes/scene057/1/labels/masks/v1.tar,"Video-layout preview still for scene057.phase1 (interaction, easy, RPX-DS 0.420)."
images/rpx_easy_scene057_phase2.jpg,scene057.phase2,scene057,2,clean,easy,0.398133,easy,0.414489,"rgb, depth, masks",scenes/scene057/2/rgb.tar; scenes/scene057/2/depth.tar; scenes/scene057/2/labels/masks/v1.tar,"Video-layout preview still for scene057.phase2 (clean, easy, RPX-DS 0.398)."
images/rpx_easy_scene058_phase2.jpg,scene058.phase2,scene058,2,clean,easy,0.415233,medium,0.509889,"rgb, depth, masks",scenes/scene058/2/rgb.tar; scenes/scene058/2/depth.tar; scenes/scene058/2/labels/masks/v1.tar,"Video-layout preview still for scene058.phase2 (clean, easy, RPX-DS 0.415)."
images/rpx_easy_scene059_phase0.jpg,scene059.phase0,scene059,0,clutter,easy,0.395333,easy,0.427314,"rgb, depth, masks",scenes/scene059/0/rgb.tar; scenes/scene059/0/depth.tar; scenes/scene059/0/labels/masks/v1.tar,"Video-layout preview still for scene059.phase0 (clutter, easy, RPX-DS 0.395)."
images/rpx_easy_scene059_phase2.jpg,scene059.phase2,scene059,2,clean,easy,0.422133,easy,0.427314,"rgb, depth, masks",scenes/scene059/2/rgb.tar; scenes/scene059/2/depth.tar; scenes/scene059/2/labels/masks/v1.tar,"Video-layout preview still for scene059.phase2 (clean, easy, RPX-DS 0.422)."
images/rpx_easy_scene006_phase1.jpg,scene006.phase1,scene006,1,interaction,easy,0.415050,medium,0.489561,"rgb, depth, masks",scenes/scene006/1/rgb.tar; scenes/scene006/1/depth.tar; scenes/scene006/1/labels/masks/v1.tar,"Video-layout preview still for scene006.phase1 (interaction, easy, RPX-DS 0.415)."
images/rpx_easy_scene060_phase0.jpg,scene060.phase0,scene060,0,clutter,easy,0.405633,easy,0.418358,"rgb, depth, masks",scenes/scene060/0/rgb.tar; scenes/scene060/0/depth.tar; scenes/scene060/0/labels/masks/v1.tar,"Video-layout preview still for scene060.phase0 (clutter, easy, RPX-DS 0.406)."
images/rpx_easy_scene060_phase2.jpg,scene060.phase2,scene060,2,clean,easy,0.383633,easy,0.418358,"rgb, depth, masks",scenes/scene060/2/rgb.tar; scenes/scene060/2/depth.tar; scenes/scene060/2/labels/masks/v1.tar,"Video-layout preview still for scene060.phase2 (clean, easy, RPX-DS 0.384)."
images/rpx_easy_scene066_phase0.jpg,scene066.phase0,scene066,0,clutter,easy,0.432083,easy,0.431617,"rgb, depth, masks",scenes/scene066/0/rgb.tar; scenes/scene066/0/depth.tar; scenes/scene066/0/labels/masks/v1.tar,"Video-layout preview still for scene066.phase0 (clutter, easy, RPX-DS 0.432)."
images/rpx_easy_scene066_phase1.jpg,scene066.phase1,scene066,1,interaction,easy,0.397733,easy,0.431617,"rgb, depth, masks",scenes/scene066/1/rgb.tar; scenes/scene066/1/depth.tar; scenes/scene066/1/labels/masks/v1.tar,"Video-layout preview still for scene066.phase1 (interaction, easy, RPX-DS 0.398)."
images/rpx_easy_scene068_phase0.jpg,scene068.phase0,scene068,0,clutter,easy,0.392533,easy,0.424100,"rgb, depth, masks",scenes/scene068/0/rgb.tar; scenes/scene068/0/depth.tar; scenes/scene068/0/labels/masks/v1.tar,"Video-layout preview still for scene068.phase0 (clutter, easy, RPX-DS 0.393)."
images/rpx_easy_scene068_phase2.jpg,scene068.phase2,scene068,2,clean,easy,0.436133,easy,0.424100,"rgb, depth, masks",scenes/scene068/2/rgb.tar; scenes/scene068/2/depth.tar; scenes/scene068/2/labels/masks/v1.tar,"Video-layout preview still for scene068.phase2 (clean, easy, RPX-DS 0.436)."
images/rpx_easy_scene069_phase0.jpg,scene069.phase0,scene069,0,clutter,easy,0.415983,medium,0.465783,"rgb, depth, masks",scenes/scene069/0/rgb.tar; scenes/scene069/0/depth.tar; scenes/scene069/0/labels/masks/v1.tar,"Video-layout preview still for scene069.phase0 (clutter, easy, RPX-DS 0.416)."
images/rpx_easy_scene069_phase1.jpg,scene069.phase1,scene069,1,interaction,easy,0.422533,medium,0.465783,"rgb, depth, masks",scenes/scene069/1/rgb.tar; scenes/scene069/1/depth.tar; scenes/scene069/1/labels/masks/v1.tar,"Video-layout preview still for scene069.phase1 (interaction, easy, RPX-DS 0.423)."
images/rpx_easy_scene070_phase0.jpg,scene070.phase0,scene070,0,clutter,easy,0.413383,medium,0.512422,"rgb, depth, masks",scenes/scene070/0/rgb.tar; scenes/scene070/0/depth.tar; scenes/scene070/0/labels/masks/v1.tar,"Video-layout preview still for scene070.phase0 (clutter, easy, RPX-DS 0.413)."
images/rpx_easy_scene071_phase0.jpg,scene071.phase0,scene071,0,clutter,easy,0.438075,easy,0.383097,"rgb, depth, masks",scenes/scene071/0/rgb.tar; scenes/scene071/0/depth.tar; scenes/scene071/0/labels/masks/v1.tar,"Video-layout preview still for scene071.phase0 (clutter, easy, RPX-DS 0.438)."
images/rpx_easy_scene071_phase1.jpg,scene071.phase1,scene071,1,interaction,easy,0.381383,easy,0.383097,"rgb, depth, masks",scenes/scene071/1/rgb.tar; scenes/scene071/1/depth.tar; scenes/scene071/1/labels/masks/v1.tar,"Video-layout preview still for scene071.phase1 (interaction, easy, RPX-DS 0.381)."
images/rpx_easy_scene071_phase2.jpg,scene071.phase2,scene071,2,clean,easy,0.329833,easy,0.383097,"rgb, depth, masks",scenes/scene071/2/rgb.tar; scenes/scene071/2/depth.tar; scenes/scene071/2/labels/masks/v1.tar,"Video-layout preview still for scene071.phase2 (clean, easy, RPX-DS 0.330)."
images/rpx_easy_scene072_phase0.jpg,scene072.phase0,scene072,0,clutter,easy,0.415583,medium,0.481444,"rgb, depth, masks",scenes/scene072/0/rgb.tar; scenes/scene072/0/depth.tar; scenes/scene072/0/labels/masks/v1.tar,"Video-layout preview still for scene072.phase0 (clutter, easy, RPX-DS 0.416)."
images/rpx_easy_scene073_phase2.jpg,scene073.phase2,scene073,2,clean,easy,0.430817,easy,0.460828,"rgb, depth, masks",scenes/scene073/2/rgb.tar; scenes/scene073/2/depth.tar; scenes/scene073/2/labels/masks/v1.tar,"Video-layout preview still for scene073.phase2 (clean, easy, RPX-DS 0.431)."
images/rpx_easy_scene075_phase0.jpg,scene075.phase0,scene075,0,clutter,easy,0.324933,easy,0.368833,"rgb, depth, masks",scenes/scene075/0/rgb.tar; scenes/scene075/0/depth.tar; scenes/scene075/0/labels/masks/v1.tar,"Video-layout preview still for scene075.phase0 (clutter, easy, RPX-DS 0.325)."
images/rpx_easy_scene075_phase1.jpg,scene075.phase1,scene075,1,interaction,easy,0.372833,easy,0.368833,"rgb, depth, masks",scenes/scene075/1/rgb.tar; scenes/scene075/1/depth.tar; scenes/scene075/1/labels/masks/v1.tar,"Video-layout preview still for scene075.phase1 (interaction, easy, RPX-DS 0.373)."
images/rpx_easy_scene075_phase2.jpg,scene075.phase2,scene075,2,clean,easy,0.408733,easy,0.368833,"rgb, depth, masks",scenes/scene075/2/rgb.tar; scenes/scene075/2/depth.tar; scenes/scene075/2/labels/masks/v1.tar,"Video-layout preview still for scene075.phase2 (clean, easy, RPX-DS 0.409)."
images/rpx_easy_scene077_phase2.jpg,scene077.phase2,scene077,2,clean,easy,0.426033,medium,0.461872,"rgb, depth, masks",scenes/scene077/2/rgb.tar; scenes/scene077/2/depth.tar; scenes/scene077/2/labels/masks/v1.tar,"Video-layout preview still for scene077.phase2 (clean, easy, RPX-DS 0.426)."
images/rpx_easy_scene008_phase1.jpg,scene008.phase1,scene008,1,interaction,easy,0.331933,easy,0.432639,"rgb, depth, masks",scenes/scene008/1/rgb.tar; scenes/scene008/1/depth.tar; scenes/scene008/1/labels/masks/v1.tar,"Video-layout preview still for scene008.phase1 (interaction, easy, RPX-DS 0.332)."
images/rpx_easy_scene008_phase2.jpg,scene008.phase2,scene008,2,clean,easy,0.426333,easy,0.432639,"rgb, depth, masks",scenes/scene008/2/rgb.tar; scenes/scene008/2/depth.tar; scenes/scene008/2/labels/masks/v1.tar,"Video-layout preview still for scene008.phase2 (clean, easy, RPX-DS 0.426)."
images/rpx_easy_scene086_phase2.jpg,scene086.phase2,scene086,2,clean,easy,0.383733,medium,0.500372,"rgb, depth, masks",scenes/scene086/2/rgb.tar; scenes/scene086/2/depth.tar; scenes/scene086/2/labels/masks/v1.tar,"Video-layout preview still for scene086.phase2 (clean, easy, RPX-DS 0.384)."
images/rpx_easy_scene009_phase2.jpg,scene009.phase2,scene009,2,clean,easy,0.431533,medium,0.529517,"rgb, depth, masks",scenes/scene009/2/rgb.tar; scenes/scene009/2/depth.tar; scenes/scene009/2/labels/masks/v1.tar,"Video-layout preview still for scene009.phase2 (clean, easy, RPX-DS 0.432)."
images/rpx_easy_scene090_phase1.jpg,scene090.phase1,scene090,1,interaction,easy,0.432183,medium,0.464608,"rgb, depth, masks",scenes/scene090/1/rgb.tar; scenes/scene090/1/depth.tar; scenes/scene090/1/labels/masks/v1.tar,"Video-layout preview still for scene090.phase1 (interaction, easy, RPX-DS 0.432)."
images/rpx_easy_scene090_phase2.jpg,scene090.phase2,scene090,2,clean,easy,0.409433,medium,0.464608,"rgb, depth, masks",scenes/scene090/2/rgb.tar; scenes/scene090/2/depth.tar; scenes/scene090/2/labels/masks/v1.tar,"Video-layout preview still for scene090.phase2 (clean, easy, RPX-DS 0.409)."
images/rpx_easy_scene091_phase1.jpg,scene091.phase1,scene091,1,interaction,easy,0.372442,medium,0.513653,"rgb, depth, masks",scenes/scene091/1/rgb.tar; scenes/scene091/1/depth.tar; scenes/scene091/1/labels/masks/v1.tar,"Video-layout preview still for scene091.phase1 (interaction, easy, RPX-DS 0.372)."
images/rpx_easy_scene092_phase0.jpg,scene092.phase0,scene092,0,clutter,easy,0.406483,easy,0.406911,"rgb, depth, masks",scenes/scene092/0/rgb.tar; scenes/scene092/0/depth.tar; scenes/scene092/0/labels/masks/v1.tar,"Video-layout preview still for scene092.phase0 (clutter, easy, RPX-DS 0.406)."
images/rpx_easy_scene092_phase1.jpg,scene092.phase1,scene092,1,interaction,easy,0.355017,easy,0.406911,"rgb, depth, masks",scenes/scene092/1/rgb.tar; scenes/scene092/1/depth.tar; scenes/scene092/1/labels/masks/v1.tar,"Video-layout preview still for scene092.phase1 (interaction, easy, RPX-DS 0.355)."
images/rpx_easy_scene093_phase0.jpg,scene093.phase0,scene093,0,clutter,easy,0.414733,easy,0.419153,"rgb, depth, masks",scenes/scene093/0/rgb.tar; scenes/scene093/0/depth.tar; scenes/scene093/0/labels/masks/v1.tar,"Video-layout preview still for scene093.phase0 (clutter, easy, RPX-DS 0.415)."
images/rpx_easy_scene093_phase1.jpg,scene093.phase1,scene093,1,interaction,easy,0.418192,easy,0.419153,"rgb, depth, masks",scenes/scene093/1/rgb.tar; scenes/scene093/1/depth.tar; scenes/scene093/1/labels/masks/v1.tar,"Video-layout preview still for scene093.phase1 (interaction, easy, RPX-DS 0.418)."
images/rpx_easy_scene093_phase2.jpg,scene093.phase2,scene093,2,clean,easy,0.424533,easy,0.419153,"rgb, depth, masks",scenes/scene093/2/rgb.tar; scenes/scene093/2/depth.tar; scenes/scene093/2/labels/masks/v1.tar,"Video-layout preview still for scene093.phase2 (clean, easy, RPX-DS 0.425)."
images/rpx_easy_scene094_phase1.jpg,scene094.phase1,scene094,1,interaction,easy,0.278883,easy,0.450914,"rgb, depth, masks",scenes/scene094/1/rgb.tar; scenes/scene094/1/depth.tar; scenes/scene094/1/labels/masks/v1.tar,"Video-layout preview still for scene094.phase1 (interaction, easy, RPX-DS 0.279)."
images/rpx_easy_scene095_phase1.jpg,scene095.phase1,scene095,1,interaction,easy,0.438308,hard,0.536622,"rgb, depth, masks",scenes/scene095/1/rgb.tar; scenes/scene095/1/depth.tar; scenes/scene095/1/labels/masks/v1.tar,"Video-layout preview still for scene095.phase1 (interaction, easy, RPX-DS 0.438)."
images/rpx_easy_scene097_phase2.jpg,scene097.phase2,scene097,2,clean,easy,0.415133,medium,0.485528,"rgb, depth, masks",scenes/scene097/2/rgb.tar; scenes/scene097/2/depth.tar; scenes/scene097/2/labels/masks/v1.tar,"Video-layout preview still for scene097.phase2 (clean, easy, RPX-DS 0.415)."
images/rpx_medium_scene100_phase0.jpg,scene100.phase0,scene100,0,clutter,medium,0.501967,medium,0.523358,"rgb, depth, masks",scenes/scene100/0/rgb.tar; scenes/scene100/0/depth.tar; scenes/scene100/0/labels/masks/v1.tar,"Video-layout preview still for scene100.phase0 (clutter, medium, RPX-DS 0.502)."
images/rpx_medium_scene100_phase1.jpg,scene100.phase1,scene100,1,interaction,medium,0.529750,medium,0.523358,"rgb, depth, masks",scenes/scene100/1/rgb.tar; scenes/scene100/1/depth.tar; scenes/scene100/1/labels/masks/v1.tar,"Video-layout preview still for scene100.phase1 (interaction, medium, RPX-DS 0.530)."
images/rpx_medium_scene100_phase2.jpg,scene100.phase2,scene100,2,clean,medium,0.538358,medium,0.523358,"rgb, depth, masks",scenes/scene100/2/rgb.tar; scenes/scene100/2/depth.tar; scenes/scene100/2/labels/masks/v1.tar,"Video-layout preview still for scene100.phase2 (clean, medium, RPX-DS 0.538)."
images/rpx_medium_scene013_phase0.jpg,scene013.phase0,scene013,0,clutter,medium,0.496267,easy,0.448228,"rgb, depth, masks",scenes/scene013/0/rgb.tar; scenes/scene013/0/depth.tar; scenes/scene013/0/labels/masks/v1.tar,"Video-layout preview still for scene013.phase0 (clutter, medium, RPX-DS 0.496)."
images/rpx_medium_scene013_phase1.jpg,scene013.phase1,scene013,1,interaction,medium,0.472883,easy,0.448228,"rgb, depth, masks",scenes/scene013/1/rgb.tar; scenes/scene013/1/depth.tar; scenes/scene013/1/labels/masks/v1.tar,"Video-layout preview still for scene013.phase1 (interaction, medium, RPX-DS 0.473)."
images/rpx_medium_scene014_phase1.jpg,scene014.phase1,scene014,1,interaction,medium,0.492500,medium,0.503586,"rgb, depth, masks",scenes/scene014/1/rgb.tar; scenes/scene014/1/depth.tar; scenes/scene014/1/labels/masks/v1.tar,"Video-layout preview still for scene014.phase1 (interaction, medium, RPX-DS 0.492)."
images/rpx_medium_scene021_phase0.jpg,scene021.phase0,scene021,0,clutter,medium,0.552733,medium,0.481681,"rgb, depth, masks",scenes/scene021/0/rgb.tar; scenes/scene021/0/depth.tar; scenes/scene021/0/labels/masks/v1.tar,"Video-layout preview still for scene021.phase0 (clutter, medium, RPX-DS 0.553)."
images/rpx_medium_scene021_phase2.jpg,scene021.phase2,scene021,2,clean,medium,0.460383,medium,0.481681,"rgb, depth, masks",scenes/scene021/2/rgb.tar; scenes/scene021/2/depth.tar; scenes/scene021/2/labels/masks/v1.tar,"Video-layout preview still for scene021.phase2 (clean, medium, RPX-DS 0.460)."
images/rpx_medium_scene023_phase0.jpg,scene023.phase0,scene023,0,clutter,medium,0.480183,easy,0.421014,"rgb, depth, masks",scenes/scene023/0/rgb.tar; scenes/scene023/0/depth.tar; scenes/scene023/0/labels/masks/v1.tar,"Video-layout preview still for scene023.phase0 (clutter, medium, RPX-DS 0.480)."
images/rpx_medium_scene024_phase0.jpg,scene024.phase0,scene024,0,clutter,medium,0.465900,easy,0.412094,"rgb, depth, masks",scenes/scene024/0/rgb.tar; scenes/scene024/0/depth.tar; scenes/scene024/0/labels/masks/v1.tar,"Video-layout preview still for scene024.phase0 (clutter, medium, RPX-DS 0.466)."
images/rpx_medium_scene024_phase2.jpg,scene024.phase2,scene024,2,clean,medium,0.452250,easy,0.412094,"rgb, depth, masks",scenes/scene024/2/rgb.tar; scenes/scene024/2/depth.tar; scenes/scene024/2/labels/masks/v1.tar,"Video-layout preview still for scene024.phase2 (clean, medium, RPX-DS 0.452)."
images/rpx_medium_scene025_phase0.jpg,scene025.phase0,scene025,0,clutter,medium,0.528975,medium,0.466844,"rgb, depth, masks",scenes/scene025/0/rgb.tar; scenes/scene025/0/depth.tar; scenes/scene025/0/labels/masks/v1.tar,"Video-layout preview still for scene025.phase0 (clutter, medium, RPX-DS 0.529)."
images/rpx_medium_scene026_phase0.jpg,scene026.phase0,scene026,0,clutter,medium,0.508733,easy,0.456700,"rgb, depth, masks",scenes/scene026/0/rgb.tar; scenes/scene026/0/depth.tar; scenes/scene026/0/labels/masks/v1.tar,"Video-layout preview still for scene026.phase0 (clutter, medium, RPX-DS 0.509)."
images/rpx_medium_scene026_phase2.jpg,scene026.phase2,scene026,2,clean,medium,0.493433,easy,0.456700,"rgb, depth, masks",scenes/scene026/2/rgb.tar; scenes/scene026/2/depth.tar; scenes/scene026/2/labels/masks/v1.tar,"Video-layout preview still for scene026.phase2 (clean, medium, RPX-DS 0.493)."
images/rpx_medium_scene028_phase2.jpg,scene028.phase2,scene028,2,clean,medium,0.554292,medium,0.500117,"rgb, depth, masks",scenes/scene028/2/rgb.tar; scenes/scene028/2/depth.tar; scenes/scene028/2/labels/masks/v1.tar,"Video-layout preview still for scene028.phase2 (clean, medium, RPX-DS 0.554)."
images/rpx_medium_scene029_phase2.jpg,scene029.phase2,scene029,2,clean,medium,0.464433,easy,0.413000,"rgb, depth, masks",scenes/scene029/2/rgb.tar; scenes/scene029/2/depth.tar; scenes/scene029/2/labels/masks/v1.tar,"Video-layout preview still for scene029.phase2 (clean, medium, RPX-DS 0.464)."
images/rpx_medium_scene003_phase0.jpg,scene003.phase0,scene003,0,clutter,medium,0.551567,hard,0.570047,"rgb, depth, masks",scenes/scene003/0/rgb.tar; scenes/scene003/0/depth.tar; scenes/scene003/0/labels/masks/v1.tar,"Video-layout preview still for scene003.phase0 (clutter, medium, RPX-DS 0.552)."
images/rpx_medium_scene030_phase0.jpg,scene030.phase0,scene030,0,clutter,medium,0.462183,easy,0.432950,"rgb, depth, masks",scenes/scene030/0/rgb.tar; scenes/scene030/0/depth.tar; scenes/scene030/0/labels/masks/v1.tar,"Video-layout preview still for scene030.phase0 (clutter, medium, RPX-DS 0.462)."
images/rpx_medium_scene030_phase2.jpg,scene030.phase2,scene030,2,clean,medium,0.480433,easy,0.432950,"rgb, depth, masks",scenes/scene030/2/rgb.tar; scenes/scene030/2/depth.tar; scenes/scene030/2/labels/masks/v1.tar,"Video-layout preview still for scene030.phase2 (clean, medium, RPX-DS 0.480)."
images/rpx_medium_scene033_phase1.jpg,scene033.phase1,scene033,1,interaction,medium,0.498625,hard,0.544544,"rgb, depth, masks",scenes/scene033/1/rgb.tar; scenes/scene033/1/depth.tar; scenes/scene033/1/labels/masks/v1.tar,"Video-layout preview still for scene033.phase1 (interaction, medium, RPX-DS 0.499)."
images/rpx_medium_scene033_phase2.jpg,scene033.phase2,scene033,2,clean,medium,0.552825,hard,0.544544,"rgb, depth, masks",scenes/scene033/2/rgb.tar; scenes/scene033/2/depth.tar; scenes/scene033/2/labels/masks/v1.tar,"Video-layout preview still for scene033.phase2 (clean, medium, RPX-DS 0.553)."
images/rpx_medium_scene034_phase2.jpg,scene034.phase2,scene034,2,clean,medium,0.520383,easy,0.431028,"rgb, depth, masks",scenes/scene034/2/rgb.tar; scenes/scene034/2/depth.tar; scenes/scene034/2/labels/masks/v1.tar,"Video-layout preview still for scene034.phase2 (clean, medium, RPX-DS 0.520)."
images/rpx_medium_scene035_phase0.jpg,scene035.phase0,scene035,0,clutter,medium,0.514783,easy,0.414164,"rgb, depth, masks",scenes/scene035/0/rgb.tar; scenes/scene035/0/depth.tar; scenes/scene035/0/labels/masks/v1.tar,"Video-layout preview still for scene035.phase0 (clutter, medium, RPX-DS 0.515)."
images/rpx_medium_scene037_phase0.jpg,scene037.phase0,scene037,0,clutter,medium,0.537292,easy,0.448586,"rgb, depth, masks",scenes/scene037/0/rgb.tar; scenes/scene037/0/depth.tar; scenes/scene037/0/labels/masks/v1.tar,"Video-layout preview still for scene037.phase0 (clutter, medium, RPX-DS 0.537)."
images/rpx_medium_scene039_phase1.jpg,scene039.phase1,scene039,1,interaction,medium,0.496933,hard,0.570672,"rgb, depth, masks",scenes/scene039/1/rgb.tar; scenes/scene039/1/depth.tar; scenes/scene039/1/labels/masks/v1.tar,"Video-layout preview still for scene039.phase1 (interaction, medium, RPX-DS 0.497)."
images/rpx_medium_scene004_phase1.jpg,scene004.phase1,scene004,1,interaction,medium,0.551575,easy,0.459281,"rgb, depth, masks",scenes/scene004/1/rgb.tar; scenes/scene004/1/depth.tar; scenes/scene004/1/labels/masks/v1.tar,"Video-layout preview still for scene004.phase1 (interaction, medium, RPX-DS 0.552)."
images/rpx_medium_scene041_phase2.jpg,scene041.phase2,scene041,2,clean,medium,0.479933,hard,0.555911,"rgb, depth, masks",scenes/scene041/2/rgb.tar; scenes/scene041/2/depth.tar; scenes/scene041/2/labels/masks/v1.tar,"Video-layout preview still for scene041.phase2 (clean, medium, RPX-DS 0.480)."
images/rpx_medium_scene043_phase1.jpg,scene043.phase1,scene043,1,interaction,medium,0.552367,hard,0.619222,"rgb, depth, masks",scenes/scene043/1/rgb.tar; scenes/scene043/1/depth.tar; scenes/scene043/1/labels/masks/v1.tar,"Video-layout preview still for scene043.phase1 (interaction, medium, RPX-DS 0.552)."
images/rpx_medium_scene044_phase0.jpg,scene044.phase0,scene044,0,clutter,medium,0.483983,hard,0.534836,"rgb, depth, masks",scenes/scene044/0/rgb.tar; scenes/scene044/0/depth.tar; scenes/scene044/0/labels/masks/v1.tar,"Video-layout preview still for scene044.phase0 (clutter, medium, RPX-DS 0.484)."
images/rpx_medium_scene044_phase1.jpg,scene044.phase1,scene044,1,interaction,medium,0.552400,hard,0.534836,"rgb, depth, masks",scenes/scene044/1/rgb.tar; scenes/scene044/1/depth.tar; scenes/scene044/1/labels/masks/v1.tar,"Video-layout preview still for scene044.phase1 (interaction, medium, RPX-DS 0.552)."
images/rpx_medium_scene046_phase0.jpg,scene046.phase0,scene046,0,clutter,medium,0.545000,hard,0.560789,"rgb, depth, masks",scenes/scene046/0/rgb.tar; scenes/scene046/0/depth.tar; scenes/scene046/0/labels/masks/v1.tar,"Video-layout preview still for scene046.phase0 (clutter, medium, RPX-DS 0.545)."
images/rpx_medium_scene046_phase2.jpg,scene046.phase2,scene046,2,clean,medium,0.542317,hard,0.560789,"rgb, depth, masks",scenes/scene046/2/rgb.tar; scenes/scene046/2/depth.tar; scenes/scene046/2/labels/masks/v1.tar,"Video-layout preview still for scene046.phase2 (clean, medium, RPX-DS 0.542)."
images/rpx_medium_scene047_phase1.jpg,scene047.phase1,scene047,1,interaction,medium,0.453725,medium,0.503744,"rgb, depth, masks",scenes/scene047/1/rgb.tar; scenes/scene047/1/depth.tar; scenes/scene047/1/labels/masks/v1.tar,"Video-layout preview still for scene047.phase1 (interaction, medium, RPX-DS 0.454)."
images/rpx_medium_scene048_phase0.jpg,scene048.phase0,scene048,0,clutter,medium,0.524575,medium,0.496181,"rgb, depth, masks",scenes/scene048/0/rgb.tar; scenes/scene048/0/depth.tar; scenes/scene048/0/labels/masks/v1.tar,"Video-layout preview still for scene048.phase0 (clutter, medium, RPX-DS 0.525)."
images/rpx_medium_scene048_phase1.jpg,scene048.phase1,scene048,1,interaction,medium,0.555433,medium,0.496181,"rgb, depth, masks",scenes/scene048/1/rgb.tar; scenes/scene048/1/depth.tar; scenes/scene048/1/labels/masks/v1.tar,"Video-layout preview still for scene048.phase1 (interaction, medium, RPX-DS 0.555)."
images/rpx_medium_scene049_phase0.jpg,scene049.phase0,scene049,0,clutter,medium,0.538083,hard,0.562342,"rgb, depth, masks",scenes/scene049/0/rgb.tar; scenes/scene049/0/depth.tar; scenes/scene049/0/labels/masks/v1.tar,"Video-layout preview still for scene049.phase0 (clutter, medium, RPX-DS 0.538)."
images/rpx_medium_scene049_phase1.jpg,scene049.phase1,scene049,1,interaction,medium,0.554575,hard,0.562342,"rgb, depth, masks",scenes/scene049/1/rgb.tar; scenes/scene049/1/depth.tar; scenes/scene049/1/labels/masks/v1.tar,"Video-layout preview still for scene049.phase1 (interaction, medium, RPX-DS 0.555)."
images/rpx_medium_scene050_phase0.jpg,scene050.phase0,scene050,0,clutter,medium,0.509283,medium,0.518881,"rgb, depth, masks",scenes/scene050/0/rgb.tar; scenes/scene050/0/depth.tar; scenes/scene050/0/labels/masks/v1.tar,"Video-layout preview still for scene050.phase0 (clutter, medium, RPX-DS 0.509)."
images/rpx_medium_scene050_phase1.jpg,scene050.phase1,scene050,1,interaction,medium,0.522817,medium,0.518881,"rgb, depth, masks",scenes/scene050/1/rgb.tar; scenes/scene050/1/depth.tar; scenes/scene050/1/labels/masks/v1.tar,"Video-layout preview still for scene050.phase1 (interaction, medium, RPX-DS 0.523)."
images/rpx_medium_scene050_phase2.jpg,scene050.phase2,scene050,2,clean,medium,0.524542,medium,0.518881,"rgb, depth, masks",scenes/scene050/2/rgb.tar; scenes/scene050/2/depth.tar; scenes/scene050/2/labels/masks/v1.tar,"Video-layout preview still for scene050.phase2 (clean, medium, RPX-DS 0.525)."
images/rpx_medium_scene052_phase0.jpg,scene052.phase0,scene052,0,clutter,medium,0.504300,medium,0.479706,"rgb, depth, masks",scenes/scene052/0/rgb.tar; scenes/scene052/0/depth.tar; scenes/scene052/0/labels/masks/v1.tar,"Video-layout preview still for scene052.phase0 (clutter, medium, RPX-DS 0.504)."
images/rpx_medium_scene052_phase1.jpg,scene052.phase1,scene052,1,interaction,medium,0.480133,medium,0.479706,"rgb, depth, masks",scenes/scene052/1/rgb.tar; scenes/scene052/1/depth.tar; scenes/scene052/1/labels/masks/v1.tar,"Video-layout preview still for scene052.phase1 (interaction, medium, RPX-DS 0.480)."
images/rpx_medium_scene052_phase2.jpg,scene052.phase2,scene052,2,clean,medium,0.454683,medium,0.479706,"rgb, depth, masks",scenes/scene052/2/rgb.tar; scenes/scene052/2/depth.tar; scenes/scene052/2/labels/masks/v1.tar,"Video-layout preview still for scene052.phase2 (clean, medium, RPX-DS 0.455)."
images/rpx_medium_scene053_phase1.jpg,scene053.phase1,scene053,1,interaction,medium,0.475258,easy,0.421325,"rgb, depth, masks",scenes/scene053/1/rgb.tar; scenes/scene053/1/depth.tar; scenes/scene053/1/labels/masks/v1.tar,"Video-layout preview still for scene053.phase1 (interaction, medium, RPX-DS 0.475)."
images/rpx_medium_scene054_phase1.jpg,scene054.phase1,scene054,1,interaction,medium,0.469125,easy,0.407875,"rgb, depth, masks",scenes/scene054/1/rgb.tar; scenes/scene054/1/depth.tar; scenes/scene054/1/labels/masks/v1.tar,"Video-layout preview still for scene054.phase1 (interaction, medium, RPX-DS 0.469)."
images/rpx_medium_scene056_phase0.jpg,scene056.phase0,scene056,0,clutter,medium,0.520492,medium,0.474803,"rgb, depth, masks",scenes/scene056/0/rgb.tar; scenes/scene056/0/depth.tar; scenes/scene056/0/labels/masks/v1.tar,"Video-layout preview still for scene056.phase0 (clutter, medium, RPX-DS 0.520)."
images/rpx_medium_scene056_phase2.jpg,scene056.phase2,scene056,2,clean,medium,0.546833,medium,0.474803,"rgb, depth, masks",scenes/scene056/2/rgb.tar; scenes/scene056/2/depth.tar; scenes/scene056/2/labels/masks/v1.tar,"Video-layout preview still for scene056.phase2 (clean, medium, RPX-DS 0.547)."
images/rpx_medium_scene058_phase1.jpg,scene058.phase1,scene058,1,interaction,medium,0.541100,medium,0.509889,"rgb, depth, masks",scenes/scene058/1/rgb.tar; scenes/scene058/1/depth.tar; scenes/scene058/1/labels/masks/v1.tar,"Video-layout preview still for scene058.phase1 (interaction, medium, RPX-DS 0.541)."
images/rpx_medium_scene059_phase1.jpg,scene059.phase1,scene059,1,interaction,medium,0.464475,easy,0.427314,"rgb, depth, masks",scenes/scene059/1/rgb.tar; scenes/scene059/1/depth.tar; scenes/scene059/1/labels/masks/v1.tar,"Video-layout preview still for scene059.phase1 (interaction, medium, RPX-DS 0.464)."
images/rpx_medium_scene006_phase0.jpg,scene006.phase0,scene006,0,clutter,medium,0.548242,medium,0.489561,"rgb, depth, masks",scenes/scene006/0/rgb.tar; scenes/scene006/0/depth.tar; scenes/scene006/0/labels/masks/v1.tar,"Video-layout preview still for scene006.phase0 (clutter, medium, RPX-DS 0.548)."
images/rpx_medium_scene006_phase2.jpg,scene006.phase2,scene006,2,clean,medium,0.505392,medium,0.489561,"rgb, depth, masks",scenes/scene006/2/rgb.tar; scenes/scene006/2/depth.tar; scenes/scene006/2/labels/masks/v1.tar,"Video-layout preview still for scene006.phase2 (clean, medium, RPX-DS 0.505)."
images/rpx_medium_scene060_phase1.jpg,scene060.phase1,scene060,1,interaction,medium,0.465808,easy,0.418358,"rgb, depth, masks",scenes/scene060/1/rgb.tar; scenes/scene060/1/depth.tar; scenes/scene060/1/labels/masks/v1.tar,"Video-layout preview still for scene060.phase1 (interaction, medium, RPX-DS 0.466)."
images/rpx_medium_scene064_phase0.jpg,scene064.phase0,scene064,0,clutter,medium,0.471133,medium,0.472750,"rgb, depth, masks",scenes/scene064/0/rgb.tar; scenes/scene064/0/depth.tar; scenes/scene064/0/labels/masks/v1.tar,"Video-layout preview still for scene064.phase0 (clutter, medium, RPX-DS 0.471)."
images/rpx_medium_scene064_phase1.jpg,scene064.phase1,scene064,1,interaction,medium,0.471483,medium,0.472750,"rgb, depth, masks",scenes/scene064/1/rgb.tar; scenes/scene064/1/depth.tar; scenes/scene064/1/labels/masks/v1.tar,"Video-layout preview still for scene064.phase1 (interaction, medium, RPX-DS 0.471)."
images/rpx_medium_scene064_phase2.jpg,scene064.phase2,scene064,2,clean,medium,0.475633,medium,0.472750,"rgb, depth, masks",scenes/scene064/2/rgb.tar; scenes/scene064/2/depth.tar; scenes/scene064/2/labels/masks/v1.tar,"Video-layout preview still for scene064.phase2 (clean, medium, RPX-DS 0.476)."
images/rpx_medium_scene065_phase0.jpg,scene065.phase0,scene065,0,clutter,medium,0.500333,medium,0.491250,"rgb, depth, masks",scenes/scene065/0/rgb.tar; scenes/scene065/0/depth.tar; scenes/scene065/0/labels/masks/v1.tar,"Video-layout preview still for scene065.phase0 (clutter, medium, RPX-DS 0.500)."
images/rpx_medium_scene065_phase1.jpg,scene065.phase1,scene065,1,interaction,medium,0.500583,medium,0.491250,"rgb, depth, masks",scenes/scene065/1/rgb.tar; scenes/scene065/1/depth.tar; scenes/scene065/1/labels/masks/v1.tar,"Video-layout preview still for scene065.phase1 (interaction, medium, RPX-DS 0.501)."
images/rpx_medium_scene065_phase2.jpg,scene065.phase2,scene065,2,clean,medium,0.472833,medium,0.491250,"rgb, depth, masks",scenes/scene065/2/rgb.tar; scenes/scene065/2/depth.tar; scenes/scene065/2/labels/masks/v1.tar,"Video-layout preview still for scene065.phase2 (clean, medium, RPX-DS 0.473)."
images/rpx_medium_scene066_phase2.jpg,scene066.phase2,scene066,2,clean,medium,0.465033,easy,0.431617,"rgb, depth, masks",scenes/scene066/2/rgb.tar; scenes/scene066/2/depth.tar; scenes/scene066/2/labels/masks/v1.tar,"Video-layout preview still for scene066.phase2 (clean, medium, RPX-DS 0.465)."
images/rpx_medium_scene067_phase1.jpg,scene067.phase1,scene067,1,interaction,medium,0.516950,hard,0.553081,"rgb, depth, masks",scenes/scene067/1/rgb.tar; scenes/scene067/1/depth.tar; scenes/scene067/1/labels/masks/v1.tar,"Video-layout preview still for scene067.phase1 (interaction, medium, RPX-DS 0.517)."
images/rpx_medium_scene068_phase1.jpg,scene068.phase1,scene068,1,interaction,medium,0.443633,easy,0.424100,"rgb, depth, masks",scenes/scene068/1/rgb.tar; scenes/scene068/1/depth.tar; scenes/scene068/1/labels/masks/v1.tar,"Video-layout preview still for scene068.phase1 (interaction, medium, RPX-DS 0.444)."
images/rpx_medium_scene069_phase2.jpg,scene069.phase2,scene069,2,clean,medium,0.558833,medium,0.465783,"rgb, depth, masks",scenes/scene069/2/rgb.tar; scenes/scene069/2/depth.tar; scenes/scene069/2/labels/masks/v1.tar,"Video-layout preview still for scene069.phase2 (clean, medium, RPX-DS 0.559)."
images/rpx_medium_scene007_phase1.jpg,scene007.phase1,scene007,1,interaction,medium,0.533350,medium,0.518936,"rgb, depth, masks",scenes/scene007/1/rgb.tar; scenes/scene007/1/depth.tar; scenes/scene007/1/labels/masks/v1.tar,"Video-layout preview still for scene007.phase1 (interaction, medium, RPX-DS 0.533)."
images/rpx_medium_scene007_phase2.jpg,scene007.phase2,scene007,2,clean,medium,0.458933,medium,0.518936,"rgb, depth, masks",scenes/scene007/2/rgb.tar; scenes/scene007/2/depth.tar; scenes/scene007/2/labels/masks/v1.tar,"Video-layout preview still for scene007.phase2 (clean, medium, RPX-DS 0.459)."
images/rpx_medium_scene072_phase1.jpg,scene072.phase1,scene072,1,interaction,medium,0.504067,medium,0.481444,"rgb, depth, masks",scenes/scene072/1/rgb.tar; scenes/scene072/1/depth.tar; scenes/scene072/1/labels/masks/v1.tar,"Video-layout preview still for scene072.phase1 (interaction, medium, RPX-DS 0.504)."
images/rpx_medium_scene072_phase2.jpg,scene072.phase2,scene072,2,clean,medium,0.524683,medium,0.481444,"rgb, depth, masks",scenes/scene072/2/rgb.tar; scenes/scene072/2/depth.tar; scenes/scene072/2/labels/masks/v1.tar,"Video-layout preview still for scene072.phase2 (clean, medium, RPX-DS 0.525)."
images/rpx_medium_scene073_phase0.jpg,scene073.phase0,scene073,0,clutter,medium,0.456967,easy,0.460828,"rgb, depth, masks",scenes/scene073/0/rgb.tar; scenes/scene073/0/depth.tar; scenes/scene073/0/labels/masks/v1.tar,"Video-layout preview still for scene073.phase0 (clutter, medium, RPX-DS 0.457)."
images/rpx_medium_scene073_phase1.jpg,scene073.phase1,scene073,1,interaction,medium,0.494700,easy,0.460828,"rgb, depth, masks",scenes/scene073/1/rgb.tar; scenes/scene073/1/depth.tar; scenes/scene073/1/labels/masks/v1.tar,"Video-layout preview still for scene073.phase1 (interaction, medium, RPX-DS 0.495)."
images/rpx_medium_scene074_phase0.jpg,scene074.phase0,scene074,0,clutter,medium,0.458025,medium,0.494272,"rgb, depth, masks",scenes/scene074/0/rgb.tar; scenes/scene074/0/depth.tar; scenes/scene074/0/labels/masks/v1.tar,"Video-layout preview still for scene074.phase0 (clutter, medium, RPX-DS 0.458)."
images/rpx_medium_scene074_phase1.jpg,scene074.phase1,scene074,1,interaction,medium,0.546033,medium,0.494272,"rgb, depth, masks",scenes/scene074/1/rgb.tar; scenes/scene074/1/depth.tar; scenes/scene074/1/labels/masks/v1.tar,"Video-layout preview still for scene074.phase1 (interaction, medium, RPX-DS 0.546)."
images/rpx_medium_scene074_phase2.jpg,scene074.phase2,scene074,2,clean,medium,0.478758,medium,0.494272,"rgb, depth, masks",scenes/scene074/2/rgb.tar; scenes/scene074/2/depth.tar; scenes/scene074/2/labels/masks/v1.tar,"Video-layout preview still for scene074.phase2 (clean, medium, RPX-DS 0.479)."
images/rpx_medium_scene076_phase1.jpg,scene076.phase1,scene076,1,interaction,medium,0.453042,medium,0.528772,"rgb, depth, masks",scenes/scene076/1/rgb.tar; scenes/scene076/1/depth.tar; scenes/scene076/1/labels/masks/v1.tar,"Video-layout preview still for scene076.phase1 (interaction, medium, RPX-DS 0.453)."
images/rpx_medium_scene076_phase2.jpg,scene076.phase2,scene076,2,clean,medium,0.557192,medium,0.528772,"rgb, depth, masks",scenes/scene076/2/rgb.tar; scenes/scene076/2/depth.tar; scenes/scene076/2/labels/masks/v1.tar,"Video-layout preview still for scene076.phase2 (clean, medium, RPX-DS 0.557)."
images/rpx_medium_scene077_phase0.jpg,scene077.phase0,scene077,0,clutter,medium,0.513792,medium,0.461872,"rgb, depth, masks",scenes/scene077/0/rgb.tar; scenes/scene077/0/depth.tar; scenes/scene077/0/labels/masks/v1.tar,"Video-layout preview still for scene077.phase0 (clutter, medium, RPX-DS 0.514)."
images/rpx_medium_scene077_phase1.jpg,scene077.phase1,scene077,1,interaction,medium,0.445792,medium,0.461872,"rgb, depth, masks",scenes/scene077/1/rgb.tar; scenes/scene077/1/depth.tar; scenes/scene077/1/labels/masks/v1.tar,"Video-layout preview still for scene077.phase1 (interaction, medium, RPX-DS 0.446)."
images/rpx_medium_scene078_phase0.jpg,scene078.phase0,scene078,0,clutter,medium,0.532058,medium,0.491144,"rgb, depth, masks",scenes/scene078/0/rgb.tar; scenes/scene078/0/depth.tar; scenes/scene078/0/labels/masks/v1.tar,"Video-layout preview still for scene078.phase0 (clutter, medium, RPX-DS 0.532)."
images/rpx_medium_scene078_phase1.jpg,scene078.phase1,scene078,1,interaction,medium,0.473242,medium,0.491144,"rgb, depth, masks",scenes/scene078/1/rgb.tar; scenes/scene078/1/depth.tar; scenes/scene078/1/labels/masks/v1.tar,"Video-layout preview still for scene078.phase1 (interaction, medium, RPX-DS 0.473)."
images/rpx_medium_scene078_phase2.jpg,scene078.phase2,scene078,2,clean,medium,0.468133,medium,0.491144,"rgb, depth, masks",scenes/scene078/2/rgb.tar; scenes/scene078/2/depth.tar; scenes/scene078/2/labels/masks/v1.tar,"Video-layout preview still for scene078.phase2 (clean, medium, RPX-DS 0.468)."
images/rpx_medium_scene079_phase0.jpg,scene079.phase0,scene079,0,clutter,medium,0.516850,medium,0.523144,"rgb, depth, masks",scenes/scene079/0/rgb.tar; scenes/scene079/0/depth.tar; scenes/scene079/0/labels/masks/v1.tar,"Video-layout preview still for scene079.phase0 (clutter, medium, RPX-DS 0.517)."
images/rpx_medium_scene079_phase1.jpg,scene079.phase1,scene079,1,interaction,medium,0.487692,medium,0.523144,"rgb, depth, masks",scenes/scene079/1/rgb.tar; scenes/scene079/1/depth.tar; scenes/scene079/1/labels/masks/v1.tar,"Video-layout preview still for scene079.phase1 (interaction, medium, RPX-DS 0.488)."
images/rpx_medium_scene008_phase0.jpg,scene008.phase0,scene008,0,clutter,medium,0.539650,easy,0.432639,"rgb, depth, masks",scenes/scene008/0/rgb.tar; scenes/scene008/0/depth.tar; scenes/scene008/0/labels/masks/v1.tar,"Video-layout preview still for scene008.phase0 (clutter, medium, RPX-DS 0.540)."
images/rpx_medium_scene080_phase1.jpg,scene080.phase1,scene080,1,interaction,medium,0.531967,hard,0.566253,"rgb, depth, masks",scenes/scene080/1/rgb.tar; scenes/scene080/1/depth.tar; scenes/scene080/1/labels/masks/v1.tar,"Video-layout preview still for scene080.phase1 (interaction, medium, RPX-DS 0.532)."
images/rpx_medium_scene083_phase2.jpg,scene083.phase2,scene083,2,clean,medium,0.532142,hard,0.596653,"rgb, depth, masks",scenes/scene083/2/rgb.tar; scenes/scene083/2/depth.tar; scenes/scene083/2/labels/masks/v1.tar,"Video-layout preview still for scene083.phase2 (clean, medium, RPX-DS 0.532)."
images/rpx_medium_scene084_phase0.jpg,scene084.phase0,scene084,0,clutter,medium,0.504083,medium,0.527014,"rgb, depth, masks",scenes/scene084/0/rgb.tar; scenes/scene084/0/depth.tar; scenes/scene084/0/labels/masks/v1.tar,"Video-layout preview still for scene084.phase0 (clutter, medium, RPX-DS 0.504)."
images/rpx_medium_scene084_phase2.jpg,scene084.phase2,scene084,2,clean,medium,0.471033,medium,0.527014,"rgb, depth, masks",scenes/scene084/2/rgb.tar; scenes/scene084/2/depth.tar; scenes/scene084/2/labels/masks/v1.tar,"Video-layout preview still for scene084.phase2 (clean, medium, RPX-DS 0.471)."
images/rpx_medium_scene085_phase2.jpg,scene085.phase2,scene085,2,clean,medium,0.469433,hard,0.557739,"rgb, depth, masks",scenes/scene085/2/rgb.tar; scenes/scene085/2/depth.tar; scenes/scene085/2/labels/masks/v1.tar,"Video-layout preview still for scene085.phase2 (clean, medium, RPX-DS 0.469)."
images/rpx_medium_scene086_phase1.jpg,scene086.phase1,scene086,1,interaction,medium,0.500667,medium,0.500372,"rgb, depth, masks",scenes/scene086/1/rgb.tar; scenes/scene086/1/depth.tar; scenes/scene086/1/labels/masks/v1.tar,"Video-layout preview still for scene086.phase1 (interaction, medium, RPX-DS 0.501)."
images/rpx_medium_scene089_phase0.jpg,scene089.phase0,scene089,0,clutter,medium,0.496517,medium,0.528594,"rgb, depth, masks",scenes/scene089/0/rgb.tar; scenes/scene089/0/depth.tar; scenes/scene089/0/labels/masks/v1.tar,"Video-layout preview still for scene089.phase0 (clutter, medium, RPX-DS 0.497)."
images/rpx_medium_scene089_phase2.jpg,scene089.phase2,scene089,2,clean,medium,0.487183,medium,0.528594,"rgb, depth, masks",scenes/scene089/2/rgb.tar; scenes/scene089/2/depth.tar; scenes/scene089/2/labels/masks/v1.tar,"Video-layout preview still for scene089.phase2 (clean, medium, RPX-DS 0.487)."
images/rpx_medium_scene009_phase1.jpg,scene009.phase1,scene009,1,interaction,medium,0.530758,medium,0.529517,"rgb, depth, masks",scenes/scene009/1/rgb.tar; scenes/scene009/1/depth.tar; scenes/scene009/1/labels/masks/v1.tar,"Video-layout preview still for scene009.phase1 (interaction, medium, RPX-DS 0.531)."
images/rpx_medium_scene090_phase0.jpg,scene090.phase0,scene090,0,clutter,medium,0.552208,medium,0.464608,"rgb, depth, masks",scenes/scene090/0/rgb.tar; scenes/scene090/0/depth.tar; scenes/scene090/0/labels/masks/v1.tar,"Video-layout preview still for scene090.phase0 (clutter, medium, RPX-DS 0.552)."
images/rpx_medium_scene092_phase2.jpg,scene092.phase2,scene092,2,clean,medium,0.459233,easy,0.406911,"rgb, depth, masks",scenes/scene092/2/rgb.tar; scenes/scene092/2/depth.tar; scenes/scene092/2/labels/masks/v1.tar,"Video-layout preview still for scene092.phase2 (clean, medium, RPX-DS 0.459)."
images/rpx_medium_scene094_phase0.jpg,scene094.phase0,scene094,0,clutter,medium,0.510192,easy,0.450914,"rgb, depth, masks",scenes/scene094/0/rgb.tar; scenes/scene094/0/depth.tar; scenes/scene094/0/labels/masks/v1.tar,"Video-layout preview still for scene094.phase0 (clutter, medium, RPX-DS 0.510)."
images/rpx_medium_scene097_phase0.jpg,scene097.phase0,scene097,0,clutter,medium,0.537150,medium,0.485528,"rgb, depth, masks",scenes/scene097/0/rgb.tar; scenes/scene097/0/depth.tar; scenes/scene097/0/labels/masks/v1.tar,"Video-layout preview still for scene097.phase0 (clutter, medium, RPX-DS 0.537)."
images/rpx_medium_scene097_phase1.jpg,scene097.phase1,scene097,1,interaction,medium,0.504300,medium,0.485528,"rgb, depth, masks",scenes/scene097/1/rgb.tar; scenes/scene097/1/depth.tar; scenes/scene097/1/labels/masks/v1.tar,"Video-layout preview still for scene097.phase1 (interaction, medium, RPX-DS 0.504)."
images/rpx_medium_scene098_phase1.jpg,scene098.phase1,scene098,1,interaction,medium,0.513983,hard,0.544067,"rgb, depth, masks",scenes/scene098/1/rgb.tar; scenes/scene098/1/depth.tar; scenes/scene098/1/labels/masks/v1.tar,"Video-layout preview still for scene098.phase1 (interaction, medium, RPX-DS 0.514)."
images/rpx_medium_scene098_phase2.jpg,scene098.phase2,scene098,2,clean,medium,0.528883,hard,0.544067,"rgb, depth, masks",scenes/scene098/2/rgb.tar; scenes/scene098/2/depth.tar; scenes/scene098/2/labels/masks/v1.tar,"Video-layout preview still for scene098.phase2 (clean, medium, RPX-DS 0.529)."
images/rpx_medium_scene099_phase0.jpg,scene099.phase0,scene099,0,clutter,medium,0.544800,medium,0.528356,"rgb, depth, masks",scenes/scene099/0/rgb.tar; scenes/scene099/0/depth.tar; scenes/scene099/0/labels/masks/v1.tar,"Video-layout preview still for scene099.phase0 (clutter, medium, RPX-DS 0.545)."
images/rpx_medium_scene099_phase1.jpg,scene099.phase1,scene099,1,interaction,medium,0.504550,medium,0.528356,"rgb, depth, masks",scenes/scene099/1/rgb.tar; scenes/scene099/1/depth.tar; scenes/scene099/1/labels/masks/v1.tar,"Video-layout preview still for scene099.phase1 (interaction, medium, RPX-DS 0.505)."
images/rpx_medium_scene099_phase2.jpg,scene099.phase2,scene099,2,clean,medium,0.535717,medium,0.528356,"rgb, depth, masks",scenes/scene099/2/rgb.tar; scenes/scene099/2/depth.tar; scenes/scene099/2/labels/masks/v1.tar,"Video-layout preview still for scene099.phase2 (clean, medium, RPX-DS 0.536)."
images/rpx_hard_scene001_phase0.jpg,scene001.phase0,scene001,0,clutter,hard,0.678108,hard,0.631903,"rgb, depth, masks",scenes/scene001/0/rgb.tar; scenes/scene001/0/depth.tar; scenes/scene001/0/labels/masks/v1.tar,"Video-layout preview still for scene001.phase0 (clutter, hard, RPX-DS 0.678)."
images/rpx_hard_scene001_phase1.jpg,scene001.phase1,scene001,1,interaction,hard,0.625650,hard,0.631903,"rgb, depth, masks",scenes/scene001/1/rgb.tar; scenes/scene001/1/depth.tar; scenes/scene001/1/labels/masks/v1.tar,"Video-layout preview still for scene001.phase1 (interaction, hard, RPX-DS 0.626)."
images/rpx_hard_scene001_phase2.jpg,scene001.phase2,scene001,2,clean,hard,0.591950,hard,0.631903,"rgb, depth, masks",scenes/scene001/2/rgb.tar; scenes/scene001/2/depth.tar; scenes/scene001/2/labels/masks/v1.tar,"Video-layout preview still for scene001.phase2 (clean, hard, RPX-DS 0.592)."
images/rpx_hard_scene010_phase0.jpg,scene010.phase0,scene010,0,clutter,hard,0.594442,hard,0.530692,"rgb, depth, masks",scenes/scene010/0/rgb.tar; scenes/scene010/0/depth.tar; scenes/scene010/0/labels/masks/v1.tar,"Video-layout preview still for scene010.phase0 (clutter, hard, RPX-DS 0.594)."
images/rpx_hard_scene010_phase1.jpg,scene010.phase1,scene010,1,interaction,hard,0.576300,hard,0.530692,"rgb, depth, masks",scenes/scene010/1/rgb.tar; scenes/scene010/1/depth.tar; scenes/scene010/1/labels/masks/v1.tar,"Video-layout preview still for scene010.phase1 (interaction, hard, RPX-DS 0.576)."
images/rpx_hard_scene012_phase0.jpg,scene012.phase0,scene012,0,clutter,hard,0.635758,easy,0.422708,"rgb, depth, masks",scenes/scene012/0/rgb.tar; scenes/scene012/0/depth.tar; scenes/scene012/0/labels/masks/v1.tar,"Video-layout preview still for scene012.phase0 (clutter, hard, RPX-DS 0.636)."
images/rpx_hard_scene014_phase0.jpg,scene014.phase0,scene014,0,clutter,hard,0.601375,medium,0.503586,"rgb, depth, masks",scenes/scene014/0/rgb.tar; scenes/scene014/0/depth.tar; scenes/scene014/0/labels/masks/v1.tar,"Video-layout preview still for scene014.phase0 (clutter, hard, RPX-DS 0.601)."
images/rpx_hard_scene016_phase0.jpg,scene016.phase0,scene016,0,clutter,hard,0.595858,hard,0.542942,"rgb, depth, masks",scenes/scene016/0/rgb.tar; scenes/scene016/0/depth.tar; scenes/scene016/0/labels/masks/v1.tar,"Video-layout preview still for scene016.phase0 (clutter, hard, RPX-DS 0.596)."
images/rpx_hard_scene016_phase1.jpg,scene016.phase1,scene016,1,interaction,hard,0.592733,hard,0.542942,"rgb, depth, masks",scenes/scene016/1/rgb.tar; scenes/scene016/1/depth.tar; scenes/scene016/1/labels/masks/v1.tar,"Video-layout preview still for scene016.phase1 (interaction, hard, RPX-DS 0.593)."
images/rpx_hard_scene017_phase0.jpg,scene017.phase0,scene017,0,clutter,hard,0.599033,medium,0.529922,"rgb, depth, masks",scenes/scene017/0/rgb.tar; scenes/scene017/0/depth.tar; scenes/scene017/0/labels/masks/v1.tar,"Video-layout preview still for scene017.phase0 (clutter, hard, RPX-DS 0.599)."
images/rpx_hard_scene017_phase2.jpg,scene017.phase2,scene017,2,clean,hard,0.611800,medium,0.529922,"rgb, depth, masks",scenes/scene017/2/rgb.tar; scenes/scene017/2/depth.tar; scenes/scene017/2/labels/masks/v1.tar,"Video-layout preview still for scene017.phase2 (clean, hard, RPX-DS 0.612)."
images/rpx_hard_scene018_phase0.jpg,scene018.phase0,scene018,0,clutter,hard,0.584900,hard,0.626331,"rgb, depth, masks",scenes/scene018/0/rgb.tar; scenes/scene018/0/depth.tar; scenes/scene018/0/labels/masks/v1.tar,"Video-layout preview still for scene018.phase0 (clutter, hard, RPX-DS 0.585)."
images/rpx_hard_scene018_phase1.jpg,scene018.phase1,scene018,1,interaction,hard,0.639817,hard,0.626331,"rgb, depth, masks",scenes/scene018/1/rgb.tar; scenes/scene018/1/depth.tar; scenes/scene018/1/labels/masks/v1.tar,"Video-layout preview still for scene018.phase1 (interaction, hard, RPX-DS 0.640)."
images/rpx_hard_scene018_phase2.jpg,scene018.phase2,scene018,2,clean,hard,0.654275,hard,0.626331,"rgb, depth, masks",scenes/scene018/2/rgb.tar; scenes/scene018/2/depth.tar; scenes/scene018/2/labels/masks/v1.tar,"Video-layout preview still for scene018.phase2 (clean, hard, RPX-DS 0.654)."
images/rpx_hard_scene019_phase1.jpg,scene019.phase1,scene019,1,interaction,hard,0.589583,hard,0.557081,"rgb, depth, masks",scenes/scene019/1/rgb.tar; scenes/scene019/1/depth.tar; scenes/scene019/1/labels/masks/v1.tar,"Video-layout preview still for scene019.phase1 (interaction, hard, RPX-DS 0.590)."
images/rpx_hard_scene019_phase2.jpg,scene019.phase2,scene019,2,clean,hard,0.647475,hard,0.557081,"rgb, depth, masks",scenes/scene019/2/rgb.tar; scenes/scene019/2/depth.tar; scenes/scene019/2/labels/masks/v1.tar,"Video-layout preview still for scene019.phase2 (clean, hard, RPX-DS 0.647)."
images/rpx_hard_scene002_phase0.jpg,scene002.phase0,scene002,0,clutter,hard,0.658608,hard,0.627503,"rgb, depth, masks",scenes/scene002/0/rgb.tar; scenes/scene002/0/depth.tar; scenes/scene002/0/labels/masks/v1.tar,"Video-layout preview still for scene002.phase0 (clutter, hard, RPX-DS 0.659)."
images/rpx_hard_scene002_phase1.jpg,scene002.phase1,scene002,1,interaction,hard,0.637683,hard,0.627503,"rgb, depth, masks",scenes/scene002/1/rgb.tar; scenes/scene002/1/depth.tar; scenes/scene002/1/labels/masks/v1.tar,"Video-layout preview still for scene002.phase1 (interaction, hard, RPX-DS 0.638)."
images/rpx_hard_scene002_phase2.jpg,scene002.phase2,scene002,2,clean,hard,0.586217,hard,0.627503,"rgb, depth, masks",scenes/scene002/2/rgb.tar; scenes/scene002/2/depth.tar; scenes/scene002/2/labels/masks/v1.tar,"Video-layout preview still for scene002.phase2 (clean, hard, RPX-DS 0.586)."
images/rpx_hard_scene020_phase0.jpg,scene020.phase0,scene020,0,clutter,hard,0.619167,hard,0.643528,"rgb, depth, masks",scenes/scene020/0/rgb.tar; scenes/scene020/0/depth.tar; scenes/scene020/0/labels/masks/v1.tar,"Video-layout preview still for scene020.phase0 (clutter, hard, RPX-DS 0.619)."
images/rpx_hard_scene020_phase1.jpg,scene020.phase1,scene020,1,interaction,hard,0.635800,hard,0.643528,"rgb, depth, masks",scenes/scene020/1/rgb.tar; scenes/scene020/1/depth.tar; scenes/scene020/1/labels/masks/v1.tar,"Video-layout preview still for scene020.phase1 (interaction, hard, RPX-DS 0.636)."
images/rpx_hard_scene020_phase2.jpg,scene020.phase2,scene020,2,clean,hard,0.675617,hard,0.643528,"rgb, depth, masks",scenes/scene020/2/rgb.tar; scenes/scene020/2/depth.tar; scenes/scene020/2/labels/masks/v1.tar,"Video-layout preview still for scene020.phase2 (clean, hard, RPX-DS 0.676)."
images/rpx_hard_scene027_phase0.jpg,scene027.phase0,scene027,0,clutter,hard,0.642783,hard,0.544003,"rgb, depth, masks",scenes/scene027/0/rgb.tar; scenes/scene027/0/depth.tar; scenes/scene027/0/labels/masks/v1.tar,"Video-layout preview still for scene027.phase0 (clutter, hard, RPX-DS 0.643)."
images/rpx_hard_scene027_phase2.jpg,scene027.phase2,scene027,2,clean,hard,0.594892,hard,0.544003,"rgb, depth, masks",scenes/scene027/2/rgb.tar; scenes/scene027/2/depth.tar; scenes/scene027/2/labels/masks/v1.tar,"Video-layout preview still for scene027.phase2 (clean, hard, RPX-DS 0.595)."
images/rpx_hard_scene028_phase0.jpg,scene028.phase0,scene028,0,clutter,hard,0.563925,medium,0.500117,"rgb, depth, masks",scenes/scene028/0/rgb.tar; scenes/scene028/0/depth.tar; scenes/scene028/0/labels/masks/v1.tar,"Video-layout preview still for scene028.phase0 (clutter, hard, RPX-DS 0.564)."
images/rpx_hard_scene003_phase1.jpg,scene003.phase1,scene003,1,interaction,hard,0.589783,hard,0.570047,"rgb, depth, masks",scenes/scene003/1/rgb.tar; scenes/scene003/1/depth.tar; scenes/scene003/1/labels/masks/v1.tar,"Video-layout preview still for scene003.phase1 (interaction, hard, RPX-DS 0.590)."
images/rpx_hard_scene003_phase2.jpg,scene003.phase2,scene003,2,clean,hard,0.568792,hard,0.570047,"rgb, depth, masks",scenes/scene003/2/rgb.tar; scenes/scene003/2/depth.tar; scenes/scene003/2/labels/masks/v1.tar,"Video-layout preview still for scene003.phase2 (clean, hard, RPX-DS 0.569)."
images/rpx_hard_scene033_phase0.jpg,scene033.phase0,scene033,0,clutter,hard,0.582183,hard,0.544544,"rgb, depth, masks",scenes/scene033/0/rgb.tar; scenes/scene033/0/depth.tar; scenes/scene033/0/labels/masks/v1.tar,"Video-layout preview still for scene033.phase0 (clutter, hard, RPX-DS 0.582)."
images/rpx_hard_scene036_phase2.jpg,scene036.phase2,scene036,2,clean,hard,0.625658,medium,0.492242,"rgb, depth, masks",scenes/scene036/2/rgb.tar; scenes/scene036/2/depth.tar; scenes/scene036/2/labels/masks/v1.tar,"Video-layout preview still for scene036.phase2 (clean, hard, RPX-DS 0.626)."
images/rpx_hard_scene038_phase2.jpg,scene038.phase2,scene038,2,clean,hard,0.564117,easy,0.453461,"rgb, depth, masks",scenes/scene038/2/rgb.tar; scenes/scene038/2/depth.tar; scenes/scene038/2/labels/masks/v1.tar,"Video-layout preview still for scene038.phase2 (clean, hard, RPX-DS 0.564)."
images/rpx_hard_scene039_phase0.jpg,scene039.phase0,scene039,0,clutter,hard,0.609450,hard,0.570672,"rgb, depth, masks",scenes/scene039/0/rgb.tar; scenes/scene039/0/depth.tar; scenes/scene039/0/labels/masks/v1.tar,"Video-layout preview still for scene039.phase0 (clutter, hard, RPX-DS 0.609)."
images/rpx_hard_scene039_phase2.jpg,scene039.phase2,scene039,2,clean,hard,0.605633,hard,0.570672,"rgb, depth, masks",scenes/scene039/2/rgb.tar; scenes/scene039/2/depth.tar; scenes/scene039/2/labels/masks/v1.tar,"Video-layout preview still for scene039.phase2 (clean, hard, RPX-DS 0.606)."
images/rpx_hard_scene040_phase0.jpg,scene040.phase0,scene040,0,clutter,hard,0.605317,hard,0.589969,"rgb, depth, masks",scenes/scene040/0/rgb.tar; scenes/scene040/0/depth.tar; scenes/scene040/0/labels/masks/v1.tar,"Video-layout preview still for scene040.phase0 (clutter, hard, RPX-DS 0.605)."
images/rpx_hard_scene040_phase1.jpg,scene040.phase1,scene040,1,interaction,hard,0.559425,hard,0.589969,"rgb, depth, masks",scenes/scene040/1/rgb.tar; scenes/scene040/1/depth.tar; scenes/scene040/1/labels/masks/v1.tar,"Video-layout preview still for scene040.phase1 (interaction, hard, RPX-DS 0.559)."
images/rpx_hard_scene040_phase2.jpg,scene040.phase2,scene040,2,clean,hard,0.605167,hard,0.589969,"rgb, depth, masks",scenes/scene040/2/rgb.tar; scenes/scene040/2/depth.tar; scenes/scene040/2/labels/masks/v1.tar,"Video-layout preview still for scene040.phase2 (clean, hard, RPX-DS 0.605)."
images/rpx_hard_scene041_phase0.jpg,scene041.phase0,scene041,0,clutter,hard,0.624700,hard,0.555911,"rgb, depth, masks",scenes/scene041/0/rgb.tar; scenes/scene041/0/depth.tar; scenes/scene041/0/labels/masks/v1.tar,"Video-layout preview still for scene041.phase0 (clutter, hard, RPX-DS 0.625)."
images/rpx_hard_scene041_phase1.jpg,scene041.phase1,scene041,1,interaction,hard,0.563100,hard,0.555911,"rgb, depth, masks",scenes/scene041/1/rgb.tar; scenes/scene041/1/depth.tar; scenes/scene041/1/labels/masks/v1.tar,"Video-layout preview still for scene041.phase1 (interaction, hard, RPX-DS 0.563)."
images/rpx_hard_scene042_phase0.jpg,scene042.phase0,scene042,0,clutter,hard,0.593917,hard,0.637047,"rgb, depth, masks",scenes/scene042/0/rgb.tar; scenes/scene042/0/depth.tar; scenes/scene042/0/labels/masks/v1.tar,"Video-layout preview still for scene042.phase0 (clutter, hard, RPX-DS 0.594)."
images/rpx_hard_scene042_phase1.jpg,scene042.phase1,scene042,1,interaction,hard,0.643908,hard,0.637047,"rgb, depth, masks",scenes/scene042/1/rgb.tar; scenes/scene042/1/depth.tar; scenes/scene042/1/labels/masks/v1.tar,"Video-layout preview still for scene042.phase1 (interaction, hard, RPX-DS 0.644)."
images/rpx_hard_scene042_phase2.jpg,scene042.phase2,scene042,2,clean,hard,0.673317,hard,0.637047,"rgb, depth, masks",scenes/scene042/2/rgb.tar; scenes/scene042/2/depth.tar; scenes/scene042/2/labels/masks/v1.tar,"Video-layout preview still for scene042.phase2 (clean, hard, RPX-DS 0.673)."
images/rpx_hard_scene043_phase0.jpg,scene043.phase0,scene043,0,clutter,hard,0.634717,hard,0.619222,"rgb, depth, masks",scenes/scene043/0/rgb.tar; scenes/scene043/0/depth.tar; scenes/scene043/0/labels/masks/v1.tar,"Video-layout preview still for scene043.phase0 (clutter, hard, RPX-DS 0.635)."
images/rpx_hard_scene043_phase2.jpg,scene043.phase2,scene043,2,clean,hard,0.670583,hard,0.619222,"rgb, depth, masks",scenes/scene043/2/rgb.tar; scenes/scene043/2/depth.tar; scenes/scene043/2/labels/masks/v1.tar,"Video-layout preview still for scene043.phase2 (clean, hard, RPX-DS 0.671)."
images/rpx_hard_scene044_phase2.jpg,scene044.phase2,scene044,2,clean,hard,0.568125,hard,0.534836,"rgb, depth, masks",scenes/scene044/2/rgb.tar; scenes/scene044/2/depth.tar; scenes/scene044/2/labels/masks/v1.tar,"Video-layout preview still for scene044.phase2 (clean, hard, RPX-DS 0.568)."
images/rpx_hard_scene045_phase0.jpg,scene045.phase0,scene045,0,clutter,hard,0.612317,hard,0.618425,"rgb, depth, masks",scenes/scene045/0/rgb.tar; scenes/scene045/0/depth.tar; scenes/scene045/0/labels/masks/v1.tar,"Video-layout preview still for scene045.phase0 (clutter, hard, RPX-DS 0.612)."
images/rpx_hard_scene045_phase1.jpg,scene045.phase1,scene045,1,interaction,hard,0.618492,hard,0.618425,"rgb, depth, masks",scenes/scene045/1/rgb.tar; scenes/scene045/1/depth.tar; scenes/scene045/1/labels/masks/v1.tar,"Video-layout preview still for scene045.phase1 (interaction, hard, RPX-DS 0.618)."
images/rpx_hard_scene045_phase2.jpg,scene045.phase2,scene045,2,clean,hard,0.624467,hard,0.618425,"rgb, depth, masks",scenes/scene045/2/rgb.tar; scenes/scene045/2/depth.tar; scenes/scene045/2/labels/masks/v1.tar,"Video-layout preview still for scene045.phase2 (clean, hard, RPX-DS 0.624)."
images/rpx_hard_scene046_phase1.jpg,scene046.phase1,scene046,1,interaction,hard,0.595050,hard,0.560789,"rgb, depth, masks",scenes/scene046/1/rgb.tar; scenes/scene046/1/depth.tar; scenes/scene046/1/labels/masks/v1.tar,"Video-layout preview still for scene046.phase1 (interaction, hard, RPX-DS 0.595)."
images/rpx_hard_scene047_phase0.jpg,scene047.phase0,scene047,0,clutter,hard,0.649875,medium,0.503744,"rgb, depth, masks",scenes/scene047/0/rgb.tar; scenes/scene047/0/depth.tar; scenes/scene047/0/labels/masks/v1.tar,"Video-layout preview still for scene047.phase0 (clutter, hard, RPX-DS 0.650)."
images/rpx_hard_scene049_phase2.jpg,scene049.phase2,scene049,2,clean,hard,0.594367,hard,0.562342,"rgb, depth, masks",scenes/scene049/2/rgb.tar; scenes/scene049/2/depth.tar; scenes/scene049/2/labels/masks/v1.tar,"Video-layout preview still for scene049.phase2 (clean, hard, RPX-DS 0.594)."
images/rpx_hard_scene005_phase0.jpg,scene005.phase0,scene005,0,clutter,hard,0.634733,hard,0.602300,"rgb, depth, masks",scenes/scene005/0/rgb.tar; scenes/scene005/0/depth.tar; scenes/scene005/0/labels/masks/v1.tar,"Video-layout preview still for scene005.phase0 (clutter, hard, RPX-DS 0.635)."
images/rpx_hard_scene005_phase1.jpg,scene005.phase1,scene005,1,interaction,hard,0.607667,hard,0.602300,"rgb, depth, masks",scenes/scene005/1/rgb.tar; scenes/scene005/1/depth.tar; scenes/scene005/1/labels/masks/v1.tar,"Video-layout preview still for scene005.phase1 (interaction, hard, RPX-DS 0.608)."
images/rpx_hard_scene005_phase2.jpg,scene005.phase2,scene005,2,clean,hard,0.564500,hard,0.602300,"rgb, depth, masks",scenes/scene005/2/rgb.tar; scenes/scene005/2/depth.tar; scenes/scene005/2/labels/masks/v1.tar,"Video-layout preview still for scene005.phase2 (clean, hard, RPX-DS 0.565)."
images/rpx_hard_scene058_phase0.jpg,scene058.phase0,scene058,0,clutter,hard,0.573333,medium,0.509889,"rgb, depth, masks",scenes/scene058/0/rgb.tar; scenes/scene058/0/depth.tar; scenes/scene058/0/labels/masks/v1.tar,"Video-layout preview still for scene058.phase0 (clutter, hard, RPX-DS 0.573)."
images/rpx_hard_scene061_phase0.jpg,scene061.phase0,scene061,0,clutter,hard,0.653167,hard,0.665508,"rgb, depth, masks",scenes/scene061/0/rgb.tar; scenes/scene061/0/depth.tar; scenes/scene061/0/labels/masks/v1.tar,"Video-layout preview still for scene061.phase0 (clutter, hard, RPX-DS 0.653)."
images/rpx_hard_scene061_phase1.jpg,scene061.phase1,scene061,1,interaction,hard,0.699042,hard,0.665508,"rgb, depth, masks",scenes/scene061/1/rgb.tar; scenes/scene061/1/depth.tar; scenes/scene061/1/labels/masks/v1.tar,"Video-layout preview still for scene061.phase1 (interaction, hard, RPX-DS 0.699)."
images/rpx_hard_scene061_phase2.jpg,scene061.phase2,scene061,2,clean,hard,0.644317,hard,0.665508,"rgb, depth, masks",scenes/scene061/2/rgb.tar; scenes/scene061/2/depth.tar; scenes/scene061/2/labels/masks/v1.tar,"Video-layout preview still for scene061.phase2 (clean, hard, RPX-DS 0.644)."
images/rpx_hard_scene062_phase0.jpg,scene062.phase0,scene062,0,clutter,hard,0.634492,hard,0.646361,"rgb, depth, masks",scenes/scene062/0/rgb.tar; scenes/scene062/0/depth.tar; scenes/scene062/0/labels/masks/v1.tar,"Video-layout preview still for scene062.phase0 (clutter, hard, RPX-DS 0.634)."
images/rpx_hard_scene062_phase1.jpg,scene062.phase1,scene062,1,interaction,hard,0.656925,hard,0.646361,"rgb, depth, masks",scenes/scene062/1/rgb.tar; scenes/scene062/1/depth.tar; scenes/scene062/1/labels/masks/v1.tar,"Video-layout preview still for scene062.phase1 (interaction, hard, RPX-DS 0.657)."
images/rpx_hard_scene062_phase2.jpg,scene062.phase2,scene062,2,clean,hard,0.647667,hard,0.646361,"rgb, depth, masks",scenes/scene062/2/rgb.tar; scenes/scene062/2/depth.tar; scenes/scene062/2/labels/masks/v1.tar,"Video-layout preview still for scene062.phase2 (clean, hard, RPX-DS 0.648)."
images/rpx_hard_scene063_phase0.jpg,scene063.phase0,scene063,0,clutter,hard,0.726200,hard,0.637850,"rgb, depth, masks",scenes/scene063/0/rgb.tar; scenes/scene063/0/depth.tar; scenes/scene063/0/labels/masks/v1.tar,"Video-layout preview still for scene063.phase0 (clutter, hard, RPX-DS 0.726)."
images/rpx_hard_scene063_phase1.jpg,scene063.phase1,scene063,1,interaction,hard,0.620975,hard,0.637850,"rgb, depth, masks",scenes/scene063/1/rgb.tar; scenes/scene063/1/depth.tar; scenes/scene063/1/labels/masks/v1.tar,"Video-layout preview still for scene063.phase1 (interaction, hard, RPX-DS 0.621)."
images/rpx_hard_scene063_phase2.jpg,scene063.phase2,scene063,2,clean,hard,0.566375,hard,0.637850,"rgb, depth, masks",scenes/scene063/2/rgb.tar; scenes/scene063/2/depth.tar; scenes/scene063/2/labels/masks/v1.tar,"Video-layout preview still for scene063.phase2 (clean, hard, RPX-DS 0.566)."
images/rpx_hard_scene067_phase0.jpg,scene067.phase0,scene067,0,clutter,hard,0.562767,hard,0.553081,"rgb, depth, masks",scenes/scene067/0/rgb.tar; scenes/scene067/0/depth.tar; scenes/scene067/0/labels/masks/v1.tar,"Video-layout preview still for scene067.phase0 (clutter, hard, RPX-DS 0.563)."
images/rpx_hard_scene067_phase2.jpg,scene067.phase2,scene067,2,clean,hard,0.579525,hard,0.553081,"rgb, depth, masks",scenes/scene067/2/rgb.tar; scenes/scene067/2/depth.tar; scenes/scene067/2/labels/masks/v1.tar,"Video-layout preview still for scene067.phase2 (clean, hard, RPX-DS 0.580)."
images/rpx_hard_scene007_phase0.jpg,scene007.phase0,scene007,0,clutter,hard,0.564525,medium,0.518936,"rgb, depth, masks",scenes/scene007/0/rgb.tar; scenes/scene007/0/depth.tar; scenes/scene007/0/labels/masks/v1.tar,"Video-layout preview still for scene007.phase0 (clutter, hard, RPX-DS 0.565)."
images/rpx_hard_scene070_phase1.jpg,scene070.phase1,scene070,1,interaction,hard,0.561050,medium,0.512422,"rgb, depth, masks",scenes/scene070/1/rgb.tar; scenes/scene070/1/depth.tar; scenes/scene070/1/labels/masks/v1.tar,"Video-layout preview still for scene070.phase1 (interaction, hard, RPX-DS 0.561)."
images/rpx_hard_scene070_phase2.jpg,scene070.phase2,scene070,2,clean,hard,0.562833,medium,0.512422,"rgb, depth, masks",scenes/scene070/2/rgb.tar; scenes/scene070/2/depth.tar; scenes/scene070/2/labels/masks/v1.tar,"Video-layout preview still for scene070.phase2 (clean, hard, RPX-DS 0.563)."
images/rpx_hard_scene076_phase0.jpg,scene076.phase0,scene076,0,clutter,hard,0.576083,medium,0.528772,"rgb, depth, masks",scenes/scene076/0/rgb.tar; scenes/scene076/0/depth.tar; scenes/scene076/0/labels/masks/v1.tar,"Video-layout preview still for scene076.phase0 (clutter, hard, RPX-DS 0.576)."
images/rpx_hard_scene079_phase2.jpg,scene079.phase2,scene079,2,clean,hard,0.564892,medium,0.523144,"rgb, depth, masks",scenes/scene079/2/rgb.tar; scenes/scene079/2/depth.tar; scenes/scene079/2/labels/masks/v1.tar,"Video-layout preview still for scene079.phase2 (clean, hard, RPX-DS 0.565)."
images/rpx_hard_scene080_phase0.jpg,scene080.phase0,scene080,0,clutter,hard,0.595583,hard,0.566253,"rgb, depth, masks",scenes/scene080/0/rgb.tar; scenes/scene080/0/depth.tar; scenes/scene080/0/labels/masks/v1.tar,"Video-layout preview still for scene080.phase0 (clutter, hard, RPX-DS 0.596)."
images/rpx_hard_scene080_phase2.jpg,scene080.phase2,scene080,2,clean,hard,0.571208,hard,0.566253,"rgb, depth, masks",scenes/scene080/2/rgb.tar; scenes/scene080/2/depth.tar; scenes/scene080/2/labels/masks/v1.tar,"Video-layout preview still for scene080.phase2 (clean, hard, RPX-DS 0.571)."
images/rpx_hard_scene081_phase0.jpg,scene081.phase0,scene081,0,clutter,hard,0.686808,hard,0.627608,"rgb, depth, masks",scenes/scene081/0/rgb.tar; scenes/scene081/0/depth.tar; scenes/scene081/0/labels/masks/v1.tar,"Video-layout preview still for scene081.phase0 (clutter, hard, RPX-DS 0.687)."
images/rpx_hard_scene081_phase1.jpg,scene081.phase1,scene081,1,interaction,hard,0.590950,hard,0.627608,"rgb, depth, masks",scenes/scene081/1/rgb.tar; scenes/scene081/1/depth.tar; scenes/scene081/1/labels/masks/v1.tar,"Video-layout preview still for scene081.phase1 (interaction, hard, RPX-DS 0.591)."
images/rpx_hard_scene081_phase2.jpg,scene081.phase2,scene081,2,clean,hard,0.605067,hard,0.627608,"rgb, depth, masks",scenes/scene081/2/rgb.tar; scenes/scene081/2/depth.tar; scenes/scene081/2/labels/masks/v1.tar,"Video-layout preview still for scene081.phase2 (clean, hard, RPX-DS 0.605)."
images/rpx_hard_scene082_phase0.jpg,scene082.phase0,scene082,0,clutter,hard,0.681483,hard,0.616817,"rgb, depth, masks",scenes/scene082/0/rgb.tar; scenes/scene082/0/depth.tar; scenes/scene082/0/labels/masks/v1.tar,"Video-layout preview still for scene082.phase0 (clutter, hard, RPX-DS 0.681)."
images/rpx_hard_scene082_phase1.jpg,scene082.phase1,scene082,1,interaction,hard,0.580200,hard,0.616817,"rgb, depth, masks",scenes/scene082/1/rgb.tar; scenes/scene082/1/depth.tar; scenes/scene082/1/labels/masks/v1.tar,"Video-layout preview still for scene082.phase1 (interaction, hard, RPX-DS 0.580)."
images/rpx_hard_scene082_phase2.jpg,scene082.phase2,scene082,2,clean,hard,0.588767,hard,0.616817,"rgb, depth, masks",scenes/scene082/2/rgb.tar; scenes/scene082/2/depth.tar; scenes/scene082/2/labels/masks/v1.tar,"Video-layout preview still for scene082.phase2 (clean, hard, RPX-DS 0.589)."
images/rpx_hard_scene083_phase0.jpg,scene083.phase0,scene083,0,clutter,hard,0.626458,hard,0.596653,"rgb, depth, masks",scenes/scene083/0/rgb.tar; scenes/scene083/0/depth.tar; scenes/scene083/0/labels/masks/v1.tar,"Video-layout preview still for scene083.phase0 (clutter, hard, RPX-DS 0.626)."
images/rpx_hard_scene083_phase1.jpg,scene083.phase1,scene083,1,interaction,hard,0.631358,hard,0.596653,"rgb, depth, masks",scenes/scene083/1/rgb.tar; scenes/scene083/1/depth.tar; scenes/scene083/1/labels/masks/v1.tar,"Video-layout preview still for scene083.phase1 (interaction, hard, RPX-DS 0.631)."
images/rpx_hard_scene084_phase1.jpg,scene084.phase1,scene084,1,interaction,hard,0.605925,medium,0.527014,"rgb, depth, masks",scenes/scene084/1/rgb.tar; scenes/scene084/1/depth.tar; scenes/scene084/1/labels/masks/v1.tar,"Video-layout preview still for scene084.phase1 (interaction, hard, RPX-DS 0.606)."
images/rpx_hard_scene085_phase0.jpg,scene085.phase0,scene085,0,clutter,hard,0.592000,hard,0.557739,"rgb, depth, masks",scenes/scene085/0/rgb.tar; scenes/scene085/0/depth.tar; scenes/scene085/0/labels/masks/v1.tar,"Video-layout preview still for scene085.phase0 (clutter, hard, RPX-DS 0.592)."
images/rpx_hard_scene085_phase1.jpg,scene085.phase1,scene085,1,interaction,hard,0.611783,hard,0.557739,"rgb, depth, masks",scenes/scene085/1/rgb.tar; scenes/scene085/1/depth.tar; scenes/scene085/1/labels/masks/v1.tar,"Video-layout preview still for scene085.phase1 (interaction, hard, RPX-DS 0.612)."
images/rpx_hard_scene086_phase0.jpg,scene086.phase0,scene086,0,clutter,hard,0.616717,medium,0.500372,"rgb, depth, masks",scenes/scene086/0/rgb.tar; scenes/scene086/0/depth.tar; scenes/scene086/0/labels/masks/v1.tar,"Video-layout preview still for scene086.phase0 (clutter, hard, RPX-DS 0.617)."
images/rpx_hard_scene087_phase0.jpg,scene087.phase0,scene087,0,clutter,hard,0.604383,hard,0.616831,"rgb, depth, masks",scenes/scene087/0/rgb.tar; scenes/scene087/0/depth.tar; scenes/scene087/0/labels/masks/v1.tar,"Video-layout preview still for scene087.phase0 (clutter, hard, RPX-DS 0.604)."
images/rpx_hard_scene087_phase1.jpg,scene087.phase1,scene087,1,interaction,hard,0.642750,hard,0.616831,"rgb, depth, masks",scenes/scene087/1/rgb.tar; scenes/scene087/1/depth.tar; scenes/scene087/1/labels/masks/v1.tar,"Video-layout preview still for scene087.phase1 (interaction, hard, RPX-DS 0.643)."
images/rpx_hard_scene087_phase2.jpg,scene087.phase2,scene087,2,clean,hard,0.603358,hard,0.616831,"rgb, depth, masks",scenes/scene087/2/rgb.tar; scenes/scene087/2/depth.tar; scenes/scene087/2/labels/masks/v1.tar,"Video-layout preview still for scene087.phase2 (clean, hard, RPX-DS 0.603)."
images/rpx_hard_scene088_phase0.jpg,scene088.phase0,scene088,0,clutter,hard,0.594558,hard,0.602861,"rgb, depth, masks",scenes/scene088/0/rgb.tar; scenes/scene088/0/depth.tar; scenes/scene088/0/labels/masks/v1.tar,"Video-layout preview still for scene088.phase0 (clutter, hard, RPX-DS 0.595)."
images/rpx_hard_scene088_phase1.jpg,scene088.phase1,scene088,1,interaction,hard,0.619200,hard,0.602861,"rgb, depth, masks",scenes/scene088/1/rgb.tar; scenes/scene088/1/depth.tar; scenes/scene088/1/labels/masks/v1.tar,"Video-layout preview still for scene088.phase1 (interaction, hard, RPX-DS 0.619)."
images/rpx_hard_scene088_phase2.jpg,scene088.phase2,scene088,2,clean,hard,0.594825,hard,0.602861,"rgb, depth, masks",scenes/scene088/2/rgb.tar; scenes/scene088/2/depth.tar; scenes/scene088/2/labels/masks/v1.tar,"Video-layout preview still for scene088.phase2 (clean, hard, RPX-DS 0.595)."
images/rpx_hard_scene089_phase1.jpg,scene089.phase1,scene089,1,interaction,hard,0.602083,medium,0.528594,"rgb, depth, masks",scenes/scene089/1/rgb.tar; scenes/scene089/1/depth.tar; scenes/scene089/1/labels/masks/v1.tar,"Video-layout preview still for scene089.phase1 (interaction, hard, RPX-DS 0.602)."
images/rpx_hard_scene009_phase0.jpg,scene009.phase0,scene009,0,clutter,hard,0.626258,medium,0.529517,"rgb, depth, masks",scenes/scene009/0/rgb.tar; scenes/scene009/0/depth.tar; scenes/scene009/0/labels/masks/v1.tar,"Video-layout preview still for scene009.phase0 (clutter, hard, RPX-DS 0.626)."
images/rpx_hard_scene091_phase0.jpg,scene091.phase0,scene091,0,clutter,hard,0.572033,medium,0.513653,"rgb, depth, masks",scenes/scene091/0/rgb.tar; scenes/scene091/0/depth.tar; scenes/scene091/0/labels/masks/v1.tar,"Video-layout preview still for scene091.phase0 (clutter, hard, RPX-DS 0.572)."
images/rpx_hard_scene091_phase2.jpg,scene091.phase2,scene091,2,clean,hard,0.596483,medium,0.513653,"rgb, depth, masks",scenes/scene091/2/rgb.tar; scenes/scene091/2/depth.tar; scenes/scene091/2/labels/masks/v1.tar,"Video-layout preview still for scene091.phase2 (clean, hard, RPX-DS 0.596)."
images/rpx_hard_scene094_phase2.jpg,scene094.phase2,scene094,2,clean,hard,0.563667,easy,0.450914,"rgb, depth, masks",scenes/scene094/2/rgb.tar; scenes/scene094/2/depth.tar; scenes/scene094/2/labels/masks/v1.tar,"Video-layout preview still for scene094.phase2 (clean, hard, RPX-DS 0.564)."
images/rpx_hard_scene095_phase0.jpg,scene095.phase0,scene095,0,clutter,hard,0.609175,hard,0.536622,"rgb, depth, masks",scenes/scene095/0/rgb.tar; scenes/scene095/0/depth.tar; scenes/scene095/0/labels/masks/v1.tar,"Video-layout preview still for scene095.phase0 (clutter, hard, RPX-DS 0.609)."
images/rpx_hard_scene095_phase2.jpg,scene095.phase2,scene095,2,clean,hard,0.562383,hard,0.536622,"rgb, depth, masks",scenes/scene095/2/rgb.tar; scenes/scene095/2/depth.tar; scenes/scene095/2/labels/masks/v1.tar,"Video-layout preview still for scene095.phase2 (clean, hard, RPX-DS 0.562)."
images/rpx_hard_scene096_phase0.jpg,scene096.phase0,scene096,0,clutter,hard,0.595300,hard,0.595989,"rgb, depth, masks",scenes/scene096/0/rgb.tar; scenes/scene096/0/depth.tar; scenes/scene096/0/labels/masks/v1.tar,"Video-layout preview still for scene096.phase0 (clutter, hard, RPX-DS 0.595)."
images/rpx_hard_scene096_phase1.jpg,scene096.phase1,scene096,1,interaction,hard,0.623917,hard,0.595989,"rgb, depth, masks",scenes/scene096/1/rgb.tar; scenes/scene096/1/depth.tar; scenes/scene096/1/labels/masks/v1.tar,"Video-layout preview still for scene096.phase1 (interaction, hard, RPX-DS 0.624)."
images/rpx_hard_scene096_phase2.jpg,scene096.phase2,scene096,2,clean,hard,0.568750,hard,0.595989,"rgb, depth, masks",scenes/scene096/2/rgb.tar; scenes/scene096/2/depth.tar; scenes/scene096/2/labels/masks/v1.tar,"Video-layout preview still for scene096.phase2 (clean, hard, RPX-DS 0.569)."
images/rpx_hard_scene098_phase0.jpg,scene098.phase0,scene098,0,clutter,hard,0.589333,hard,0.544067,"rgb, depth, masks",scenes/scene098/0/rgb.tar; scenes/scene098/0/depth.tar; scenes/scene098/0/labels/masks/v1.tar,"Video-layout preview still for scene098.phase0 (clutter, hard, RPX-DS 0.589)."
