annotation_effort,scene_complexity,occlusion,depth_quality,photometric_conflict,temporal_stability,camera_motion,fisheye_stereo
0.9722222222222222,0.46352413019079686,0.9685746352413019,0.29545454545454547,0.3181818181818182,0.712682379349046,0.7171717171717171,0.5925925925925926
0.8720538720538721,0.4051627384960719,0.7542087542087542,0.4057239057239057,0.3215488215488216,0.7626262626262627,0.5097643097643098,0.6282828282828283
0.8181818181818181,0.5718294051627385,0.5308641975308642,0.3341750841750842,0.1127946127946128,0.40965207631874295,0.8316498316498316,0.6249158249158249
0.7702020202020202,0.5718294051627385,0.7334455667789,0.6245791245791246,0.7205387205387206,0.48709315375982043,0.5723905723905723,0.2505050505050505
0.8569023569023569,0.425364758698092,0.6206509539842874,0.8232323232323233,0.7407407407407407,0.8557800224466892,0.14612794612794616,0.18047138047138045
0.1632996632996633,0.5718294051627385,0.20875420875420878,0.781986531986532,0.765993265993266,0.43490460157126826,0.6168350168350167,0.25925925925925924
0.4225589225589226,0.6672278338945006,0.9023569023569024,0.08333333333333333,0.12457912457912458,0.2789001122334456,0.9710437710437712,0.44579124579124574
0.6835016835016835,0.6604938271604939,0.797979797979798,0.25757575757575757,0.2996632996632997,0.7396184062850729,0.24107744107744108,0.5131313131313131
0.7382154882154882,0.6672278338945006,0.20089786756453423,0.335016835016835,0.2676767676767677,0.43097643097643096,0.6734006734006733,0.531986531986532
0.1632996632996633,0.5718294051627385,0.42873176206509545,0.2617845117845118,0.5185185185185186,0.2239057239057239,0.632996632996633,0.37912457912457914
0.1632996632996633,0.5718294051627385,0.3131313131313131,0.351010101010101,0.638047138047138,0.48821548821548816,0.34141414141414145,0.3784511784511785
0.1632996632996633,0.5718294051627385,0.18294051627384963,0.39983164983164987,0.3737373737373737,0.30583613916947244,0.6101010101010101,0.3420875420875421
0.946969696969697,0.44668911335578,0.8546576879910214,0.234006734006734,0.4175084175084175,0.4377104377104377,0.8430976430976431,0.4249158249158249
0.1632996632996633,0.5718294051627385,0.37710437710437716,0.25084175084175087,0.5168350168350169,0.23512906846240178,0.14276094276094278,0.3245791245791246
0.1632996632996633,0.5718294051627385,0.5016835016835017,0.2786195286195286,0.2946127946127946,0.20145903479236812,0.5959595959595959,0.3346801346801347
0.7744107744107744,0.5718294051627385,0.7345679012345679,0.18097643097643099,0.39057239057239057,0.212682379349046,0.48686868686868684,0.32525252525252524
0.6868686868686869,0.36419753086419754,0.29292929292929293,0.3392255892255892,0.5757575757575758,0.7525252525252525,0.2047138047138047,0.43569023569023574
0.1632996632996633,0.5718294051627385,0.2166105499438833,0.43686868686868685,0.5555555555555556,0.25645342312008973,0.6202020202020202,0.40538720538720535
0.7853535353535354,0.5718294051627385,0.8967452300785634,0.2601010101010101,0.4511784511784511,0.1992143658810325,0.8922558922558922,0.42289562289562294
0.6750841750841751,0.3782267115600449,0.6717171717171717,0.36952861952861954,0.5791245791245792,0.8316498316498316,0.042424242424242434,0.46060606060606063
0.1632996632996633,0.5718294051627385,0.4657687991021324,0.33585858585858586,0.44107744107744107,0.33052749719416386,0.8350168350168351,0.4067340067340067
0.1632996632996633,0.5718294051627385,0.47699214365881043,0.10101010101010101,0.06565656565656565,0.19809203142536477,0.4552188552188553,0.3353535353535354
0.1632996632996633,0.46632996632996626,0.5465768799102133,0.335016835016835,0.8181818181818181,0.6116722783389451,0.0653198653198653,0.44713804713804717
0.1632996632996633,0.5718294051627385,0.23232323232323235,0.3257575757575758,0.4629629629629629,0.2643097643097643,0.7535353535353536,0.42222222222222233
0.5867003367003367,0.5718294051627385,0.967452300785634,0.5303030303030303,0.6060606060606061,0.31930415263748596,0.6828282828282829,0.52996632996633
0.7676767676767677,0.3389450056116723,0.7693602693602694,0.6666666666666666,0.7474747474747474,0.8765432098765431,0.12323232323232322,0.5292929292929293
0.1632996632996633,0.5718294051627385,0.15488215488215487,0.75,0.6801346801346801,0.4079685746352413,0.591919191919192,0.5138047138047137
0.6599326599326599,0.34567901234567905,0.7839506172839507,0.5303030303030303,0.4713804713804714,0.8170594837261503,0.6101010101010101,0.4956228956228956
0.1632996632996633,0.5718294051627385,0.3265993265993266,0.7095959595959596,0.6531986531986531,0.2205387205387205,0.15690235690235693,0.5124579124579125
0.6936026936026936,0.36139169472502813,0.19977553310886645,0.8055555555555556,0.6346801346801347,0.7396184062850729,0.7043771043771044,0.5252525252525253
0.601010101010101,0.33782267115600445,0.8249158249158249,0.5774410774410774,0.7760942760942762,0.3282828282828283,0.6976430976430976,0.5333333333333333
0.7946127946127945,0.335016835016835,0.6352413019079686,0.7786195286195287,0.8316498316498316,0.8333333333333334,0.3488215488215488,0.5508417508417509
0.7853535353535354,0.3271604938271605,0.37485970819304154,0.8207070707070707,0.8013468013468014,0.8754208754208754,0.5811447811447812,0.5515151515151515
0.1632996632996633,0.5718294051627385,0.6318742985409652,0.5622895622895623,0.7037037037037037,0.36980920314253646,0.4545454545454545,0.494949494949495
0.835016835016835,0.41077441077441074,0.5476992143658811,0.7003367003367003,0.6481481481481481,0.7188552188552189,0.17777777777777776,0.5474747474747474
0.7601010101010102,0.5718294051627385,0.3198653198653199,0.7861952861952862,0.8771043771043772,0.4741863075196408,0.7454545454545455,0.5104377104377104
0.946969696969697,0.44668911335578,0.8030303030303031,0.23737373737373738,0.1851851851851852,0.5768799102132435,0.857912457912458,0.5932659932659933
0.9393939393939394,0.372053872053872,0.41077441077441074,0.5412457912457912,0.4595959595959596,0.8069584736251403,0.4835016835016835,0.6269360269360269
0.9377104377104377,0.44949494949494945,0.11447811447811447,0.3122895622895623,0.1127946127946128,0.7384960718294051,0.6538720538720539,0.6148148148148149
0.9713804713804715,0.5718294051627385,0.7637485970819303,0.4124579124579124,0.6801346801346801,0.49214365881032546,0.2861952861952862,0.5232323232323232
0.9696969696969697,0.4051627384960718,0.40965207631874295,0.6287878787878788,0.6599326599326599,0.8148148148148148,0.33131313131313134,0.5494949494949495
0.9427609427609428,0.38327721661054986,0.24130190796857462,0.7415824915824916,0.8417508417508417,0.8512906846240179,0.5784511784511784,0.5367003367003367
0.968013468013468,0.46632996632996626,0.8361391694725028,0.20202020202020202,0.09932659932659933,0.4579124579124579,0.40606060606060607,0.4134680134680135
0.718013468013468,0.4169472502805836,0.26599326599326595,0.2516835016835017,0.3501683501683502,0.5959595959595959,0.05387205387205387,0.5279461279461279
0.8501683501683501,0.5718294051627385,0.21885521885521886,0.2685185185185185,0.11111111111111112,0.19360269360269358,0.36430976430976425,0.4390572390572391
0.1632996632996633,0.5718294051627385,0.468013468013468,0.23737373737373738,0.1447811447811448,0.17676767676767677,0.35420875420875425,0.4121212121212121
0.1632996632996633,0.3810325476992144,0.2671156004489338,0.17760942760942763,0.2946127946127946,0.6083052749719416,0.15892255892255894,0.5218855218855218
0.1632996632996633,0.5718294051627385,0.09652076318742986,0.35353535353535354,0.09932659932659933,0.20370370370370372,0.3171717171717171,0.441077441077441
0.6548821548821548,0.48148148148148157,0.9214365881032548,0.2702020202020202,0.11616161616161616,0.5521885521885522,0.25656565656565655,0.42087542087542085
0.46632996632996637,0.40404040404040403,0.2839506172839506,0.28703703703703703,0.2895622895622896,0.48653198653198654,0.05521885521885522,0.5158249158249159
0.6422558922558923,0.44668911335578,0.3254769921436588,0.28703703703703703,0.09764309764309764,0.5061728395061729,0.2754208754208754,0.44511784511784513
0.7272727272727273,0.5718294051627385,0.632996632996633,0.31902356902356904,0.1616161616161616,0.20033670033670034,0.33265993265993266,0.40808080808080804
0.1632996632996633,0.4343434343434343,0.20538720538720537,0.3998316498316498,0.3400673400673401,0.5117845117845118,0.18047138047138045,0.5333333333333334
0.7626262626262625,0.3810325476992144,0.13468013468013468,0.43097643097643096,0.16498316498316498,0.5145903479236812,0.2855218855218855,0.43030303030303035
0.8324915824915825,0.31200897867564537,0.6464646464646465,0.37037037037037035,0.27104377104377103,0.8092031425364757,0.3104377104377104,0.36632996632996634
0.5303030303030303,0.361391694725028,0.29741863075196406,0.41077441077441074,0.4242424242424242,0.7850729517396183,0.06262626262626263,0.5468013468013468
0.7693602693602694,0.3849607182940516,0.20202020202020202,0.3627946127946128,0.32996632996632996,0.5084175084175083,0.21683501683501688,0.3791245791245791
0.1632996632996633,0.5718294051627385,0.4792368125701459,0.6624579124579124,0.7609427609427609,0.3843995510662177,0.8835016835016833,0.5393939393939393
0.1632996632996633,0.5718294051627385,0.3164983164983165,0.8308080808080808,0.595959595959596,0.26487093153759816,0.0404040404040404,0.5905723905723905
0.1632996632996633,0.5718294051627385,0.13692480359147027,0.8914141414141414,0.8501683501683501,0.4326599326599326,0.7077441077441077,0.5656565656565656
0.7037037037037037,0.5718294051627385,0.6941638608305275,0.6683501683501684,0.7323232323232323,0.3653198653198653,0.7791245791245791,0.5292929292929294
0.1632996632996633,0.5718294051627385,0.3108866442199775,0.936026936026936,0.835016835016835,0.18686868686868685,0.022895622895622893,0.608080808080808
0.5597643097643097,0.5718294051627385,0.18967452300785634,0.8097643097643098,0.8468013468013468,0.4472502805836139,0.7353535353535354,0.5804713804713805
0.5286195286195287,0.5718294051627385,0.6520763187429853,0.6094276094276094,0.5521885521885521,0.4371492704826037,0.672053872053872,0.5037037037037038
0.1632996632996633,0.5718294051627385,0.28731762065095395,0.8636363636363636,0.7727272727272727,0.32154882154882153,0.01548821548821549,0.5454545454545454
0.5496632996632996,0.5718294051627385,0.244668911335578,0.712962962962963,0.5942760942760943,0.48316498316498313,0.6781144781144781,0.5077441077441078
0.1632996632996633,0.5718294051627385,0.41526374859708187,0.5816498316498316,0.6026936026936027,0.43153759820426485,0.606060606060606,0.46127946127946123
0.1632996632996633,0.5718294051627385,0.16049382716049382,0.8013468013468014,0.5370370370370371,0.20707070707070704,0.02558922558922559,0.5434343434343434
0.1632996632996633,0.5718294051627385,0.1851851851851852,0.6994949494949495,0.6245791245791246,0.49326599326599324,0.7562289562289563,0.501010101010101
0.7424242424242424,0.5718294051627385,0.7042648709315377,0.1675084175084175,0.08417508417508418,0.17789001122334455,0.8094276094276094,0.5966329966329966
0.930976430976431,0.44668911335578,0.46015712682379356,0.37037037037037035,0.37037037037037035,0.6548821548821548,0.38989898989898986,0.6087542087542088
0.8611111111111112,0.5718294051627385,0.122334455667789,0.3973063973063973,0.10774410774410774,0.292368125701459,0.7757575757575758,0.6303030303030303
0.1632996632996633,0.5718294051627385,0.6341189674523008,0.6355218855218856,0.5488215488215488,0.36419753086419754,0.6080808080808081,0.5313131313131314
0.1632996632996633,0.5718294051627385,0.17845117845117844,0.7575757575757576,0.6245791245791246,0.34175084175084175,0.11111111111111112,0.4774410774410775
0.1632996632996633,0.4079685746352413,0.1313131313131313,0.7988215488215489,0.6582491582491583,0.7424242424242423,0.703030303030303,0.5441077441077441
0.1632996632996633,0.5718294051627385,0.8097643097643097,0.1893939393939394,0.3552188552188552,0.41919191919191917,0.8484848484848484,0.17575757575757575
0.1632996632996633,0.5718294051627385,0.600448933782267,0.4065656565656566,0.4781144781144781,0.45959595959595956,0.2538720538720539,0.1872053872053872
0.1632996632996633,0.5718294051627385,0.2850729517396184,0.3779461279461279,0.41414141414141414,0.356341189674523,0.7663299663299663,0.14814814814814814
0.1632996632996633,0.5718294051627385,0.8260381593714926,0.1919191919191919,0.4074074074074074,0.3069584736251403,0.6222222222222222,0.1872053872053872
0.563973063973064,0.5718294051627385,0.46015712682379356,0.38468013468013473,0.4175084175084175,0.3546576879910213,0.4114478114478115,0.16565656565656567
0.1632996632996633,0.5718294051627385,0.15824915824915825,0.39057239057239057,0.40740740740740744,0.23176206509539843,0.9016835016835018,0.1717171717171717
0.8013468013468014,0.46632996632996626,0.7312008978675646,0.3804713804713805,0.37710437710437705,0.3956228956228956,0.9622895622895623,0.17845117845117844
0.8240740740740741,0.44668911335578,0.39618406285072955,0.6565656565656566,0.5033670033670034,0.632996632996633,0.1898989898989899,0.1622895622895623
0.8240740740740741,0.5718294051627385,0.25925925925925924,0.6523569023569025,0.4343434343434343,0.47586980920314254,0.6646464646464647,0.16498316498316498
0.38215488215488214,0.5718294051627385,0.6105499438832772,0.28535353535353536,0.4057239057239057,0.2519640852974186,0.872053872053872,0.15824915824915825
0.1632996632996633,0.4169472502805836,0.4478114478114478,0.4739057239057239,0.5050505050505051,0.7519640852974186,0.24175084175084174,0.18047138047138045
0.6986531986531986,0.46632996632996626,0.3176206509539843,0.5244107744107744,0.430976430976431,0.5982042648709315,0.72996632996633,0.15824915824915825
0.7154882154882155,0.5718294051627385,0.7390572390572391,0.1835016835016835,0.4107744107744108,0.39337822671156003,0.7084175084175084,0.20269360269360268
0.5681818181818181,0.5718294051627385,0.419753086419753,0.3872053872053872,0.4562289562289562,0.4163860830527497,0.14006734006734006,0.15084175084175083
0.1632996632996633,0.5718294051627385,0.17059483726150393,0.4074074074074074,0.41245791245791247,0.23625140291806956,0.7245791245791245,0.18653198653198652
0.1632996632996633,0.5718294051627385,0.7199775533108866,0.33838383838383834,0.4781144781144781,0.38664421997755327,0.5124579124579125,0.5973063973063973
0.1632996632996633,0.5718294051627385,0.372615039281706,0.5900673400673401,0.5387205387205387,0.5432098765432098,0.3744107744107744,0.593939393939394
0.680976430976431,0.4994388327721661,0.20426487093153758,0.7331649831649831,0.8434343434343434,0.7379349046015712,0.6350168350168349,0.6087542087542087
0.5143097643097643,0.5718294051627385,0.8125701459034792,0.3324915824915825,0.4781144781144781,0.36195286195286197,0.6242424242424243,0.5973063973063973
0.1632996632996633,0.5718294051627385,0.35802469135802467,0.4722222222222222,0.5471380471380471,0.5757575757575758,0.16969696969696968,0.5838383838383839
0.1632996632996633,0.5718294051627385,0.35353535353535354,0.45875420875420875,0.51010101010101,0.33389450056116715,0.6639730639730639,0.597979797979798
0.1632996632996633,0.5718294051627385,0.9702581369248037,0.2946127946127946,0.5185185185185185,0.24971941638608305,0.41885521885521887,0.5656565656565656
0.1632996632996633,0.5718294051627385,0.6363636363636364,0.5723905723905724,0.5993265993265993,0.19023569023569023,0.0707070707070707,0.6033670033670033
0.5723905723905724,0.5718294051627385,0.4163860830527497,0.5774410774410774,0.6060606060606061,0.398989898989899,0.6861952861952861,0.5838383838383839
0.82996632996633,0.3333333333333333,0.9096520763187431,0.1851851851851852,0.46127946127946123,0.95679012345679,0.46397306397306404,0.5636363636363637
0.6397306397306397,0.3580246913580247,0.8221099887766554,0.2441077441077441,0.47474747474747475,0.8187429854096521,0.10707070707070707,0.5555555555555556
0.7407407407407407,0.36980920314253646,0.3423120089786756,0.46632996632996637,0.48484848484848486,0.7076318742985409,0.7966329966329966,0.5898989898989898
0.1632996632996633,0.5718294051627385,0.8120089786756454,0.13047138047138046,0.04882154882154882,0.22615039281705948,0.9212121212121211,0.6107744107744107
0.8745791245791246,0.44668911335578,0.3108866442199775,0.36784511784511786,0.45959595959595956,0.6649831649831649,0.28552188552188557,0.6026936026936027
0.1632996632996633,0.5718294051627385,0.13468013468013468,0.3720538720538721,0.1430976430976431,0.25420875420875416,0.7919191919191919,0.6161616161616161
0.638047138047138,0.46632996632996626,0.7682379349046015,0.38131313131313127,0.5101010101010102,0.6010101010101011,0.795959595959596,0.5717171717171718
0.5984848484848484,0.46632996632996626,0.34006734006734013,0.6060606060606061,0.6043771043771043,0.7081930415263749,0.5158249158249159,0.5723905723905724
0.8080808080808081,0.5718294051627385,0.29629629629629634,0.5656565656565657,0.5909090909090909,0.3103254769921437,0.696969696969697,0.593939393939394
0.7575757575757576,0.5718294051627385,0.9191919191919192,0.5808080808080809,0.30134680134680136,0.505050505050505,0.40808080808080816,0.7144781144781145
0.7003367003367003,0.425364758698092,0.9118967452300786,0.5648148148148149,0.46464646464646464,0.712682379349046,0.08282828282828283,0.6161616161616161
0.1632996632996633,0.5718294051627385,0.8108866442199775,0.5555555555555556,0.30303030303030304,0.3451178451178451,0.5993265993265994,0.7265993265993267
0.632996632996633,0.5718294051627385,0.8142536475869809,0.6414141414141414,0.41582491582491576,0.3035914702581369,0.505050505050505,0.7097643097643098
0.877946127946128,0.5718294051627385,0.7996632996632996,0.76010101010101,0.6026936026936027,0.5196408529741863,0.19730639730639732,0.6289562289562289
0.6902356902356902,0.4994388327721661,0.7603815937149271,0.8493265993265993,0.569023569023569,0.7485970819304152,0.49764309764309755,0.7252525252525253
0.7643097643097643,0.5718294051627385,0.9517396184062852,0.5521885521885521,0.31481481481481477,0.46689113355780026,0.4861952861952862,0.7158249158249158
0.569023569023569,0.46632996632996626,0.9551066217732883,0.5058922558922558,0.46632996632996637,0.7474747474747475,0.21077441077441078,0.6397306397306397
0.6245791245791246,0.4090909090909091,0.9551066217732883,0.5067340067340067,0.3569023569023569,0.8322109988776655,0.7845117845117844,0.7797979797979797
0.1632996632996633,0.5718294051627385,0.8911335578002245,0.627104377104377,0.5185185185185185,0.35409652076318743,0.49023569023569025,0.6653198653198653
0.47138047138047134,0.3529741863075197,0.7031425364758698,0.7087542087542087,0.5740740740740741,0.9640852974186308,0.25521885521885523,0.6343434343434343
0.3779461279461279,0.5718294051627385,0.6038159371492705,0.6843434343434344,0.6212121212121212,0.41358024691358025,0.6585858585858586,0.7548821548821549
0.5740740740740741,0.425364758698092,0.9377104377104377,0.7011784511784511,0.398989898989899,0.5634118967452301,0.48754208754208755,0.7602693602693603
0.5917508417508417,0.35746352413019084,0.8254769921436589,0.734006734006734,0.6902356902356903,0.946127946127946,0.3070707070707071,0.696969696969697
0.5740740740740741,0.5718294051627385,0.7424242424242425,0.7533670033670034,0.6077441077441077,0.36083052749719413,0.5744107744107744,0.7845117845117844
0.6380471380471381,0.4169472502805836,0.7334455667789,0.27104377104377103,0.46632996632996637,0.521885521885522,0.4942760942760943,0.672053872053872
0.8265993265993266,0.393939393939394,0.5398428731762065,0.5101010101010102,0.6582491582491583,0.7255892255892257,0.1925925925925926,0.7272727272727273
0.5841750841750841,0.5718294051627385,0.2716049382716049,0.4385521885521886,0.42424242424242425,0.2721661054994388,0.7198653198653199,0.7333333333333334
0.8324915824915825,0.4169472502805836,0.9624017957351291,0.10774410774410775,0.42424242424242425,0.6992143658810326,0.7521885521885521,0.6835016835016835
0.3728956228956229,0.4051627384960718,0.5735129068462401,0.3005050505050505,0.6212121212121212,0.6049382716049383,0.21010101010101012,0.7299663299663299
0.1632996632996633,0.5718294051627385,0.2760942760942761,0.28535353535353536,0.4932659932659933,0.27104377104377103,0.5501683501683502,0.7925925925925925
0.5269360269360269,0.5718294051627385,0.35802469135802467,0.3947811447811448,0.7878787878787878,0.3002244668911335,0.5670033670033671,0.6801346801346801
0.7912457912457913,0.46632996632996626,0.34455667789001126,0.5909090909090909,0.9057239057239057,0.5353535353535354,0.07272727272727272,0.6632996632996633
0.1632996632996633,0.5718294051627385,0.1750841750841751,0.37962962962962965,0.4882154882154882,0.26318742985409654,0.6249158249158249,0.7144781144781145
0.41414141414141414,0.5718294051627385,0.6829405162738497,0.4031986531986532,0.7861952861952862,0.39113355780022446,0.5589225589225588,0.7164983164983164
0.4696969696969697,0.5718294051627385,0.5914702581369248,0.5951178451178452,0.7693602693602694,0.48821548821548816,0.38316498316498315,0.7299663299663299
0.531986531986532,0.4343434343434343,0.361391694725028,0.5925925925925926,0.6515151515151515,0.7177328843995511,0.6828282828282829,0.7494949494949494
0.962962962962963,0.4169472502805836,0.8114478114478114,0.2079124579124579,0.18686868686868688,0.7895622895622895,0.6882154882154883,0.5851851851851853
0.9663299663299664,0.3714927048260382,0.2716049382716049,0.48148148148148145,0.44276094276094274,0.9523007856341189,0.36363636363636365,0.6033670033670033
0.8367003367003367,0.5718294051627385,0.1414141414141414,0.3181818181818182,0.07575757575757576,0.5858585858585859,0.8518518518518519,0.608080808080808
0.4747474747474747,0.5718294051627385,0.5937149270482603,0.1792929292929293,0.6784511784511784,0.3529741863075196,0.5865319865319866,0.6956228956228957
0.5892255892255892,0.4012345679012346,0.3434343434343434,0.22053872053872053,0.6195286195286196,0.6374859708193041,0.5346801346801346,0.7178451178451178
0.5058922558922558,0.5718294051627385,0.27048260381593714,0.3173400673400673,0.5235690235690236,0.3260381593714927,0.7555555555555556,0.7340067340067341
0.4057239057239057,0.5718294051627385,0.7760942760942761,0.10521885521885523,0.42424242424242425,0.21717171717171715,0.4909090909090909,0.33198653198653194
0.4006734006734007,0.4023569023569024,0.31537598204264866,0.41245791245791247,0.531986531986532,0.6352413019079686,0.40606060606060607,0.47070707070707074
0.43434343434343436,0.5718294051627385,0.186307519640853,0.23484848484848486,0.3703703703703704,0.2272727272727273,0.9198653198653199,0.37777777777777777
0.5824915824915825,0.46632996632996626,0.8378226711560046,0.4065656565656566,0.4537037037037037,0.4405162738496071,0.5138047138047137,0.3306397306397306
0.43434343434343436,0.3383838383838384,0.6964085297418631,0.6287878787878789,0.5606060606060607,0.7435465768799103,0.24107744107744106,0.4377104377104377
0.1632996632996633,0.5718294051627385,0.5993265993265994,0.7407407407407407,0.5824915824915825,0.2946127946127946,0.5838383838383839,0.468013468013468
0.1632996632996633,0.5718294051627385,0.6464646464646465,0.36195286195286197,0.48316498316498313,0.18462401795735128,0.6161616161616161,0.31111111111111106
0.45707070707070707,0.5718294051627385,0.367003367003367,0.6296296296296297,0.6296296296296297,0.29124579124579125,0.4397306397306398,0.46936026936026937
0.1632996632996633,0.5718294051627385,0.09988776655443321,0.5521885521885521,0.4713804713804714,0.3439955106621773,0.7892255892255892,0.43838383838383843
0.4377104377104377,0.5718294051627385,0.8462401795735129,0.21296296296296297,0.3914141414141414,0.18799102132435466,0.27609427609427606,0.40875420875420876
0.3888888888888889,0.46632996632996626,0.5263748597081931,0.5202020202020201,0.46464646464646464,0.5028058361391694,0.4430976430976431,0.5212121212121212
0.1632996632996633,0.5718294051627385,0.18742985409652077,0.3047138047138047,0.3855218855218855,0.29797979797979796,0.5616161616161616,0.45993265993265986
0.4545454545454546,0.5718294051627385,0.3176206509539843,0.2542087542087542,0.4351851851851852,0.18013468013468015,0.3138047138047138,0.30168350168350166
0.4292929292929293,0.37093153759820424,0.20538720538720537,0.36952861952861954,0.4427609427609428,0.632435465768799,0.4552188552188552,0.5063973063973064
0.4267676767676768,0.5718294051627385,0.12906846240179573,0.4031986531986532,0.39646464646464646,0.28226711560044887,0.6121212121212121,0.437037037037037
0.48063973063973064,0.5718294051627385,0.9809203142536477,0.32407407407407407,0.3114478114478114,0.38047138047138046,0.7858585858585858,0.3353535353535354
0.1632996632996633,0.5718294051627385,0.7312008978675646,0.430976430976431,0.2996632996632997,0.3771043771043771,0.20673400673400674,0.4094276094276094
0.51010101010101,0.5718294051627385,0.49607182940516276,0.5277777777777778,0.23063973063973064,0.5342312008978676,0.9851851851851852,0.33670033670033667
0.38215488215488214,0.5718294051627385,0.6863075196408529,0.37542087542087543,0.35858585858585856,0.33726150392817056,0.4801346801346802,0.32121212121212117
0.367003367003367,0.5718294051627385,0.3838383838383838,0.43265993265993263,0.36195286195286197,0.42143658810325474,0.3488215488215488,0.41548821548821546
0.1632996632996633,0.5718294051627385,0.24242424242424243,0.6052188552188552,0.3720538720538721,0.44612794612794615,0.6269360269360269,0.3595959595959596
0.1632996632996633,0.5718294051627385,0.8860830527497194,0.36026936026936024,0.45791245791245794,0.42817059483726144,0.43636363636363634,0.32659932659932656
0.4006734006734007,0.39113355780022446,0.734567901234568,0.5909090909090908,0.5808080808080808,0.7413019079685746,0.22087542087542084,0.3757575757575758
0.1632996632996633,0.5718294051627385,0.26936026936026936,0.6574074074074073,0.4730639730639731,0.37093153759820424,0.7616161616161616,0.3346801346801347
0.7095959595959596,0.5718294051627385,0.925364758698092,0.4722222222222222,0.5740740740740741,0.23961840628507294,0.5063973063973064,0.31717171717171716
0.6801346801346801,0.5718294051627385,0.39057239057239057,0.5042087542087542,0.7727272727272727,0.3367003367003367,0.01818181818181818,0.13872053872053872
0.5303030303030303,0.5718294051627385,0.10662177328843996,0.6893939393939393,0.6734006734006734,0.4169472502805836,0.7299663299663299,0.2781144781144781
0.1632996632996633,0.5718294051627385,0.9118967452300786,0.2870370370370371,0.265993265993266,0.451739618406285,0.6316498316498317,0.30505050505050507
0.452020202020202,0.4169472502805836,0.6083052749719416,0.5244107744107744,0.3114478114478114,0.8681257014590348,0.2841750841750842,0.38653198653198656
0.1632996632996633,0.5718294051627385,0.3333333333333333,0.4612794612794613,0.2239057239057239,0.3664421997755331,0.7023569023569023,0.3575757575757576
0.7895622895622896,0.5718294051627385,0.978675645342312,0.595959595959596,0.5151515151515151,0.3047138047138047,0.6585858585858586,0.5858585858585859
0.7466329966329966,0.46632996632996626,0.7884399551066217,0.7912457912457913,0.7037037037037037,0.5701459034792369,0.7232323232323232,0.6754208754208755
0.6178451178451179,0.5718294051627385,0.5140291806958474,0.8265993265993267,0.6599326599326599,0.27665544332210995,0.8646464646464647,0.6626262626262627
0.5900673400673401,0.5718294051627385,0.744668911335578,0.8552188552188552,0.6750841750841751,0.30920314253647585,0.6767676767676767,0.6430976430976432
0.7196969696969697,0.3810325476992144,0.44219977553310885,0.8661616161616162,0.6161616161616161,0.7160493827160493,0.6080808080808081,0.7090909090909091
0.7996632996632996,0.40179573512906847,0.22671156004489337,0.882996632996633,0.5909090909090908,0.6015712682379349,0.6626262626262627,0.6491582491582492
0.7828282828282829,0.33782267115600445,0.9523007856341189,0.6574074074074074,0.3383838383838384,0.9876543209876543,0.8666666666666666,0.6437710437710438
0.6287878787878788,0.39113355780022446,0.42312008978675647,0.8577441077441078,0.8602693602693603,0.7940516273849608,0.3737373737373738,0.7245791245791245
0.4006734006734007,0.425364758698092,0.21885521885521886,0.8754208754208754,0.6919191919191919,0.5617283950617283,0.6909090909090909,0.7252525252525253
0.1632996632996633,0.5718294051627385,0.4365881032547699,0.7811447811447811,0.6195286195286196,0.260942760942761,0.5845117845117845,0.6491582491582492
0.1632996632996633,0.37934904601571273,0.33782267115600445,0.7609427609427609,0.67003367003367,0.553872053872054,0.5521885521885522,0.6915824915824916
0.1632996632996633,0.5718294051627385,0.23681257014590348,0.8072390572390573,0.6178451178451179,0.34062850729517397,0.6552188552188551,0.6612794612794614
0.1632996632996633,0.5718294051627385,0.7951739618406286,0.5117845117845118,0.6414141414141414,0.4528619528619528,0.6962962962962963,0.6127946127946128
0.1632996632996633,0.46632996632996626,0.579124579124579,0.7828282828282828,0.7693602693602694,0.6419753086419754,0.4161616161616162,0.7205387205387205
0.1632996632996633,0.5718294051627385,0.18294051627384963,0.8164983164983166,0.6986531986531986,0.4910213243546577,0.5622895622895623,0.6370370370370371
0.1632996632996633,0.5718294051627385,0.5768799102132436,0.6245791245791246,0.8585858585858586,0.3597081930415264,0.36296296296296293,0.4983164983164984
0.1632996632996633,0.5718294051627385,0.2850729517396184,0.7904040404040403,0.9074074074074074,0.3810325476992144,0.09427609427609428,0.5508417508417508
0.1632996632996633,0.361391694725028,0.2839506172839506,0.7483164983164983,0.8232323232323232,0.8731762065095398,0.468013468013468,0.5225589225589227
0.4629629629629629,0.40179573512906847,0.8843995510662177,0.5143097643097643,0.7508417508417509,0.7946127946127945,0.5104377104377105,0.5104377104377104
0.4612794612794613,0.44668911335578,0.622895622895623,0.7146464646464646,0.9612794612794613,0.7306397306397306,0.09696969696969698,0.5380471380471381
0.7601010101010102,0.5718294051627385,0.41863075196408533,0.6523569023569024,0.728956228956229,0.589786756453423,0.34141414141414145,0.49898989898989904
0.1632996632996633,0.5718294051627385,0.5140291806958474,0.4082491582491582,0.6717171717171717,0.4506172839506173,0.30774410774410776,0.5252525252525253
0.1632996632996633,0.46632996632996626,0.39057239057239057,0.7685185185185185,0.9343434343434344,0.8557800224466892,0.1414141414141414,0.5279461279461279
0.1632996632996633,0.3978675645342313,0.31425364758698093,0.765993265993266,0.8400673400673401,0.7149270482603817,0.32525252525252524,0.507070707070707
0.1632996632996633,0.3978675645342313,0.4130190796857464,0.6254208754208754,0.760942760942761,0.787878787878788,0.2666666666666667,0.46936026936026937
0.1632996632996633,0.425364758698092,0.3569023569023569,0.7895622895622896,0.8804713804713805,0.7991021324354657,0.11447811447811448,0.5131313131313131
0.664983164983165,0.5718294051627385,0.17732884399551066,0.6826599326599326,0.7811447811447811,0.6127946127946128,0.5158249158249159,0.428956228956229
0.6473063973063973,0.5718294051627385,0.851851851851852,0.6498316498316498,0.6111111111111112,0.4618406285072951,0.5138047138047138,0.27542087542087546
0.7996632996632997,0.3849607182940516,0.42312008978675647,0.8232323232323232,0.728956228956229,0.8310886644219977,0.10841750841750841,0.18181818181818182
0.1632996632996633,0.3978675645342313,0.2356902356902357,0.8526936026936027,0.7727272727272727,0.7373737373737373,0.7077441077441077,0.27070707070707073
0.1632996632996633,0.5718294051627385,0.7042648709315377,0.4814814814814815,0.7390572390572391,0.4663299663299663,0.35084175084175084,0.40808080808080816
0.6262626262626263,0.33221099887766553,0.5768799102132436,0.7255892255892256,0.9511784511784511,0.9315375982042648,0.19326599326599325,0.44579124579124574
0.6346801346801347,0.335016835016835,0.500561167227834,0.6641414141414141,0.8888888888888888,0.6941638608305275,0.4047138047138047,0.4882154882154882
0.5934343434343434,0.5718294051627385,0.7884399551066217,0.27104377104377103,0.21885521885521886,0.2025813692480359,0.2606060606060606,0.428956228956229
0.5235690235690236,0.5718294051627385,0.6273849607182941,0.31986531986531985,0.21717171717171718,0.20819304152637486,0.04713804713804714,0.43905723905723903
0.1632996632996633,0.5718294051627385,0.16722783389450058,0.45959595959595956,0.2777777777777778,0.20931537598204264,0.3616161616161616,0.5131313131313131
0.41414141414141414,0.5718294051627385,0.5757575757575758,0.14225589225589225,0.16498316498316498,0.30246913580246915,0.5663299663299664,0.4673400673400673
0.8047138047138047,0.3759820426487093,0.21997755331088664,0.4057239057239057,0.38383838383838387,0.6167227833894501,0.25252525252525254,0.5703703703703704
0.7760942760942761,0.36251402918069586,0.11447811447811447,0.39057239057239057,0.2053872053872054,0.7833894500561166,0.5528619528619528,0.501010101010101
0.7542087542087542,0.5718294051627385,0.6071829405162739,0.21043771043771045,0.32323232323232326,0.23063973063973062,0.19595959595959594,0.4525252525252525
0.7777777777777778,0.36419753086419754,0.13468013468013468,0.4099326599326599,0.2878787878787879,0.6402918069584737,0.331986531986532,0.5468013468013468
0.6851851851851851,0.356341189674523,0.0931537598204265,0.4107744107744108,0.27946127946127947,0.47979797979797983,0.1158249158249158,0.6134680134680135
0.4006734006734007,0.388327721661055,0.8585858585858586,0.33585858585858586,0.3653198653198653,0.6021324354657688,0.3744107744107744,0.4861952861952862
0.5841750841750841,0.44668911335578,0.21212121212121213,0.5976430976430976,0.48484848484848486,0.4332210998877666,0.6774410774410774,0.639057239057239
0.6473063973063973,0.36980920314253646,0.10662177328843996,0.47053872053872053,0.5134680134680134,0.4158249158249158,0.3750841750841751,0.6188552188552188
0.1632996632996633,0.5718294051627385,0.2895622895622896,0.3392255892255892,0.3265993265993266,0.21604938271604937,0.37643097643097645,0.4666666666666666
0.1632996632996633,0.40179573512906847,0.10325476992143658,0.49242424242424243,0.35185185185185186,0.6520763187429854,0.4161616161616162,0.5595959595959596
0.1632996632996633,0.3569023569023569,0.09988776655443321,0.49242424242424243,0.468013468013468,0.7480359147025814,0.4781144781144781,0.6632996632996633
0.6447811447811448,0.5718294051627385,0.8799102132435466,0.5151515151515151,0.7323232323232323,0.2429854096520763,0.573063973063973,0.4707070707070707
0.5353535353535354,0.5718294051627385,0.3501683501683502,0.6414141414141413,0.7154882154882155,0.32323232323232326,0.04511784511784512,0.5218855218855218
0.5269360269360269,0.4556677890011223,0.2839506172839506,0.7053872053872055,0.7558922558922558,0.7839506172839507,0.5306397306397306,0.5117845117845118
0.5496632996632996,0.5718294051627385,0.8052749719416387,0.4562289562289562,0.494949494949495,0.22951739618406286,0.5158249158249157,0.4632996632996633
0.5353535353535354,0.5718294051627385,0.3703703703703704,0.696969696969697,0.6313131313131313,0.21492704826038156,0.04983164983164983,0.5191919191919192
0.1632996632996633,0.5718294051627385,0.20875420875420878,0.617003367003367,0.6952861952861953,0.2508417508417508,0.6747474747474748,0.49831649831649827
0.5867003367003367,0.5718294051627385,0.8265993265993267,0.34764309764309764,0.5218855218855218,0.24523007856341192,0.6323232323232324,0.45993265993265997
0.5353535353535354,0.4079685746352413,0.36475869809203143,0.7803030303030303,0.7306397306397306,0.5561167227833894,0.0047138047138047135,0.5333333333333333
0.1632996632996633,0.5718294051627385,0.186307519640853,0.6944444444444445,0.696969696969697,0.48653198653198654,0.7622895622895622,0.5003367003367003
0.6313131313131313,0.5718294051627385,0.6700336700336701,0.44528619528619534,0.6801346801346801,0.20482603815937148,0.4114478114478115,0.48417508417508415
0.5597643097643097,0.5718294051627385,0.38271604938271603,0.6397306397306398,0.9579124579124579,0.4113355780022447,0.09831649831649832,0.4983164983164984
0.6094276094276094,0.5718294051627385,0.14365881032547698,0.7062289562289562,0.8333333333333333,0.4854096520763187,0.626936026936027,0.5003367003367003
0.7811447811447811,0.5718294051627385,0.6964085297418631,0.5168350168350169,0.5521885521885522,0.35185185185185186,0.4377104377104377,0.2572390572390572
0.1632996632996633,0.44668911335578,0.3546576879910213,0.7003367003367004,0.6548821548821548,0.5813692480359146,0.1420875420875421,0.18114478114478114
0.1632996632996633,0.5718294051627385,0.14814814814814814,0.7196969696969696,0.8198653198653199,0.4236812570145903,0.6996632996632997,0.28215488215488216
0.7558922558922558,0.5718294051627385,0.665544332210999,0.5446127946127947,0.7794612794612794,0.2833894500561167,0.5616161616161616,0.4949494949494949
0.702020202020202,0.41077441077441074,0.2716049382716049,0.6868686868686869,0.9713804713804713,0.5364758698092031,0.21144781144781147,0.48215488215488217
0.6784511784511784,0.5718294051627385,0.12345679012345678,0.5976430976430978,0.7643097643097643,0.34736251402918067,0.7905723905723906,0.47676767676767684
0.7382154882154882,0.38552188552188554,0.936026936026936,0.4941077441077441,0.5757575757575757,0.8383838383838383,0.8026936026936026,0.6269360269360269
0.696969696969697,0.409652076318743,0.4433221099887767,0.6304713804713805,0.5824915824915825,0.7115600448933783,0.40538720538720535,0.6060606060606061
0.6666666666666667,0.46632996632996626,0.2570145903479237,0.6085858585858586,0.5168350168350169,0.6823793490460157,0.8114478114478114,0.5757575757575758
0.7962962962962963,0.39113355780022446,0.9259259259259259,0.4461279461279461,0.47474747474747475,0.9388327721661055,0.7919191919191919,0.5212121212121212
0.7727272727272727,0.35634118967452305,0.34455667789001126,0.6111111111111112,0.5976430976430976,0.9259259259259259,0.3400673400673401,0.5367003367003367
0.6952861952861953,0.5718294051627385,0.11335578002244669,0.6944444444444444,0.45286195286195285,0.4551066217732884,0.8222222222222222,0.5225589225589226
0.6624579124579124,0.46632996632996626,0.9842873176206509,0.5538720538720538,0.4797979797979798,0.6520763187429854,0.6538720538720538,0.5185185185185185
0.7053872053872055,0.3569023569023569,0.4758698092031426,0.7255892255892256,0.6178451178451179,0.9169472502805837,0.5063973063973064,0.6249158249158249
0.5143097643097643,0.5718294051627385,0.22783389450056116,0.7550505050505051,0.47979797979797983,0.49775533108866443,0.5622895622895623,0.5528619528619529
0.1632996632996633,0.5718294051627385,0.9943883277216611,0.45538720538720534,0.4882154882154882,0.478675645342312,0.7494949494949494,0.5488215488215488
0.6287878787878788,0.441077441077441,0.6004489337822672,0.7112794612794613,0.7508417508417509,0.8013468013468014,0.3481481481481482,0.6861952861952861
0.1632996632996633,0.5718294051627385,0.2143658810325477,0.7205387205387205,0.5336700336700337,0.4955106621773288,0.6942760942760942,0.6161616161616161
0.6363636363636364,0.46632996632996626,0.9865319865319865,0.4284511784511784,0.48148148148148145,0.7407407407407408,0.4430976430976431,0.5905723905723905
0.6245791245791246,0.40291806958473625,0.4567901234567902,0.6851851851851853,0.5404040404040404,0.914702581369248,0.5764309764309765,0.6370370370370371
0.1632996632996633,0.5718294051627385,0.16498316498316498,0.6952861952861953,0.4545454545454546,0.4797979797979797,0.8498316498316498,0.5400673400673401
0.6902356902356902,0.46632996632996626,0.8445566778900112,0.382996632996633,0.2710437710437711,0.7497194163860831,0.973063973063973,0.331986531986532
0.367003367003367,0.46632996632996626,0.37485970819304154,0.6565656565656566,0.6212121212121212,0.6285072951739618,0.6262626262626263,0.44511784511784513
0.1632996632996633,0.5718294051627385,0.2536475869809203,0.4882154882154882,0.3771043771043771,0.29685746352413017,0.6808080808080808,0.3878787878787879
0.7811447811447811,0.35521885521885527,0.8950617283950617,0.36784511784511786,0.2845117845117845,0.7794612794612794,0.8511784511784513,0.25656565656565655
0.7525252525252526,0.35129068462401797,0.7042648709315377,0.5892255892255892,0.638047138047138,0.9096520763187429,0.7171717171717172,0.40875420875420876
0.680976430976431,0.39113355780022446,0.4511784511784511,0.617003367003367,0.5269360269360269,0.7794612794612794,0.8249158249158249,0.3851851851851852
0.6574074074074074,0.5718294051627385,0.9607182940516275,0.4107744107744108,0.4478114478114478,0.23849607182940513,0.9555555555555555,0.33939393939393936
0.5757575757575757,0.35914702581369246,0.8103254769921437,0.664983164983165,0.7239057239057238,0.924803591470258,0.6343434343434343,0.45656565656565656
0.7196969696969697,0.5718294051627385,0.7289562289562289,0.5993265993265993,0.5286195286195287,0.2901234567901234,0.7656565656565657,0.35959595959595964
0.4225589225589226,0.5718294051627385,0.9590347923681257,0.36026936026936024,0.2828282828282828,0.32042648709315374,0.8585858585858585,0.23434343434343435
0.6835016835016835,0.44668911335578,0.8473625140291806,0.6161616161616161,0.5673400673400674,0.722783389450056,0.5360269360269361,0.4047138047138047
0.1632996632996633,0.4085297418630753,0.7368125701459034,0.6557239057239057,0.4292929292929293,0.7087542087542088,0.8882154882154882,0.2801346801346801
0.8981481481481481,0.39842873176206517,0.9921436588103255,0.5765993265993266,0.6936026936026936,0.6902356902356902,0.4316498316498317,0.25993265993265996
0.6574074074074074,0.3423120089786756,0.8456790123456791,0.6052188552188552,0.7777777777777778,0.8439955106621774,0.1925925925925926,0.2430976430976431
0.1632996632996633,0.36980920314253646,0.5589225589225589,0.7584175084175084,0.7255892255892256,0.6206509539842874,0.5454545454545454,0.23905723905723905
0.622053872053872,0.5718294051627385,0.9012345679012346,0.37542087542087543,0.3400673400673401,0.5314253647586981,0.7663299663299663,0.24107744107744108
0.1632996632996633,0.5718294051627385,0.41077441077441074,0.5420875420875421,0.6060606060606061,0.6026936026936026,0.5885521885521885,0.364983164983165
0.1632996632996633,0.5718294051627385,0.15488215488215487,0.4856902356902356,0.41414141414141414,0.3877665544332211,0.9057239057239057,0.32525252525252524
0.6195286195286196,0.5718294051627385,0.7401795735129069,0.3813131313131313,0.3097643097643098,0.4607182940516274,0.5097643097643098,0.7831649831649832
0.5143097643097643,0.44668911335578,0.24915824915824913,0.3611111111111111,0.27946127946127947,0.500561167227834,0.01818181818181818,0.5023569023569024
0.8400673400673401,0.5718294051627385,0.12345679012345678,0.5395622895622896,0.16498316498316498,0.4225589225589226,0.6478114478114477,0.7643097643097644
0.1632996632996633,0.5718294051627385,0.6397306397306398,0.3737373737373737,0.35016835016835013,0.4393939393939394,0.2983164983164983,0.7097643097643098
0.367003367003367,0.5718294051627385,0.2738496071829405,0.4755892255892256,0.4326599326599327,0.26318742985409654,0.039057239057239054,0.494949494949495
0.1632996632996633,0.5718294051627385,0.25252525252525254,0.5892255892255892,0.26430976430976433,0.4180695847362514,0.7023569023569023,0.7643097643097644
0.1632996632996633,0.5718294051627385,0.8670033670033671,0.30723905723905726,0.19023569023569023,0.2957351290684624,0.44713804713804706,0.6821548821548822
0.5420875420875421,0.4169472502805836,0.25925925925925924,0.5303030303030303,0.35185185185185186,0.5740740740740741,0.041077441077441074,0.52996632996633
0.1632996632996633,0.5718294051627385,0.122334455667789,0.6094276094276094,0.3434343434343435,0.4640852974186307,0.48484848484848475,0.7481481481481481
0.5210437710437711,0.5718294051627385,0.45230078563411896,0.39141414141414144,0.36363636363636365,0.4259259259259259,0.5649831649831649,0.6424242424242423
0.1632996632996633,0.5718294051627385,0.16610549943883277,0.4040404040404041,0.21885521885521886,0.21156004489337824,0.06397306397306397,0.48754208754208755
0.6767676767676767,0.5718294051627385,0.14702581369248036,0.5538720538720538,0.24242424242424243,0.4450056116722783,0.632996632996633,0.7575757575757576
0.75,0.5718294051627385,0.9242424242424242,0.40151515151515144,0.4191919191919192,0.4966329966329966,0.5259259259259259,0.6047138047138046
0.5816498316498316,0.4169472502805836,0.4365881032547699,0.47895622895622897,0.5016835016835017,0.4354657687991021,0.10707070707070707,0.4882154882154882
0.6498316498316499,0.5718294051627385,0.25925925925925924,0.5833333333333334,0.3484848484848485,0.44163860830527496,0.5636363636363637,0.7313131313131314
0.9646464646464646,0.5718294051627385,0.8855218855218855,0.08754208754208753,0.13720538720538722,0.3069584736251403,0.5952861952861952,0.5811447811447812
0.8131313131313131,0.39113355780022446,0.7586980920314254,0.5269360269360269,0.3872053872053872,0.8271604938271605,0.39932659932659936,0.6451178451178452
0.8215488215488216,0.46632996632996626,0.15488215488215487,0.3602693602693603,0.29292929292929293,0.5303030303030303,0.8047138047138047,0.5265993265993266
0.7929292929292929,0.5718294051627385,0.9382716049382717,0.06060606060606061,0.1792929292929293,0.2138047138047138,0.5548821548821549,0.5542087542087543
0.6060606060606061,0.3473625140291807,0.5645342312008979,0.2356902356902357,0.36868686868686873,0.8771043771043772,0.3696969696969697,0.5771043771043771
0.1632996632996633,0.45847362514029183,0.0931537598204265,0.3223905723905724,0.30976430976430974,0.5555555555555556,0.9090909090909092,0.5393939393939394
0.8063973063973064,0.5718294051627385,0.9023569023569024,0.02441077441077441,0.09680134680134679,0.191358024691358,0.9885521885521886,0.5420875420875421
0.771043771043771,0.44668911335578,0.3423120089786756,0.27104377104377103,0.24242424242424243,0.6105499438832772,0.4686868686868687,0.5245791245791246
0.7356902356902357,0.5718294051627385,0.1111111111111111,0.3114478114478115,0.24915824915824916,0.3496071829405163,0.7932659932659932,0.5387205387205387
0.7878787878787878,0.5718294051627385,0.7536475869809203,0.12962962962962965,0.10606060606060605,0.3013468013468013,0.7414141414141413,0.4626262626262626
0.797979797979798,0.4169472502805836,0.33445566778900115,0.18434343434343434,0.2457912457912458,0.7424242424242423,0.3616161616161616,0.54006734006734
0.8282828282828283,0.5718294051627385,0.15824915824915825,0.22811447811447813,0.25673400673400676,0.2418630751964085,0.7919191919191919,0.5319865319865319
