scene_id,scene_type,view,capture_id,frame_idx,frame_filename,split,has_rgb,has_depth,has_fisheye,has_cam_pose,has_masks,has_masks_aux,has_sam2_meta,shard_rgb,shard_depth,shard_fisheye,shard_cam_pose,shard_masks,shard_masks_aux,shard_sam2_meta
scene002,multi_object_ego,ego,ego,0,00000.png,ego,True,True,True,True,True,True,True,scenes/scene002/ego/rgb.tar,scenes/scene002/ego/depth.tar,scenes/scene002/ego/fisheye.tar,scenes/scene002/ego/labels/cam_pose/v1.tar,scenes/scene002/ego/labels/masks/v1.tar,scenes/scene002/ego/labels/masks_aux/v1.tar,scenes/scene002/ego/labels/sam2_meta/v1.tar
scene002,multi_object_ego,ego,ego,1,00001.png,ego,True,True,True,True,True,True,True,scenes/scene002/ego/rgb.tar,scenes/scene002/ego/depth.tar,scenes/scene002/ego/fisheye.tar,scenes/scene002/ego/labels/cam_pose/v1.tar,scenes/scene002/ego/labels/masks/v1.tar,scenes/scene002/ego/labels/masks_aux/v1.tar,scenes/scene002/ego/labels/sam2_meta/v1.tar
scene002,multi_object_ego,ego,ego,2,00002.png,ego,True,True,True,True,True,True,True,scenes/scene002/ego/rgb.tar,scenes/scene002/ego/depth.tar,scenes/scene002/ego/fisheye.tar,scenes/scene002/ego/labels/cam_pose/v1.tar,scenes/scene002/ego/labels/masks/v1.tar,scenes/scene002/ego/labels/masks_aux/v1.tar,scenes/scene002/ego/labels/sam2_meta/v1.tar
scene002,multi_object_ego,ego,ego,3,00003.png,ego,True,True,True,True,True,True,True,scenes/scene002/ego/rgb.tar,scenes/scene002/ego/depth.tar,scenes/scene002/ego/fisheye.tar,scenes/scene002/ego/labels/cam_pose/v1.tar,scenes/scene002/ego/labels/masks/v1.tar,scenes/scene002/ego/labels/masks_aux/v1.tar,scenes/scene002/ego/labels/sam2_meta/v1.tar
scene002,multi_object_ego,ego,ego,4,00004.png,ego,True,True,True,True,True,True,True,scenes/scene002/ego/rgb.tar,scenes/scene002/ego/depth.tar,scenes/scene002/ego/fisheye.tar,scenes/scene002/ego/labels/cam_pose/v1.tar,scenes/scene002/ego/labels/masks/v1.tar,scenes/scene002/ego/labels/masks_aux/v1.tar,scenes/scene002/ego/labels/sam2_meta/v1.tar
scene002,multi_object_ego,ego,ego,5,00005.png,ego,True,True,True,True,True,True,True,scenes/scene002/ego/rgb.tar,scenes/scene002/ego/depth.tar,scenes/scene002/ego/fisheye.tar,scenes/scene002/ego/labels/cam_pose/v1.tar,scenes/scene002/ego/labels/masks/v1.tar,scenes/scene002/ego/labels/masks_aux/v1.tar,scenes/scene002/ego/labels/sam2_meta/v1.tar
scene002,multi_object_ego,ego,ego,6,00006.png,ego,True,True,True,True,True,True,True,scenes/scene002/ego/rgb.tar,scenes/scene002/ego/depth.tar,scenes/scene002/ego/fisheye.tar,scenes/scene002/ego/labels/cam_pose/v1.tar,scenes/scene002/ego/labels/masks/v1.tar,scenes/scene002/ego/labels/masks_aux/v1.tar,scenes/scene002/ego/labels/sam2_meta/v1.tar
scene002,multi_object_ego,ego,ego,7,00007.png,ego,True,True,True,True,True,True,True,scenes/scene002/ego/rgb.tar,scenes/scene002/ego/depth.tar,scenes/scene002/ego/fisheye.tar,scenes/scene002/ego/labels/cam_pose/v1.tar,scenes/scene002/ego/labels/masks/v1.tar,scenes/scene002/ego/labels/masks_aux/v1.tar,scenes/scene002/ego/labels/sam2_meta/v1.tar
scene002,multi_object_ego,ego,ego,8,00008.png,ego,True,True,True,True,True,True,True,scenes/scene002/ego/rgb.tar,scenes/scene002/ego/depth.tar,scenes/scene002/ego/fisheye.tar,scenes/scene002/ego/labels/cam_pose/v1.tar,scenes/scene002/ego/labels/masks/v1.tar,scenes/scene002/ego/labels/masks_aux/v1.tar,scenes/scene002/ego/labels/sam2_meta/v1.tar
scene002,multi_object_ego,ego,ego,9,00009.png,ego,True,True,True,True,True,True,True,scenes/scene002/ego/rgb.tar,scenes/scene002/ego/depth.tar,scenes/scene002/ego/fisheye.tar,scenes/scene002/ego/labels/cam_pose/v1.tar,scenes/scene002/ego/labels/masks/v1.tar,scenes/scene002/ego/labels/masks_aux/v1.tar,scenes/scene002/ego/labels/sam2_meta/v1.tar
scene002,multi_object_ego,ego,ego,10,00010.png,ego,True,True,True,True,True,True,True,scenes/scene002/ego/rgb.tar,scenes/scene002/ego/depth.tar,scenes/scene002/ego/fisheye.tar,scenes/scene002/ego/labels/cam_pose/v1.tar,scenes/scene002/ego/labels/masks/v1.tar,scenes/scene002/ego/labels/masks_aux/v1.tar,scenes/scene002/ego/labels/sam2_meta/v1.tar
scene002,multi_object_ego,ego,ego,11,00011.png,ego,True,True,True,True,True,True,True,scenes/scene002/ego/rgb.tar,scenes/scene002/ego/depth.tar,scenes/scene002/ego/fisheye.tar,scenes/scene002/ego/labels/cam_pose/v1.tar,scenes/scene002/ego/labels/masks/v1.tar,scenes/scene002/ego/labels/masks_aux/v1.tar,scenes/scene002/ego/labels/sam2_meta/v1.tar
scene002,multi_object_ego,ego,ego,12,00012.png,ego,True,True,True,True,True,True,True,scenes/scene002/ego/rgb.tar,scenes/scene002/ego/depth.tar,scenes/scene002/ego/fisheye.tar,scenes/scene002/ego/labels/cam_pose/v1.tar,scenes/scene002/ego/labels/masks/v1.tar,scenes/scene002/ego/labels/masks_aux/v1.tar,scenes/scene002/ego/labels/sam2_meta/v1.tar
scene002,multi_object_ego,ego,ego,13,00013.png,ego,True,True,True,True,True,True,True,scenes/scene002/ego/rgb.tar,scenes/scene002/ego/depth.tar,scenes/scene002/ego/fisheye.tar,scenes/scene002/ego/labels/cam_pose/v1.tar,scenes/scene002/ego/labels/masks/v1.tar,scenes/scene002/ego/labels/masks_aux/v1.tar,scenes/scene002/ego/labels/sam2_meta/v1.tar
scene002,multi_object_ego,ego,ego,14,00014.png,ego,True,True,True,True,True,True,True,scenes/scene002/ego/rgb.tar,scenes/scene002/ego/depth.tar,scenes/scene002/ego/fisheye.tar,scenes/scene002/ego/labels/cam_pose/v1.tar,scenes/scene002/ego/labels/masks/v1.tar,scenes/scene002/ego/labels/masks_aux/v1.tar,scenes/scene002/ego/labels/sam2_meta/v1.tar
scene002,multi_object_ego,ego,ego,15,00015.png,ego,True,True,True,True,True,True,True,scenes/scene002/ego/rgb.tar,scenes/scene002/ego/depth.tar,scenes/scene002/ego/fisheye.tar,scenes/scene002/ego/labels/cam_pose/v1.tar,scenes/scene002/ego/labels/masks/v1.tar,scenes/scene002/ego/labels/masks_aux/v1.tar,scenes/scene002/ego/labels/sam2_meta/v1.tar
scene002,multi_object_ego,ego,ego,16,00016.png,ego,True,True,True,True,True,True,True,scenes/scene002/ego/rgb.tar,scenes/scene002/ego/depth.tar,scenes/scene002/ego/fisheye.tar,scenes/scene002/ego/labels/cam_pose/v1.tar,scenes/scene002/ego/labels/masks/v1.tar,scenes/scene002/ego/labels/masks_aux/v1.tar,scenes/scene002/ego/labels/sam2_meta/v1.tar
scene002,multi_object_ego,ego,ego,17,00017.png,ego,True,True,True,True,True,True,True,scenes/scene002/ego/rgb.tar,scenes/scene002/ego/depth.tar,scenes/scene002/ego/fisheye.tar,scenes/scene002/ego/labels/cam_pose/v1.tar,scenes/scene002/ego/labels/masks/v1.tar,scenes/scene002/ego/labels/masks_aux/v1.tar,scenes/scene002/ego/labels/sam2_meta/v1.tar
scene002,multi_object_ego,ego,ego,18,00018.png,ego,True,True,True,True,True,True,True,scenes/scene002/ego/rgb.tar,scenes/scene002/ego/depth.tar,scenes/scene002/ego/fisheye.tar,scenes/scene002/ego/labels/cam_pose/v1.tar,scenes/scene002/ego/labels/masks/v1.tar,scenes/scene002/ego/labels/masks_aux/v1.tar,scenes/scene002/ego/labels/sam2_meta/v1.tar
scene002,multi_object_ego,ego,ego,19,00019.png,ego,True,True,True,True,True,True,True,scenes/scene002/ego/rgb.tar,scenes/scene002/ego/depth.tar,scenes/scene002/ego/fisheye.tar,scenes/scene002/ego/labels/cam_pose/v1.tar,scenes/scene002/ego/labels/masks/v1.tar,scenes/scene002/ego/labels/masks_aux/v1.tar,scenes/scene002/ego/labels/sam2_meta/v1.tar
scene002,multi_object_ego,ego,ego,20,00020.png,ego,True,True,True,True,True,True,True,scenes/scene002/ego/rgb.tar,scenes/scene002/ego/depth.tar,scenes/scene002/ego/fisheye.tar,scenes/scene002/ego/labels/cam_pose/v1.tar,scenes/scene002/ego/labels/masks/v1.tar,scenes/scene002/ego/labels/masks_aux/v1.tar,scenes/scene002/ego/labels/sam2_meta/v1.tar
scene002,multi_object_ego,ego,ego,21,00021.png,ego,True,True,True,True,True,True,True,scenes/scene002/ego/rgb.tar,scenes/scene002/ego/depth.tar,scenes/scene002/ego/fisheye.tar,scenes/scene002/ego/labels/cam_pose/v1.tar,scenes/scene002/ego/labels/masks/v1.tar,scenes/scene002/ego/labels/masks_aux/v1.tar,scenes/scene002/ego/labels/sam2_meta/v1.tar
scene002,multi_object_ego,ego,ego,22,00022.png,ego,True,True,True,True,True,True,True,scenes/scene002/ego/rgb.tar,scenes/scene002/ego/depth.tar,scenes/scene002/ego/fisheye.tar,scenes/scene002/ego/labels/cam_pose/v1.tar,scenes/scene002/ego/labels/masks/v1.tar,scenes/scene002/ego/labels/masks_aux/v1.tar,scenes/scene002/ego/labels/sam2_meta/v1.tar
scene002,multi_object_ego,ego,ego,23,00023.png,ego,True,True,True,True,True,True,True,scenes/scene002/ego/rgb.tar,scenes/scene002/ego/depth.tar,scenes/scene002/ego/fisheye.tar,scenes/scene002/ego/labels/cam_pose/v1.tar,scenes/scene002/ego/labels/masks/v1.tar,scenes/scene002/ego/labels/masks_aux/v1.tar,scenes/scene002/ego/labels/sam2_meta/v1.tar
scene002,multi_object_ego,ego,ego,24,00024.png,ego,True,True,True,True,True,True,True,scenes/scene002/ego/rgb.tar,scenes/scene002/ego/depth.tar,scenes/scene002/ego/fisheye.tar,scenes/scene002/ego/labels/cam_pose/v1.tar,scenes/scene002/ego/labels/masks/v1.tar,scenes/scene002/ego/labels/masks_aux/v1.tar,scenes/scene002/ego/labels/sam2_meta/v1.tar
scene002,multi_object_ego,ego,ego,25,00025.png,ego,True,True,True,True,True,True,True,scenes/scene002/ego/rgb.tar,scenes/scene002/ego/depth.tar,scenes/scene002/ego/fisheye.tar,scenes/scene002/ego/labels/cam_pose/v1.tar,scenes/scene002/ego/labels/masks/v1.tar,scenes/scene002/ego/labels/masks_aux/v1.tar,scenes/scene002/ego/labels/sam2_meta/v1.tar
scene002,multi_object_ego,ego,ego,26,00026.png,ego,True,True,True,True,True,True,True,scenes/scene002/ego/rgb.tar,scenes/scene002/ego/depth.tar,scenes/scene002/ego/fisheye.tar,scenes/scene002/ego/labels/cam_pose/v1.tar,scenes/scene002/ego/labels/masks/v1.tar,scenes/scene002/ego/labels/masks_aux/v1.tar,scenes/scene002/ego/labels/sam2_meta/v1.tar
scene002,multi_object_ego,ego,ego,27,00027.png,ego,True,True,True,True,True,True,True,scenes/scene002/ego/rgb.tar,scenes/scene002/ego/depth.tar,scenes/scene002/ego/fisheye.tar,scenes/scene002/ego/labels/cam_pose/v1.tar,scenes/scene002/ego/labels/masks/v1.tar,scenes/scene002/ego/labels/masks_aux/v1.tar,scenes/scene002/ego/labels/sam2_meta/v1.tar
scene002,multi_object_ego,ego,ego,28,00028.png,ego,True,True,True,True,True,True,True,scenes/scene002/ego/rgb.tar,scenes/scene002/ego/depth.tar,scenes/scene002/ego/fisheye.tar,scenes/scene002/ego/labels/cam_pose/v1.tar,scenes/scene002/ego/labels/masks/v1.tar,scenes/scene002/ego/labels/masks_aux/v1.tar,scenes/scene002/ego/labels/sam2_meta/v1.tar
scene002,multi_object_ego,ego,ego,29,00029.png,ego,True,True,True,True,True,True,True,scenes/scene002/ego/rgb.tar,scenes/scene002/ego/depth.tar,scenes/scene002/ego/fisheye.tar,scenes/scene002/ego/labels/cam_pose/v1.tar,scenes/scene002/ego/labels/masks/v1.tar,scenes/scene002/ego/labels/masks_aux/v1.tar,scenes/scene002/ego/labels/sam2_meta/v1.tar
scene002,multi_object_ego,ego,ego,30,00030.png,ego,True,True,True,True,True,True,True,scenes/scene002/ego/rgb.tar,scenes/scene002/ego/depth.tar,scenes/scene002/ego/fisheye.tar,scenes/scene002/ego/labels/cam_pose/v1.tar,scenes/scene002/ego/labels/masks/v1.tar,scenes/scene002/ego/labels/masks_aux/v1.tar,scenes/scene002/ego/labels/sam2_meta/v1.tar
scene002,multi_object_ego,ego,ego,31,00031.png,ego,True,True,True,True,True,True,True,scenes/scene002/ego/rgb.tar,scenes/scene002/ego/depth.tar,scenes/scene002/ego/fisheye.tar,scenes/scene002/ego/labels/cam_pose/v1.tar,scenes/scene002/ego/labels/masks/v1.tar,scenes/scene002/ego/labels/masks_aux/v1.tar,scenes/scene002/ego/labels/sam2_meta/v1.tar
scene002,multi_object_ego,ego,ego,32,00032.png,ego,True,True,True,True,True,True,True,scenes/scene002/ego/rgb.tar,scenes/scene002/ego/depth.tar,scenes/scene002/ego/fisheye.tar,scenes/scene002/ego/labels/cam_pose/v1.tar,scenes/scene002/ego/labels/masks/v1.tar,scenes/scene002/ego/labels/masks_aux/v1.tar,scenes/scene002/ego/labels/sam2_meta/v1.tar
scene002,multi_object_ego,ego,ego,33,00033.png,ego,True,True,True,True,True,True,True,scenes/scene002/ego/rgb.tar,scenes/scene002/ego/depth.tar,scenes/scene002/ego/fisheye.tar,scenes/scene002/ego/labels/cam_pose/v1.tar,scenes/scene002/ego/labels/masks/v1.tar,scenes/scene002/ego/labels/masks_aux/v1.tar,scenes/scene002/ego/labels/sam2_meta/v1.tar
scene002,multi_object_ego,ego,ego,34,00034.png,ego,True,True,True,True,True,True,True,scenes/scene002/ego/rgb.tar,scenes/scene002/ego/depth.tar,scenes/scene002/ego/fisheye.tar,scenes/scene002/ego/labels/cam_pose/v1.tar,scenes/scene002/ego/labels/masks/v1.tar,scenes/scene002/ego/labels/masks_aux/v1.tar,scenes/scene002/ego/labels/sam2_meta/v1.tar
scene002,multi_object_ego,ego,ego,35,00035.png,ego,True,True,True,True,True,True,True,scenes/scene002/ego/rgb.tar,scenes/scene002/ego/depth.tar,scenes/scene002/ego/fisheye.tar,scenes/scene002/ego/labels/cam_pose/v1.tar,scenes/scene002/ego/labels/masks/v1.tar,scenes/scene002/ego/labels/masks_aux/v1.tar,scenes/scene002/ego/labels/sam2_meta/v1.tar
scene002,multi_object_ego,ego,ego,36,00036.png,ego,True,True,True,True,True,True,True,scenes/scene002/ego/rgb.tar,scenes/scene002/ego/depth.tar,scenes/scene002/ego/fisheye.tar,scenes/scene002/ego/labels/cam_pose/v1.tar,scenes/scene002/ego/labels/masks/v1.tar,scenes/scene002/ego/labels/masks_aux/v1.tar,scenes/scene002/ego/labels/sam2_meta/v1.tar
scene002,multi_object_ego,ego,ego,37,00037.png,ego,True,True,True,True,True,True,True,scenes/scene002/ego/rgb.tar,scenes/scene002/ego/depth.tar,scenes/scene002/ego/fisheye.tar,scenes/scene002/ego/labels/cam_pose/v1.tar,scenes/scene002/ego/labels/masks/v1.tar,scenes/scene002/ego/labels/masks_aux/v1.tar,scenes/scene002/ego/labels/sam2_meta/v1.tar
scene002,multi_object_ego,ego,ego,38,00038.png,ego,True,True,True,True,True,True,True,scenes/scene002/ego/rgb.tar,scenes/scene002/ego/depth.tar,scenes/scene002/ego/fisheye.tar,scenes/scene002/ego/labels/cam_pose/v1.tar,scenes/scene002/ego/labels/masks/v1.tar,scenes/scene002/ego/labels/masks_aux/v1.tar,scenes/scene002/ego/labels/sam2_meta/v1.tar
scene002,multi_object_ego,ego,ego,39,00039.png,ego,True,True,True,True,True,True,True,scenes/scene002/ego/rgb.tar,scenes/scene002/ego/depth.tar,scenes/scene002/ego/fisheye.tar,scenes/scene002/ego/labels/cam_pose/v1.tar,scenes/scene002/ego/labels/masks/v1.tar,scenes/scene002/ego/labels/masks_aux/v1.tar,scenes/scene002/ego/labels/sam2_meta/v1.tar
scene002,multi_object_ego,ego,ego,40,00040.png,ego,True,True,True,True,True,True,True,scenes/scene002/ego/rgb.tar,scenes/scene002/ego/depth.tar,scenes/scene002/ego/fisheye.tar,scenes/scene002/ego/labels/cam_pose/v1.tar,scenes/scene002/ego/labels/masks/v1.tar,scenes/scene002/ego/labels/masks_aux/v1.tar,scenes/scene002/ego/labels/sam2_meta/v1.tar
scene002,multi_object_ego,ego,ego,41,00041.png,ego,True,True,True,True,True,True,True,scenes/scene002/ego/rgb.tar,scenes/scene002/ego/depth.tar,scenes/scene002/ego/fisheye.tar,scenes/scene002/ego/labels/cam_pose/v1.tar,scenes/scene002/ego/labels/masks/v1.tar,scenes/scene002/ego/labels/masks_aux/v1.tar,scenes/scene002/ego/labels/sam2_meta/v1.tar
scene002,multi_object_ego,ego,ego,42,00042.png,ego,True,True,True,True,True,True,True,scenes/scene002/ego/rgb.tar,scenes/scene002/ego/depth.tar,scenes/scene002/ego/fisheye.tar,scenes/scene002/ego/labels/cam_pose/v1.tar,scenes/scene002/ego/labels/masks/v1.tar,scenes/scene002/ego/labels/masks_aux/v1.tar,scenes/scene002/ego/labels/sam2_meta/v1.tar
scene002,multi_object_ego,ego,ego,43,00043.png,ego,True,True,True,True,True,True,True,scenes/scene002/ego/rgb.tar,scenes/scene002/ego/depth.tar,scenes/scene002/ego/fisheye.tar,scenes/scene002/ego/labels/cam_pose/v1.tar,scenes/scene002/ego/labels/masks/v1.tar,scenes/scene002/ego/labels/masks_aux/v1.tar,scenes/scene002/ego/labels/sam2_meta/v1.tar
scene002,multi_object_ego,ego,ego,44,00044.png,ego,True,True,True,True,True,True,True,scenes/scene002/ego/rgb.tar,scenes/scene002/ego/depth.tar,scenes/scene002/ego/fisheye.tar,scenes/scene002/ego/labels/cam_pose/v1.tar,scenes/scene002/ego/labels/masks/v1.tar,scenes/scene002/ego/labels/masks_aux/v1.tar,scenes/scene002/ego/labels/sam2_meta/v1.tar
scene002,multi_object_ego,ego,ego,45,00045.png,ego,True,True,True,True,True,True,True,scenes/scene002/ego/rgb.tar,scenes/scene002/ego/depth.tar,scenes/scene002/ego/fisheye.tar,scenes/scene002/ego/labels/cam_pose/v1.tar,scenes/scene002/ego/labels/masks/v1.tar,scenes/scene002/ego/labels/masks_aux/v1.tar,scenes/scene002/ego/labels/sam2_meta/v1.tar
scene002,multi_object_ego,ego,ego,46,00046.png,ego,True,True,True,True,True,True,True,scenes/scene002/ego/rgb.tar,scenes/scene002/ego/depth.tar,scenes/scene002/ego/fisheye.tar,scenes/scene002/ego/labels/cam_pose/v1.tar,scenes/scene002/ego/labels/masks/v1.tar,scenes/scene002/ego/labels/masks_aux/v1.tar,scenes/scene002/ego/labels/sam2_meta/v1.tar
scene002,multi_object_ego,ego,ego,47,00047.png,ego,True,True,True,True,True,True,True,scenes/scene002/ego/rgb.tar,scenes/scene002/ego/depth.tar,scenes/scene002/ego/fisheye.tar,scenes/scene002/ego/labels/cam_pose/v1.tar,scenes/scene002/ego/labels/masks/v1.tar,scenes/scene002/ego/labels/masks_aux/v1.tar,scenes/scene002/ego/labels/sam2_meta/v1.tar
scene002,multi_object_ego,ego,ego,48,00048.png,ego,True,True,True,True,True,True,True,scenes/scene002/ego/rgb.tar,scenes/scene002/ego/depth.tar,scenes/scene002/ego/fisheye.tar,scenes/scene002/ego/labels/cam_pose/v1.tar,scenes/scene002/ego/labels/masks/v1.tar,scenes/scene002/ego/labels/masks_aux/v1.tar,scenes/scene002/ego/labels/sam2_meta/v1.tar
scene002,multi_object_ego,ego,ego,49,00049.png,ego,True,True,True,True,True,True,True,scenes/scene002/ego/rgb.tar,scenes/scene002/ego/depth.tar,scenes/scene002/ego/fisheye.tar,scenes/scene002/ego/labels/cam_pose/v1.tar,scenes/scene002/ego/labels/masks/v1.tar,scenes/scene002/ego/labels/masks_aux/v1.tar,scenes/scene002/ego/labels/sam2_meta/v1.tar
scene002,multi_object_ego,ego,ego,50,00050.png,ego,True,True,True,True,True,True,True,scenes/scene002/ego/rgb.tar,scenes/scene002/ego/depth.tar,scenes/scene002/ego/fisheye.tar,scenes/scene002/ego/labels/cam_pose/v1.tar,scenes/scene002/ego/labels/masks/v1.tar,scenes/scene002/ego/labels/masks_aux/v1.tar,scenes/scene002/ego/labels/sam2_meta/v1.tar
scene002,multi_object_ego,ego,ego,51,00051.png,ego,True,True,True,True,True,True,True,scenes/scene002/ego/rgb.tar,scenes/scene002/ego/depth.tar,scenes/scene002/ego/fisheye.tar,scenes/scene002/ego/labels/cam_pose/v1.tar,scenes/scene002/ego/labels/masks/v1.tar,scenes/scene002/ego/labels/masks_aux/v1.tar,scenes/scene002/ego/labels/sam2_meta/v1.tar
scene002,multi_object_ego,ego,ego,52,00052.png,ego,True,True,True,True,True,True,True,scenes/scene002/ego/rgb.tar,scenes/scene002/ego/depth.tar,scenes/scene002/ego/fisheye.tar,scenes/scene002/ego/labels/cam_pose/v1.tar,scenes/scene002/ego/labels/masks/v1.tar,scenes/scene002/ego/labels/masks_aux/v1.tar,scenes/scene002/ego/labels/sam2_meta/v1.tar
scene002,multi_object_ego,ego,ego,53,00053.png,ego,True,True,True,True,True,True,True,scenes/scene002/ego/rgb.tar,scenes/scene002/ego/depth.tar,scenes/scene002/ego/fisheye.tar,scenes/scene002/ego/labels/cam_pose/v1.tar,scenes/scene002/ego/labels/masks/v1.tar,scenes/scene002/ego/labels/masks_aux/v1.tar,scenes/scene002/ego/labels/sam2_meta/v1.tar
scene002,multi_object_ego,ego,ego,54,00054.png,ego,True,True,True,True,True,True,True,scenes/scene002/ego/rgb.tar,scenes/scene002/ego/depth.tar,scenes/scene002/ego/fisheye.tar,scenes/scene002/ego/labels/cam_pose/v1.tar,scenes/scene002/ego/labels/masks/v1.tar,scenes/scene002/ego/labels/masks_aux/v1.tar,scenes/scene002/ego/labels/sam2_meta/v1.tar
scene002,multi_object_ego,ego,ego,55,00055.png,ego,True,True,True,True,True,True,True,scenes/scene002/ego/rgb.tar,scenes/scene002/ego/depth.tar,scenes/scene002/ego/fisheye.tar,scenes/scene002/ego/labels/cam_pose/v1.tar,scenes/scene002/ego/labels/masks/v1.tar,scenes/scene002/ego/labels/masks_aux/v1.tar,scenes/scene002/ego/labels/sam2_meta/v1.tar
scene002,multi_object_ego,ego,ego,56,00056.png,ego,True,True,True,True,True,True,True,scenes/scene002/ego/rgb.tar,scenes/scene002/ego/depth.tar,scenes/scene002/ego/fisheye.tar,scenes/scene002/ego/labels/cam_pose/v1.tar,scenes/scene002/ego/labels/masks/v1.tar,scenes/scene002/ego/labels/masks_aux/v1.tar,scenes/scene002/ego/labels/sam2_meta/v1.tar
scene002,multi_object_ego,ego,ego,57,00057.png,ego,True,True,True,True,True,True,True,scenes/scene002/ego/rgb.tar,scenes/scene002/ego/depth.tar,scenes/scene002/ego/fisheye.tar,scenes/scene002/ego/labels/cam_pose/v1.tar,scenes/scene002/ego/labels/masks/v1.tar,scenes/scene002/ego/labels/masks_aux/v1.tar,scenes/scene002/ego/labels/sam2_meta/v1.tar
scene002,multi_object_ego,ego,ego,58,00058.png,ego,True,True,True,True,True,True,True,scenes/scene002/ego/rgb.tar,scenes/scene002/ego/depth.tar,scenes/scene002/ego/fisheye.tar,scenes/scene002/ego/labels/cam_pose/v1.tar,scenes/scene002/ego/labels/masks/v1.tar,scenes/scene002/ego/labels/masks_aux/v1.tar,scenes/scene002/ego/labels/sam2_meta/v1.tar
scene002,multi_object_ego,ego,ego,59,00059.png,ego,True,True,True,True,True,True,True,scenes/scene002/ego/rgb.tar,scenes/scene002/ego/depth.tar,scenes/scene002/ego/fisheye.tar,scenes/scene002/ego/labels/cam_pose/v1.tar,scenes/scene002/ego/labels/masks/v1.tar,scenes/scene002/ego/labels/masks_aux/v1.tar,scenes/scene002/ego/labels/sam2_meta/v1.tar
scene002,multi_object_ego,ego,ego,60,00060.png,ego,True,True,True,True,True,True,True,scenes/scene002/ego/rgb.tar,scenes/scene002/ego/depth.tar,scenes/scene002/ego/fisheye.tar,scenes/scene002/ego/labels/cam_pose/v1.tar,scenes/scene002/ego/labels/masks/v1.tar,scenes/scene002/ego/labels/masks_aux/v1.tar,scenes/scene002/ego/labels/sam2_meta/v1.tar
scene002,multi_object_ego,ego,ego,61,00061.png,ego,True,True,True,True,True,True,True,scenes/scene002/ego/rgb.tar,scenes/scene002/ego/depth.tar,scenes/scene002/ego/fisheye.tar,scenes/scene002/ego/labels/cam_pose/v1.tar,scenes/scene002/ego/labels/masks/v1.tar,scenes/scene002/ego/labels/masks_aux/v1.tar,scenes/scene002/ego/labels/sam2_meta/v1.tar
scene002,multi_object_ego,ego,ego,62,00062.png,ego,True,True,True,True,True,True,True,scenes/scene002/ego/rgb.tar,scenes/scene002/ego/depth.tar,scenes/scene002/ego/fisheye.tar,scenes/scene002/ego/labels/cam_pose/v1.tar,scenes/scene002/ego/labels/masks/v1.tar,scenes/scene002/ego/labels/masks_aux/v1.tar,scenes/scene002/ego/labels/sam2_meta/v1.tar
scene002,multi_object_ego,ego,ego,63,00063.png,ego,True,True,True,True,True,True,True,scenes/scene002/ego/rgb.tar,scenes/scene002/ego/depth.tar,scenes/scene002/ego/fisheye.tar,scenes/scene002/ego/labels/cam_pose/v1.tar,scenes/scene002/ego/labels/masks/v1.tar,scenes/scene002/ego/labels/masks_aux/v1.tar,scenes/scene002/ego/labels/sam2_meta/v1.tar
scene002,multi_object_ego,ego,ego,64,00064.png,ego,True,True,True,True,True,True,True,scenes/scene002/ego/rgb.tar,scenes/scene002/ego/depth.tar,scenes/scene002/ego/fisheye.tar,scenes/scene002/ego/labels/cam_pose/v1.tar,scenes/scene002/ego/labels/masks/v1.tar,scenes/scene002/ego/labels/masks_aux/v1.tar,scenes/scene002/ego/labels/sam2_meta/v1.tar
scene002,multi_object_ego,ego,ego,65,00065.png,ego,True,True,True,True,True,True,True,scenes/scene002/ego/rgb.tar,scenes/scene002/ego/depth.tar,scenes/scene002/ego/fisheye.tar,scenes/scene002/ego/labels/cam_pose/v1.tar,scenes/scene002/ego/labels/masks/v1.tar,scenes/scene002/ego/labels/masks_aux/v1.tar,scenes/scene002/ego/labels/sam2_meta/v1.tar
scene002,multi_object_ego,ego,ego,66,00066.png,ego,True,True,True,True,True,True,True,scenes/scene002/ego/rgb.tar,scenes/scene002/ego/depth.tar,scenes/scene002/ego/fisheye.tar,scenes/scene002/ego/labels/cam_pose/v1.tar,scenes/scene002/ego/labels/masks/v1.tar,scenes/scene002/ego/labels/masks_aux/v1.tar,scenes/scene002/ego/labels/sam2_meta/v1.tar
scene002,multi_object_ego,ego,ego,67,00067.png,ego,True,True,True,True,True,True,True,scenes/scene002/ego/rgb.tar,scenes/scene002/ego/depth.tar,scenes/scene002/ego/fisheye.tar,scenes/scene002/ego/labels/cam_pose/v1.tar,scenes/scene002/ego/labels/masks/v1.tar,scenes/scene002/ego/labels/masks_aux/v1.tar,scenes/scene002/ego/labels/sam2_meta/v1.tar
scene002,multi_object_ego,ego,ego,68,00068.png,ego,True,True,True,True,True,True,True,scenes/scene002/ego/rgb.tar,scenes/scene002/ego/depth.tar,scenes/scene002/ego/fisheye.tar,scenes/scene002/ego/labels/cam_pose/v1.tar,scenes/scene002/ego/labels/masks/v1.tar,scenes/scene002/ego/labels/masks_aux/v1.tar,scenes/scene002/ego/labels/sam2_meta/v1.tar
scene002,multi_object_ego,ego,ego,69,00069.png,ego,True,True,True,True,True,True,True,scenes/scene002/ego/rgb.tar,scenes/scene002/ego/depth.tar,scenes/scene002/ego/fisheye.tar,scenes/scene002/ego/labels/cam_pose/v1.tar,scenes/scene002/ego/labels/masks/v1.tar,scenes/scene002/ego/labels/masks_aux/v1.tar,scenes/scene002/ego/labels/sam2_meta/v1.tar
scene002,multi_object_ego,ego,ego,70,00070.png,ego,True,True,True,True,True,True,True,scenes/scene002/ego/rgb.tar,scenes/scene002/ego/depth.tar,scenes/scene002/ego/fisheye.tar,scenes/scene002/ego/labels/cam_pose/v1.tar,scenes/scene002/ego/labels/masks/v1.tar,scenes/scene002/ego/labels/masks_aux/v1.tar,scenes/scene002/ego/labels/sam2_meta/v1.tar
scene002,multi_object_ego,ego,ego,71,00071.png,ego,True,True,True,True,True,True,True,scenes/scene002/ego/rgb.tar,scenes/scene002/ego/depth.tar,scenes/scene002/ego/fisheye.tar,scenes/scene002/ego/labels/cam_pose/v1.tar,scenes/scene002/ego/labels/masks/v1.tar,scenes/scene002/ego/labels/masks_aux/v1.tar,scenes/scene002/ego/labels/sam2_meta/v1.tar
scene002,multi_object_ego,ego,ego,72,00072.png,ego,True,True,True,True,True,True,True,scenes/scene002/ego/rgb.tar,scenes/scene002/ego/depth.tar,scenes/scene002/ego/fisheye.tar,scenes/scene002/ego/labels/cam_pose/v1.tar,scenes/scene002/ego/labels/masks/v1.tar,scenes/scene002/ego/labels/masks_aux/v1.tar,scenes/scene002/ego/labels/sam2_meta/v1.tar
scene002,multi_object_ego,ego,ego,73,00073.png,ego,True,True,True,True,True,True,True,scenes/scene002/ego/rgb.tar,scenes/scene002/ego/depth.tar,scenes/scene002/ego/fisheye.tar,scenes/scene002/ego/labels/cam_pose/v1.tar,scenes/scene002/ego/labels/masks/v1.tar,scenes/scene002/ego/labels/masks_aux/v1.tar,scenes/scene002/ego/labels/sam2_meta/v1.tar
scene002,multi_object_ego,ego,ego,74,00074.png,ego,True,True,True,True,True,True,True,scenes/scene002/ego/rgb.tar,scenes/scene002/ego/depth.tar,scenes/scene002/ego/fisheye.tar,scenes/scene002/ego/labels/cam_pose/v1.tar,scenes/scene002/ego/labels/masks/v1.tar,scenes/scene002/ego/labels/masks_aux/v1.tar,scenes/scene002/ego/labels/sam2_meta/v1.tar
scene002,multi_object_ego,ego,ego,75,00075.png,ego,True,True,True,True,True,True,True,scenes/scene002/ego/rgb.tar,scenes/scene002/ego/depth.tar,scenes/scene002/ego/fisheye.tar,scenes/scene002/ego/labels/cam_pose/v1.tar,scenes/scene002/ego/labels/masks/v1.tar,scenes/scene002/ego/labels/masks_aux/v1.tar,scenes/scene002/ego/labels/sam2_meta/v1.tar
scene002,multi_object_ego,ego,ego,76,00076.png,ego,True,True,True,True,True,True,True,scenes/scene002/ego/rgb.tar,scenes/scene002/ego/depth.tar,scenes/scene002/ego/fisheye.tar,scenes/scene002/ego/labels/cam_pose/v1.tar,scenes/scene002/ego/labels/masks/v1.tar,scenes/scene002/ego/labels/masks_aux/v1.tar,scenes/scene002/ego/labels/sam2_meta/v1.tar
scene002,multi_object_ego,ego,ego,77,00077.png,ego,True,True,True,True,True,True,True,scenes/scene002/ego/rgb.tar,scenes/scene002/ego/depth.tar,scenes/scene002/ego/fisheye.tar,scenes/scene002/ego/labels/cam_pose/v1.tar,scenes/scene002/ego/labels/masks/v1.tar,scenes/scene002/ego/labels/masks_aux/v1.tar,scenes/scene002/ego/labels/sam2_meta/v1.tar
scene002,multi_object_ego,ego,ego,78,00078.png,ego,True,True,True,True,True,True,True,scenes/scene002/ego/rgb.tar,scenes/scene002/ego/depth.tar,scenes/scene002/ego/fisheye.tar,scenes/scene002/ego/labels/cam_pose/v1.tar,scenes/scene002/ego/labels/masks/v1.tar,scenes/scene002/ego/labels/masks_aux/v1.tar,scenes/scene002/ego/labels/sam2_meta/v1.tar
scene002,multi_object_ego,ego,ego,79,00079.png,ego,True,True,True,True,True,True,True,scenes/scene002/ego/rgb.tar,scenes/scene002/ego/depth.tar,scenes/scene002/ego/fisheye.tar,scenes/scene002/ego/labels/cam_pose/v1.tar,scenes/scene002/ego/labels/masks/v1.tar,scenes/scene002/ego/labels/masks_aux/v1.tar,scenes/scene002/ego/labels/sam2_meta/v1.tar
scene002,multi_object_ego,ego,ego,80,00080.png,ego,True,True,True,True,True,True,True,scenes/scene002/ego/rgb.tar,scenes/scene002/ego/depth.tar,scenes/scene002/ego/fisheye.tar,scenes/scene002/ego/labels/cam_pose/v1.tar,scenes/scene002/ego/labels/masks/v1.tar,scenes/scene002/ego/labels/masks_aux/v1.tar,scenes/scene002/ego/labels/sam2_meta/v1.tar
scene002,multi_object_ego,ego,ego,81,00081.png,ego,True,True,True,True,True,True,True,scenes/scene002/ego/rgb.tar,scenes/scene002/ego/depth.tar,scenes/scene002/ego/fisheye.tar,scenes/scene002/ego/labels/cam_pose/v1.tar,scenes/scene002/ego/labels/masks/v1.tar,scenes/scene002/ego/labels/masks_aux/v1.tar,scenes/scene002/ego/labels/sam2_meta/v1.tar
scene002,multi_object_ego,ego,ego,82,00082.png,ego,True,True,True,True,True,True,True,scenes/scene002/ego/rgb.tar,scenes/scene002/ego/depth.tar,scenes/scene002/ego/fisheye.tar,scenes/scene002/ego/labels/cam_pose/v1.tar,scenes/scene002/ego/labels/masks/v1.tar,scenes/scene002/ego/labels/masks_aux/v1.tar,scenes/scene002/ego/labels/sam2_meta/v1.tar
scene002,multi_object_ego,ego,ego,83,00083.png,ego,True,True,True,True,True,True,True,scenes/scene002/ego/rgb.tar,scenes/scene002/ego/depth.tar,scenes/scene002/ego/fisheye.tar,scenes/scene002/ego/labels/cam_pose/v1.tar,scenes/scene002/ego/labels/masks/v1.tar,scenes/scene002/ego/labels/masks_aux/v1.tar,scenes/scene002/ego/labels/sam2_meta/v1.tar
scene002,multi_object_ego,ego,ego,84,00084.png,ego,True,True,True,True,True,True,True,scenes/scene002/ego/rgb.tar,scenes/scene002/ego/depth.tar,scenes/scene002/ego/fisheye.tar,scenes/scene002/ego/labels/cam_pose/v1.tar,scenes/scene002/ego/labels/masks/v1.tar,scenes/scene002/ego/labels/masks_aux/v1.tar,scenes/scene002/ego/labels/sam2_meta/v1.tar
scene002,multi_object_ego,ego,ego,85,00085.png,ego,True,True,True,True,True,True,True,scenes/scene002/ego/rgb.tar,scenes/scene002/ego/depth.tar,scenes/scene002/ego/fisheye.tar,scenes/scene002/ego/labels/cam_pose/v1.tar,scenes/scene002/ego/labels/masks/v1.tar,scenes/scene002/ego/labels/masks_aux/v1.tar,scenes/scene002/ego/labels/sam2_meta/v1.tar
scene002,multi_object_ego,ego,ego,86,00086.png,ego,True,True,True,True,True,True,True,scenes/scene002/ego/rgb.tar,scenes/scene002/ego/depth.tar,scenes/scene002/ego/fisheye.tar,scenes/scene002/ego/labels/cam_pose/v1.tar,scenes/scene002/ego/labels/masks/v1.tar,scenes/scene002/ego/labels/masks_aux/v1.tar,scenes/scene002/ego/labels/sam2_meta/v1.tar
scene002,multi_object_ego,ego,ego,87,00087.png,ego,True,True,True,True,True,True,True,scenes/scene002/ego/rgb.tar,scenes/scene002/ego/depth.tar,scenes/scene002/ego/fisheye.tar,scenes/scene002/ego/labels/cam_pose/v1.tar,scenes/scene002/ego/labels/masks/v1.tar,scenes/scene002/ego/labels/masks_aux/v1.tar,scenes/scene002/ego/labels/sam2_meta/v1.tar
scene002,multi_object_ego,ego,ego,88,00088.png,ego,True,True,True,True,True,True,True,scenes/scene002/ego/rgb.tar,scenes/scene002/ego/depth.tar,scenes/scene002/ego/fisheye.tar,scenes/scene002/ego/labels/cam_pose/v1.tar,scenes/scene002/ego/labels/masks/v1.tar,scenes/scene002/ego/labels/masks_aux/v1.tar,scenes/scene002/ego/labels/sam2_meta/v1.tar
scene002,multi_object_ego,ego,ego,89,00089.png,ego,True,True,True,True,True,True,True,scenes/scene002/ego/rgb.tar,scenes/scene002/ego/depth.tar,scenes/scene002/ego/fisheye.tar,scenes/scene002/ego/labels/cam_pose/v1.tar,scenes/scene002/ego/labels/masks/v1.tar,scenes/scene002/ego/labels/masks_aux/v1.tar,scenes/scene002/ego/labels/sam2_meta/v1.tar
scene002,multi_object_ego,ego,ego,90,00090.png,ego,True,True,True,True,True,True,True,scenes/scene002/ego/rgb.tar,scenes/scene002/ego/depth.tar,scenes/scene002/ego/fisheye.tar,scenes/scene002/ego/labels/cam_pose/v1.tar,scenes/scene002/ego/labels/masks/v1.tar,scenes/scene002/ego/labels/masks_aux/v1.tar,scenes/scene002/ego/labels/sam2_meta/v1.tar
scene002,multi_object_ego,ego,ego,91,00091.png,ego,True,True,True,True,True,True,True,scenes/scene002/ego/rgb.tar,scenes/scene002/ego/depth.tar,scenes/scene002/ego/fisheye.tar,scenes/scene002/ego/labels/cam_pose/v1.tar,scenes/scene002/ego/labels/masks/v1.tar,scenes/scene002/ego/labels/masks_aux/v1.tar,scenes/scene002/ego/labels/sam2_meta/v1.tar
scene002,multi_object_ego,ego,ego,92,00092.png,ego,True,True,True,True,True,True,True,scenes/scene002/ego/rgb.tar,scenes/scene002/ego/depth.tar,scenes/scene002/ego/fisheye.tar,scenes/scene002/ego/labels/cam_pose/v1.tar,scenes/scene002/ego/labels/masks/v1.tar,scenes/scene002/ego/labels/masks_aux/v1.tar,scenes/scene002/ego/labels/sam2_meta/v1.tar
scene002,multi_object_ego,ego,ego,93,00093.png,ego,True,True,True,True,True,True,True,scenes/scene002/ego/rgb.tar,scenes/scene002/ego/depth.tar,scenes/scene002/ego/fisheye.tar,scenes/scene002/ego/labels/cam_pose/v1.tar,scenes/scene002/ego/labels/masks/v1.tar,scenes/scene002/ego/labels/masks_aux/v1.tar,scenes/scene002/ego/labels/sam2_meta/v1.tar
scene002,multi_object_ego,ego,ego,94,00094.png,ego,True,True,True,True,True,True,True,scenes/scene002/ego/rgb.tar,scenes/scene002/ego/depth.tar,scenes/scene002/ego/fisheye.tar,scenes/scene002/ego/labels/cam_pose/v1.tar,scenes/scene002/ego/labels/masks/v1.tar,scenes/scene002/ego/labels/masks_aux/v1.tar,scenes/scene002/ego/labels/sam2_meta/v1.tar
scene002,multi_object_ego,ego,ego,95,00095.png,ego,True,True,True,True,True,True,True,scenes/scene002/ego/rgb.tar,scenes/scene002/ego/depth.tar,scenes/scene002/ego/fisheye.tar,scenes/scene002/ego/labels/cam_pose/v1.tar,scenes/scene002/ego/labels/masks/v1.tar,scenes/scene002/ego/labels/masks_aux/v1.tar,scenes/scene002/ego/labels/sam2_meta/v1.tar
scene002,multi_object_ego,ego,ego,96,00096.png,ego,True,True,True,True,True,True,True,scenes/scene002/ego/rgb.tar,scenes/scene002/ego/depth.tar,scenes/scene002/ego/fisheye.tar,scenes/scene002/ego/labels/cam_pose/v1.tar,scenes/scene002/ego/labels/masks/v1.tar,scenes/scene002/ego/labels/masks_aux/v1.tar,scenes/scene002/ego/labels/sam2_meta/v1.tar
scene002,multi_object_ego,ego,ego,97,00097.png,ego,True,True,True,True,True,True,True,scenes/scene002/ego/rgb.tar,scenes/scene002/ego/depth.tar,scenes/scene002/ego/fisheye.tar,scenes/scene002/ego/labels/cam_pose/v1.tar,scenes/scene002/ego/labels/masks/v1.tar,scenes/scene002/ego/labels/masks_aux/v1.tar,scenes/scene002/ego/labels/sam2_meta/v1.tar
scene002,multi_object_ego,ego,ego,98,00098.png,ego,True,True,True,True,True,True,True,scenes/scene002/ego/rgb.tar,scenes/scene002/ego/depth.tar,scenes/scene002/ego/fisheye.tar,scenes/scene002/ego/labels/cam_pose/v1.tar,scenes/scene002/ego/labels/masks/v1.tar,scenes/scene002/ego/labels/masks_aux/v1.tar,scenes/scene002/ego/labels/sam2_meta/v1.tar
scene002,multi_object_ego,ego,ego,99,00099.png,ego,True,True,True,True,True,True,True,scenes/scene002/ego/rgb.tar,scenes/scene002/ego/depth.tar,scenes/scene002/ego/fisheye.tar,scenes/scene002/ego/labels/cam_pose/v1.tar,scenes/scene002/ego/labels/masks/v1.tar,scenes/scene002/ego/labels/masks_aux/v1.tar,scenes/scene002/ego/labels/sam2_meta/v1.tar
scene002,multi_object_ego,ego,ego,100,00100.png,ego,True,True,True,True,True,True,True,scenes/scene002/ego/rgb.tar,scenes/scene002/ego/depth.tar,scenes/scene002/ego/fisheye.tar,scenes/scene002/ego/labels/cam_pose/v1.tar,scenes/scene002/ego/labels/masks/v1.tar,scenes/scene002/ego/labels/masks_aux/v1.tar,scenes/scene002/ego/labels/sam2_meta/v1.tar
scene002,multi_object_ego,ego,ego,101,00101.png,ego,True,True,True,True,True,True,True,scenes/scene002/ego/rgb.tar,scenes/scene002/ego/depth.tar,scenes/scene002/ego/fisheye.tar,scenes/scene002/ego/labels/cam_pose/v1.tar,scenes/scene002/ego/labels/masks/v1.tar,scenes/scene002/ego/labels/masks_aux/v1.tar,scenes/scene002/ego/labels/sam2_meta/v1.tar
scene002,multi_object_ego,ego,ego,102,00102.png,ego,True,True,True,True,True,True,True,scenes/scene002/ego/rgb.tar,scenes/scene002/ego/depth.tar,scenes/scene002/ego/fisheye.tar,scenes/scene002/ego/labels/cam_pose/v1.tar,scenes/scene002/ego/labels/masks/v1.tar,scenes/scene002/ego/labels/masks_aux/v1.tar,scenes/scene002/ego/labels/sam2_meta/v1.tar
scene002,multi_object_ego,ego,ego,103,00103.png,ego,True,True,True,True,True,True,True,scenes/scene002/ego/rgb.tar,scenes/scene002/ego/depth.tar,scenes/scene002/ego/fisheye.tar,scenes/scene002/ego/labels/cam_pose/v1.tar,scenes/scene002/ego/labels/masks/v1.tar,scenes/scene002/ego/labels/masks_aux/v1.tar,scenes/scene002/ego/labels/sam2_meta/v1.tar
scene002,multi_object_ego,ego,ego,104,00104.png,ego,True,True,True,True,True,True,True,scenes/scene002/ego/rgb.tar,scenes/scene002/ego/depth.tar,scenes/scene002/ego/fisheye.tar,scenes/scene002/ego/labels/cam_pose/v1.tar,scenes/scene002/ego/labels/masks/v1.tar,scenes/scene002/ego/labels/masks_aux/v1.tar,scenes/scene002/ego/labels/sam2_meta/v1.tar
scene002,multi_object_ego,ego,ego,105,00105.png,ego,True,True,True,True,True,True,True,scenes/scene002/ego/rgb.tar,scenes/scene002/ego/depth.tar,scenes/scene002/ego/fisheye.tar,scenes/scene002/ego/labels/cam_pose/v1.tar,scenes/scene002/ego/labels/masks/v1.tar,scenes/scene002/ego/labels/masks_aux/v1.tar,scenes/scene002/ego/labels/sam2_meta/v1.tar
scene002,multi_object_ego,ego,ego,106,00106.png,ego,True,True,True,True,True,True,True,scenes/scene002/ego/rgb.tar,scenes/scene002/ego/depth.tar,scenes/scene002/ego/fisheye.tar,scenes/scene002/ego/labels/cam_pose/v1.tar,scenes/scene002/ego/labels/masks/v1.tar,scenes/scene002/ego/labels/masks_aux/v1.tar,scenes/scene002/ego/labels/sam2_meta/v1.tar
scene002,multi_object_ego,ego,ego,107,00107.png,ego,True,True,True,True,True,True,True,scenes/scene002/ego/rgb.tar,scenes/scene002/ego/depth.tar,scenes/scene002/ego/fisheye.tar,scenes/scene002/ego/labels/cam_pose/v1.tar,scenes/scene002/ego/labels/masks/v1.tar,scenes/scene002/ego/labels/masks_aux/v1.tar,scenes/scene002/ego/labels/sam2_meta/v1.tar
scene002,multi_object_ego,ego,ego,108,00108.png,ego,True,True,True,True,True,True,True,scenes/scene002/ego/rgb.tar,scenes/scene002/ego/depth.tar,scenes/scene002/ego/fisheye.tar,scenes/scene002/ego/labels/cam_pose/v1.tar,scenes/scene002/ego/labels/masks/v1.tar,scenes/scene002/ego/labels/masks_aux/v1.tar,scenes/scene002/ego/labels/sam2_meta/v1.tar
scene002,multi_object_ego,ego,ego,109,00109.png,ego,True,True,True,True,True,True,True,scenes/scene002/ego/rgb.tar,scenes/scene002/ego/depth.tar,scenes/scene002/ego/fisheye.tar,scenes/scene002/ego/labels/cam_pose/v1.tar,scenes/scene002/ego/labels/masks/v1.tar,scenes/scene002/ego/labels/masks_aux/v1.tar,scenes/scene002/ego/labels/sam2_meta/v1.tar
scene002,multi_object_ego,ego,ego,110,00110.png,ego,True,True,True,True,True,True,True,scenes/scene002/ego/rgb.tar,scenes/scene002/ego/depth.tar,scenes/scene002/ego/fisheye.tar,scenes/scene002/ego/labels/cam_pose/v1.tar,scenes/scene002/ego/labels/masks/v1.tar,scenes/scene002/ego/labels/masks_aux/v1.tar,scenes/scene002/ego/labels/sam2_meta/v1.tar
scene002,multi_object_ego,ego,ego,111,00111.png,ego,True,True,True,True,True,True,True,scenes/scene002/ego/rgb.tar,scenes/scene002/ego/depth.tar,scenes/scene002/ego/fisheye.tar,scenes/scene002/ego/labels/cam_pose/v1.tar,scenes/scene002/ego/labels/masks/v1.tar,scenes/scene002/ego/labels/masks_aux/v1.tar,scenes/scene002/ego/labels/sam2_meta/v1.tar
scene002,multi_object_ego,ego,ego,112,00112.png,ego,True,True,True,True,True,True,True,scenes/scene002/ego/rgb.tar,scenes/scene002/ego/depth.tar,scenes/scene002/ego/fisheye.tar,scenes/scene002/ego/labels/cam_pose/v1.tar,scenes/scene002/ego/labels/masks/v1.tar,scenes/scene002/ego/labels/masks_aux/v1.tar,scenes/scene002/ego/labels/sam2_meta/v1.tar
scene002,multi_object_ego,ego,ego,113,00113.png,ego,True,True,True,True,True,True,True,scenes/scene002/ego/rgb.tar,scenes/scene002/ego/depth.tar,scenes/scene002/ego/fisheye.tar,scenes/scene002/ego/labels/cam_pose/v1.tar,scenes/scene002/ego/labels/masks/v1.tar,scenes/scene002/ego/labels/masks_aux/v1.tar,scenes/scene002/ego/labels/sam2_meta/v1.tar
scene002,multi_object_ego,ego,ego,114,00114.png,ego,True,True,True,True,True,True,True,scenes/scene002/ego/rgb.tar,scenes/scene002/ego/depth.tar,scenes/scene002/ego/fisheye.tar,scenes/scene002/ego/labels/cam_pose/v1.tar,scenes/scene002/ego/labels/masks/v1.tar,scenes/scene002/ego/labels/masks_aux/v1.tar,scenes/scene002/ego/labels/sam2_meta/v1.tar
scene002,multi_object_ego,ego,ego,115,00115.png,ego,True,True,True,True,True,True,True,scenes/scene002/ego/rgb.tar,scenes/scene002/ego/depth.tar,scenes/scene002/ego/fisheye.tar,scenes/scene002/ego/labels/cam_pose/v1.tar,scenes/scene002/ego/labels/masks/v1.tar,scenes/scene002/ego/labels/masks_aux/v1.tar,scenes/scene002/ego/labels/sam2_meta/v1.tar
scene002,multi_object_ego,ego,ego,116,00116.png,ego,True,True,True,True,True,True,True,scenes/scene002/ego/rgb.tar,scenes/scene002/ego/depth.tar,scenes/scene002/ego/fisheye.tar,scenes/scene002/ego/labels/cam_pose/v1.tar,scenes/scene002/ego/labels/masks/v1.tar,scenes/scene002/ego/labels/masks_aux/v1.tar,scenes/scene002/ego/labels/sam2_meta/v1.tar
scene002,multi_object_ego,ego,ego,117,00117.png,ego,True,True,True,True,True,True,True,scenes/scene002/ego/rgb.tar,scenes/scene002/ego/depth.tar,scenes/scene002/ego/fisheye.tar,scenes/scene002/ego/labels/cam_pose/v1.tar,scenes/scene002/ego/labels/masks/v1.tar,scenes/scene002/ego/labels/masks_aux/v1.tar,scenes/scene002/ego/labels/sam2_meta/v1.tar
scene002,multi_object_ego,ego,ego,118,00118.png,ego,True,True,True,True,True,True,True,scenes/scene002/ego/rgb.tar,scenes/scene002/ego/depth.tar,scenes/scene002/ego/fisheye.tar,scenes/scene002/ego/labels/cam_pose/v1.tar,scenes/scene002/ego/labels/masks/v1.tar,scenes/scene002/ego/labels/masks_aux/v1.tar,scenes/scene002/ego/labels/sam2_meta/v1.tar
scene002,multi_object_ego,ego,ego,119,00119.png,ego,True,True,True,True,True,True,True,scenes/scene002/ego/rgb.tar,scenes/scene002/ego/depth.tar,scenes/scene002/ego/fisheye.tar,scenes/scene002/ego/labels/cam_pose/v1.tar,scenes/scene002/ego/labels/masks/v1.tar,scenes/scene002/ego/labels/masks_aux/v1.tar,scenes/scene002/ego/labels/sam2_meta/v1.tar
scene002,multi_object_ego,ego,ego,120,00120.png,ego,True,True,True,True,True,True,True,scenes/scene002/ego/rgb.tar,scenes/scene002/ego/depth.tar,scenes/scene002/ego/fisheye.tar,scenes/scene002/ego/labels/cam_pose/v1.tar,scenes/scene002/ego/labels/masks/v1.tar,scenes/scene002/ego/labels/masks_aux/v1.tar,scenes/scene002/ego/labels/sam2_meta/v1.tar
scene002,multi_object_ego,ego,ego,121,00121.png,ego,True,True,True,True,True,True,True,scenes/scene002/ego/rgb.tar,scenes/scene002/ego/depth.tar,scenes/scene002/ego/fisheye.tar,scenes/scene002/ego/labels/cam_pose/v1.tar,scenes/scene002/ego/labels/masks/v1.tar,scenes/scene002/ego/labels/masks_aux/v1.tar,scenes/scene002/ego/labels/sam2_meta/v1.tar
scene002,multi_object_ego,ego,ego,122,00122.png,ego,True,True,True,True,True,True,True,scenes/scene002/ego/rgb.tar,scenes/scene002/ego/depth.tar,scenes/scene002/ego/fisheye.tar,scenes/scene002/ego/labels/cam_pose/v1.tar,scenes/scene002/ego/labels/masks/v1.tar,scenes/scene002/ego/labels/masks_aux/v1.tar,scenes/scene002/ego/labels/sam2_meta/v1.tar
scene002,multi_object_ego,ego,ego,123,00123.png,ego,True,True,True,True,True,True,True,scenes/scene002/ego/rgb.tar,scenes/scene002/ego/depth.tar,scenes/scene002/ego/fisheye.tar,scenes/scene002/ego/labels/cam_pose/v1.tar,scenes/scene002/ego/labels/masks/v1.tar,scenes/scene002/ego/labels/masks_aux/v1.tar,scenes/scene002/ego/labels/sam2_meta/v1.tar
scene002,multi_object_ego,ego,ego,124,00124.png,ego,True,True,True,True,True,True,True,scenes/scene002/ego/rgb.tar,scenes/scene002/ego/depth.tar,scenes/scene002/ego/fisheye.tar,scenes/scene002/ego/labels/cam_pose/v1.tar,scenes/scene002/ego/labels/masks/v1.tar,scenes/scene002/ego/labels/masks_aux/v1.tar,scenes/scene002/ego/labels/sam2_meta/v1.tar
scene002,multi_object_ego,ego,ego,125,00125.png,ego,True,True,True,True,True,True,True,scenes/scene002/ego/rgb.tar,scenes/scene002/ego/depth.tar,scenes/scene002/ego/fisheye.tar,scenes/scene002/ego/labels/cam_pose/v1.tar,scenes/scene002/ego/labels/masks/v1.tar,scenes/scene002/ego/labels/masks_aux/v1.tar,scenes/scene002/ego/labels/sam2_meta/v1.tar
scene002,multi_object_ego,ego,ego,126,00126.png,ego,True,True,True,True,True,True,True,scenes/scene002/ego/rgb.tar,scenes/scene002/ego/depth.tar,scenes/scene002/ego/fisheye.tar,scenes/scene002/ego/labels/cam_pose/v1.tar,scenes/scene002/ego/labels/masks/v1.tar,scenes/scene002/ego/labels/masks_aux/v1.tar,scenes/scene002/ego/labels/sam2_meta/v1.tar
scene002,multi_object_ego,ego,ego,127,00127.png,ego,True,True,True,True,True,True,True,scenes/scene002/ego/rgb.tar,scenes/scene002/ego/depth.tar,scenes/scene002/ego/fisheye.tar,scenes/scene002/ego/labels/cam_pose/v1.tar,scenes/scene002/ego/labels/masks/v1.tar,scenes/scene002/ego/labels/masks_aux/v1.tar,scenes/scene002/ego/labels/sam2_meta/v1.tar
scene002,multi_object_ego,ego,ego,128,00128.png,ego,True,True,True,True,True,True,True,scenes/scene002/ego/rgb.tar,scenes/scene002/ego/depth.tar,scenes/scene002/ego/fisheye.tar,scenes/scene002/ego/labels/cam_pose/v1.tar,scenes/scene002/ego/labels/masks/v1.tar,scenes/scene002/ego/labels/masks_aux/v1.tar,scenes/scene002/ego/labels/sam2_meta/v1.tar
scene002,multi_object_ego,ego,ego,129,00129.png,ego,True,True,True,True,True,True,True,scenes/scene002/ego/rgb.tar,scenes/scene002/ego/depth.tar,scenes/scene002/ego/fisheye.tar,scenes/scene002/ego/labels/cam_pose/v1.tar,scenes/scene002/ego/labels/masks/v1.tar,scenes/scene002/ego/labels/masks_aux/v1.tar,scenes/scene002/ego/labels/sam2_meta/v1.tar
scene002,multi_object_ego,ego,ego,130,00130.png,ego,True,True,True,True,True,True,True,scenes/scene002/ego/rgb.tar,scenes/scene002/ego/depth.tar,scenes/scene002/ego/fisheye.tar,scenes/scene002/ego/labels/cam_pose/v1.tar,scenes/scene002/ego/labels/masks/v1.tar,scenes/scene002/ego/labels/masks_aux/v1.tar,scenes/scene002/ego/labels/sam2_meta/v1.tar
scene002,multi_object_ego,ego,ego,131,00131.png,ego,True,True,True,True,True,True,True,scenes/scene002/ego/rgb.tar,scenes/scene002/ego/depth.tar,scenes/scene002/ego/fisheye.tar,scenes/scene002/ego/labels/cam_pose/v1.tar,scenes/scene002/ego/labels/masks/v1.tar,scenes/scene002/ego/labels/masks_aux/v1.tar,scenes/scene002/ego/labels/sam2_meta/v1.tar
scene002,multi_object_ego,ego,ego,132,00132.png,ego,True,True,True,True,True,True,True,scenes/scene002/ego/rgb.tar,scenes/scene002/ego/depth.tar,scenes/scene002/ego/fisheye.tar,scenes/scene002/ego/labels/cam_pose/v1.tar,scenes/scene002/ego/labels/masks/v1.tar,scenes/scene002/ego/labels/masks_aux/v1.tar,scenes/scene002/ego/labels/sam2_meta/v1.tar
scene002,multi_object_ego,ego,ego,133,00133.png,ego,True,True,True,True,True,True,True,scenes/scene002/ego/rgb.tar,scenes/scene002/ego/depth.tar,scenes/scene002/ego/fisheye.tar,scenes/scene002/ego/labels/cam_pose/v1.tar,scenes/scene002/ego/labels/masks/v1.tar,scenes/scene002/ego/labels/masks_aux/v1.tar,scenes/scene002/ego/labels/sam2_meta/v1.tar
scene002,multi_object_ego,ego,ego,134,00134.png,ego,True,True,True,True,True,True,True,scenes/scene002/ego/rgb.tar,scenes/scene002/ego/depth.tar,scenes/scene002/ego/fisheye.tar,scenes/scene002/ego/labels/cam_pose/v1.tar,scenes/scene002/ego/labels/masks/v1.tar,scenes/scene002/ego/labels/masks_aux/v1.tar,scenes/scene002/ego/labels/sam2_meta/v1.tar
scene002,multi_object_ego,ego,ego,135,00135.png,ego,True,True,True,True,True,True,True,scenes/scene002/ego/rgb.tar,scenes/scene002/ego/depth.tar,scenes/scene002/ego/fisheye.tar,scenes/scene002/ego/labels/cam_pose/v1.tar,scenes/scene002/ego/labels/masks/v1.tar,scenes/scene002/ego/labels/masks_aux/v1.tar,scenes/scene002/ego/labels/sam2_meta/v1.tar
scene002,multi_object_ego,ego,ego,136,00136.png,ego,True,True,True,True,True,True,True,scenes/scene002/ego/rgb.tar,scenes/scene002/ego/depth.tar,scenes/scene002/ego/fisheye.tar,scenes/scene002/ego/labels/cam_pose/v1.tar,scenes/scene002/ego/labels/masks/v1.tar,scenes/scene002/ego/labels/masks_aux/v1.tar,scenes/scene002/ego/labels/sam2_meta/v1.tar
scene002,multi_object_ego,ego,ego,137,00137.png,ego,True,True,True,True,True,True,True,scenes/scene002/ego/rgb.tar,scenes/scene002/ego/depth.tar,scenes/scene002/ego/fisheye.tar,scenes/scene002/ego/labels/cam_pose/v1.tar,scenes/scene002/ego/labels/masks/v1.tar,scenes/scene002/ego/labels/masks_aux/v1.tar,scenes/scene002/ego/labels/sam2_meta/v1.tar
scene002,multi_object_ego,ego,ego,138,00138.png,ego,True,True,True,True,True,True,True,scenes/scene002/ego/rgb.tar,scenes/scene002/ego/depth.tar,scenes/scene002/ego/fisheye.tar,scenes/scene002/ego/labels/cam_pose/v1.tar,scenes/scene002/ego/labels/masks/v1.tar,scenes/scene002/ego/labels/masks_aux/v1.tar,scenes/scene002/ego/labels/sam2_meta/v1.tar
scene002,multi_object_ego,ego,ego,139,00139.png,ego,True,True,True,True,True,True,True,scenes/scene002/ego/rgb.tar,scenes/scene002/ego/depth.tar,scenes/scene002/ego/fisheye.tar,scenes/scene002/ego/labels/cam_pose/v1.tar,scenes/scene002/ego/labels/masks/v1.tar,scenes/scene002/ego/labels/masks_aux/v1.tar,scenes/scene002/ego/labels/sam2_meta/v1.tar
scene002,multi_object_ego,ego,ego,140,00140.png,ego,True,True,True,True,True,True,True,scenes/scene002/ego/rgb.tar,scenes/scene002/ego/depth.tar,scenes/scene002/ego/fisheye.tar,scenes/scene002/ego/labels/cam_pose/v1.tar,scenes/scene002/ego/labels/masks/v1.tar,scenes/scene002/ego/labels/masks_aux/v1.tar,scenes/scene002/ego/labels/sam2_meta/v1.tar
scene002,multi_object_ego,ego,ego,141,00141.png,ego,True,True,True,True,True,True,True,scenes/scene002/ego/rgb.tar,scenes/scene002/ego/depth.tar,scenes/scene002/ego/fisheye.tar,scenes/scene002/ego/labels/cam_pose/v1.tar,scenes/scene002/ego/labels/masks/v1.tar,scenes/scene002/ego/labels/masks_aux/v1.tar,scenes/scene002/ego/labels/sam2_meta/v1.tar
scene002,multi_object_ego,ego,ego,142,00142.png,ego,True,True,True,True,True,True,True,scenes/scene002/ego/rgb.tar,scenes/scene002/ego/depth.tar,scenes/scene002/ego/fisheye.tar,scenes/scene002/ego/labels/cam_pose/v1.tar,scenes/scene002/ego/labels/masks/v1.tar,scenes/scene002/ego/labels/masks_aux/v1.tar,scenes/scene002/ego/labels/sam2_meta/v1.tar
scene002,multi_object_ego,ego,ego,143,00143.png,ego,True,True,True,True,True,True,True,scenes/scene002/ego/rgb.tar,scenes/scene002/ego/depth.tar,scenes/scene002/ego/fisheye.tar,scenes/scene002/ego/labels/cam_pose/v1.tar,scenes/scene002/ego/labels/masks/v1.tar,scenes/scene002/ego/labels/masks_aux/v1.tar,scenes/scene002/ego/labels/sam2_meta/v1.tar
scene002,multi_object_ego,ego,ego,144,00144.png,ego,True,True,True,True,True,True,True,scenes/scene002/ego/rgb.tar,scenes/scene002/ego/depth.tar,scenes/scene002/ego/fisheye.tar,scenes/scene002/ego/labels/cam_pose/v1.tar,scenes/scene002/ego/labels/masks/v1.tar,scenes/scene002/ego/labels/masks_aux/v1.tar,scenes/scene002/ego/labels/sam2_meta/v1.tar
scene002,multi_object_ego,ego,ego,145,00145.png,ego,True,True,True,True,True,True,True,scenes/scene002/ego/rgb.tar,scenes/scene002/ego/depth.tar,scenes/scene002/ego/fisheye.tar,scenes/scene002/ego/labels/cam_pose/v1.tar,scenes/scene002/ego/labels/masks/v1.tar,scenes/scene002/ego/labels/masks_aux/v1.tar,scenes/scene002/ego/labels/sam2_meta/v1.tar
scene002,multi_object_ego,ego,ego,146,00146.png,ego,True,True,True,True,True,True,True,scenes/scene002/ego/rgb.tar,scenes/scene002/ego/depth.tar,scenes/scene002/ego/fisheye.tar,scenes/scene002/ego/labels/cam_pose/v1.tar,scenes/scene002/ego/labels/masks/v1.tar,scenes/scene002/ego/labels/masks_aux/v1.tar,scenes/scene002/ego/labels/sam2_meta/v1.tar
scene002,multi_object_ego,ego,ego,147,00147.png,ego,True,True,True,True,True,True,True,scenes/scene002/ego/rgb.tar,scenes/scene002/ego/depth.tar,scenes/scene002/ego/fisheye.tar,scenes/scene002/ego/labels/cam_pose/v1.tar,scenes/scene002/ego/labels/masks/v1.tar,scenes/scene002/ego/labels/masks_aux/v1.tar,scenes/scene002/ego/labels/sam2_meta/v1.tar
scene002,multi_object_ego,ego,ego,148,00148.png,ego,True,True,True,True,True,True,True,scenes/scene002/ego/rgb.tar,scenes/scene002/ego/depth.tar,scenes/scene002/ego/fisheye.tar,scenes/scene002/ego/labels/cam_pose/v1.tar,scenes/scene002/ego/labels/masks/v1.tar,scenes/scene002/ego/labels/masks_aux/v1.tar,scenes/scene002/ego/labels/sam2_meta/v1.tar
scene002,multi_object_ego,ego,ego,149,00149.png,ego,True,True,True,True,True,True,True,scenes/scene002/ego/rgb.tar,scenes/scene002/ego/depth.tar,scenes/scene002/ego/fisheye.tar,scenes/scene002/ego/labels/cam_pose/v1.tar,scenes/scene002/ego/labels/masks/v1.tar,scenes/scene002/ego/labels/masks_aux/v1.tar,scenes/scene002/ego/labels/sam2_meta/v1.tar
scene002,multi_object_ego,ego,ego,150,00150.png,ego,True,True,True,True,True,True,True,scenes/scene002/ego/rgb.tar,scenes/scene002/ego/depth.tar,scenes/scene002/ego/fisheye.tar,scenes/scene002/ego/labels/cam_pose/v1.tar,scenes/scene002/ego/labels/masks/v1.tar,scenes/scene002/ego/labels/masks_aux/v1.tar,scenes/scene002/ego/labels/sam2_meta/v1.tar
scene002,multi_object_ego,ego,ego,151,00151.png,ego,True,True,True,True,True,True,True,scenes/scene002/ego/rgb.tar,scenes/scene002/ego/depth.tar,scenes/scene002/ego/fisheye.tar,scenes/scene002/ego/labels/cam_pose/v1.tar,scenes/scene002/ego/labels/masks/v1.tar,scenes/scene002/ego/labels/masks_aux/v1.tar,scenes/scene002/ego/labels/sam2_meta/v1.tar
scene002,multi_object_ego,ego,ego,152,00152.png,ego,True,True,True,True,True,True,True,scenes/scene002/ego/rgb.tar,scenes/scene002/ego/depth.tar,scenes/scene002/ego/fisheye.tar,scenes/scene002/ego/labels/cam_pose/v1.tar,scenes/scene002/ego/labels/masks/v1.tar,scenes/scene002/ego/labels/masks_aux/v1.tar,scenes/scene002/ego/labels/sam2_meta/v1.tar
scene002,multi_object_ego,ego,ego,153,00153.png,ego,True,True,True,True,True,True,True,scenes/scene002/ego/rgb.tar,scenes/scene002/ego/depth.tar,scenes/scene002/ego/fisheye.tar,scenes/scene002/ego/labels/cam_pose/v1.tar,scenes/scene002/ego/labels/masks/v1.tar,scenes/scene002/ego/labels/masks_aux/v1.tar,scenes/scene002/ego/labels/sam2_meta/v1.tar
scene002,multi_object_ego,ego,ego,154,00154.png,ego,True,True,True,True,True,True,True,scenes/scene002/ego/rgb.tar,scenes/scene002/ego/depth.tar,scenes/scene002/ego/fisheye.tar,scenes/scene002/ego/labels/cam_pose/v1.tar,scenes/scene002/ego/labels/masks/v1.tar,scenes/scene002/ego/labels/masks_aux/v1.tar,scenes/scene002/ego/labels/sam2_meta/v1.tar
scene002,multi_object_ego,ego,ego,155,00155.png,ego,True,True,True,True,True,True,True,scenes/scene002/ego/rgb.tar,scenes/scene002/ego/depth.tar,scenes/scene002/ego/fisheye.tar,scenes/scene002/ego/labels/cam_pose/v1.tar,scenes/scene002/ego/labels/masks/v1.tar,scenes/scene002/ego/labels/masks_aux/v1.tar,scenes/scene002/ego/labels/sam2_meta/v1.tar
scene002,multi_object_ego,ego,ego,156,00156.png,ego,True,True,True,True,True,True,True,scenes/scene002/ego/rgb.tar,scenes/scene002/ego/depth.tar,scenes/scene002/ego/fisheye.tar,scenes/scene002/ego/labels/cam_pose/v1.tar,scenes/scene002/ego/labels/masks/v1.tar,scenes/scene002/ego/labels/masks_aux/v1.tar,scenes/scene002/ego/labels/sam2_meta/v1.tar
scene002,multi_object_ego,ego,ego,157,00157.png,ego,True,True,True,True,True,True,True,scenes/scene002/ego/rgb.tar,scenes/scene002/ego/depth.tar,scenes/scene002/ego/fisheye.tar,scenes/scene002/ego/labels/cam_pose/v1.tar,scenes/scene002/ego/labels/masks/v1.tar,scenes/scene002/ego/labels/masks_aux/v1.tar,scenes/scene002/ego/labels/sam2_meta/v1.tar
scene002,multi_object_ego,ego,ego,158,00158.png,ego,True,True,True,True,True,True,True,scenes/scene002/ego/rgb.tar,scenes/scene002/ego/depth.tar,scenes/scene002/ego/fisheye.tar,scenes/scene002/ego/labels/cam_pose/v1.tar,scenes/scene002/ego/labels/masks/v1.tar,scenes/scene002/ego/labels/masks_aux/v1.tar,scenes/scene002/ego/labels/sam2_meta/v1.tar
scene002,multi_object_ego,ego,ego,159,00159.png,ego,True,True,True,True,True,True,True,scenes/scene002/ego/rgb.tar,scenes/scene002/ego/depth.tar,scenes/scene002/ego/fisheye.tar,scenes/scene002/ego/labels/cam_pose/v1.tar,scenes/scene002/ego/labels/masks/v1.tar,scenes/scene002/ego/labels/masks_aux/v1.tar,scenes/scene002/ego/labels/sam2_meta/v1.tar
scene002,multi_object_ego,ego,ego,160,00160.png,ego,True,True,True,True,True,True,True,scenes/scene002/ego/rgb.tar,scenes/scene002/ego/depth.tar,scenes/scene002/ego/fisheye.tar,scenes/scene002/ego/labels/cam_pose/v1.tar,scenes/scene002/ego/labels/masks/v1.tar,scenes/scene002/ego/labels/masks_aux/v1.tar,scenes/scene002/ego/labels/sam2_meta/v1.tar
scene002,multi_object_ego,ego,ego,161,00161.png,ego,True,True,True,True,True,True,True,scenes/scene002/ego/rgb.tar,scenes/scene002/ego/depth.tar,scenes/scene002/ego/fisheye.tar,scenes/scene002/ego/labels/cam_pose/v1.tar,scenes/scene002/ego/labels/masks/v1.tar,scenes/scene002/ego/labels/masks_aux/v1.tar,scenes/scene002/ego/labels/sam2_meta/v1.tar
scene002,multi_object_ego,ego,ego,162,00162.png,ego,True,True,True,True,True,True,True,scenes/scene002/ego/rgb.tar,scenes/scene002/ego/depth.tar,scenes/scene002/ego/fisheye.tar,scenes/scene002/ego/labels/cam_pose/v1.tar,scenes/scene002/ego/labels/masks/v1.tar,scenes/scene002/ego/labels/masks_aux/v1.tar,scenes/scene002/ego/labels/sam2_meta/v1.tar
scene002,multi_object_ego,ego,ego,163,00163.png,ego,True,True,True,True,True,True,True,scenes/scene002/ego/rgb.tar,scenes/scene002/ego/depth.tar,scenes/scene002/ego/fisheye.tar,scenes/scene002/ego/labels/cam_pose/v1.tar,scenes/scene002/ego/labels/masks/v1.tar,scenes/scene002/ego/labels/masks_aux/v1.tar,scenes/scene002/ego/labels/sam2_meta/v1.tar
scene002,multi_object_ego,ego,ego,164,00164.png,ego,True,True,True,True,True,True,True,scenes/scene002/ego/rgb.tar,scenes/scene002/ego/depth.tar,scenes/scene002/ego/fisheye.tar,scenes/scene002/ego/labels/cam_pose/v1.tar,scenes/scene002/ego/labels/masks/v1.tar,scenes/scene002/ego/labels/masks_aux/v1.tar,scenes/scene002/ego/labels/sam2_meta/v1.tar
scene002,multi_object_ego,ego,ego,165,00165.png,ego,True,True,True,True,True,True,True,scenes/scene002/ego/rgb.tar,scenes/scene002/ego/depth.tar,scenes/scene002/ego/fisheye.tar,scenes/scene002/ego/labels/cam_pose/v1.tar,scenes/scene002/ego/labels/masks/v1.tar,scenes/scene002/ego/labels/masks_aux/v1.tar,scenes/scene002/ego/labels/sam2_meta/v1.tar
scene002,multi_object_ego,ego,ego,166,00166.png,ego,True,True,True,True,True,True,True,scenes/scene002/ego/rgb.tar,scenes/scene002/ego/depth.tar,scenes/scene002/ego/fisheye.tar,scenes/scene002/ego/labels/cam_pose/v1.tar,scenes/scene002/ego/labels/masks/v1.tar,scenes/scene002/ego/labels/masks_aux/v1.tar,scenes/scene002/ego/labels/sam2_meta/v1.tar
scene002,multi_object_ego,ego,ego,167,00167.png,ego,True,True,True,True,True,True,True,scenes/scene002/ego/rgb.tar,scenes/scene002/ego/depth.tar,scenes/scene002/ego/fisheye.tar,scenes/scene002/ego/labels/cam_pose/v1.tar,scenes/scene002/ego/labels/masks/v1.tar,scenes/scene002/ego/labels/masks_aux/v1.tar,scenes/scene002/ego/labels/sam2_meta/v1.tar
scene002,multi_object_ego,ego,ego,168,00168.png,ego,True,True,True,True,True,True,True,scenes/scene002/ego/rgb.tar,scenes/scene002/ego/depth.tar,scenes/scene002/ego/fisheye.tar,scenes/scene002/ego/labels/cam_pose/v1.tar,scenes/scene002/ego/labels/masks/v1.tar,scenes/scene002/ego/labels/masks_aux/v1.tar,scenes/scene002/ego/labels/sam2_meta/v1.tar
scene002,multi_object_ego,ego,ego,169,00169.png,ego,True,True,True,True,True,True,True,scenes/scene002/ego/rgb.tar,scenes/scene002/ego/depth.tar,scenes/scene002/ego/fisheye.tar,scenes/scene002/ego/labels/cam_pose/v1.tar,scenes/scene002/ego/labels/masks/v1.tar,scenes/scene002/ego/labels/masks_aux/v1.tar,scenes/scene002/ego/labels/sam2_meta/v1.tar
scene002,multi_object_ego,ego,ego,170,00170.png,ego,True,True,True,True,True,True,True,scenes/scene002/ego/rgb.tar,scenes/scene002/ego/depth.tar,scenes/scene002/ego/fisheye.tar,scenes/scene002/ego/labels/cam_pose/v1.tar,scenes/scene002/ego/labels/masks/v1.tar,scenes/scene002/ego/labels/masks_aux/v1.tar,scenes/scene002/ego/labels/sam2_meta/v1.tar
scene002,multi_object_ego,ego,ego,171,00171.png,ego,True,True,True,True,True,True,True,scenes/scene002/ego/rgb.tar,scenes/scene002/ego/depth.tar,scenes/scene002/ego/fisheye.tar,scenes/scene002/ego/labels/cam_pose/v1.tar,scenes/scene002/ego/labels/masks/v1.tar,scenes/scene002/ego/labels/masks_aux/v1.tar,scenes/scene002/ego/labels/sam2_meta/v1.tar
scene002,multi_object_ego,ego,ego,172,00172.png,ego,True,True,True,True,True,True,True,scenes/scene002/ego/rgb.tar,scenes/scene002/ego/depth.tar,scenes/scene002/ego/fisheye.tar,scenes/scene002/ego/labels/cam_pose/v1.tar,scenes/scene002/ego/labels/masks/v1.tar,scenes/scene002/ego/labels/masks_aux/v1.tar,scenes/scene002/ego/labels/sam2_meta/v1.tar
scene002,multi_object_ego,ego,ego,173,00173.png,ego,True,True,True,True,True,True,True,scenes/scene002/ego/rgb.tar,scenes/scene002/ego/depth.tar,scenes/scene002/ego/fisheye.tar,scenes/scene002/ego/labels/cam_pose/v1.tar,scenes/scene002/ego/labels/masks/v1.tar,scenes/scene002/ego/labels/masks_aux/v1.tar,scenes/scene002/ego/labels/sam2_meta/v1.tar
scene002,multi_object_ego,ego,ego,174,00174.png,ego,True,True,True,True,True,True,True,scenes/scene002/ego/rgb.tar,scenes/scene002/ego/depth.tar,scenes/scene002/ego/fisheye.tar,scenes/scene002/ego/labels/cam_pose/v1.tar,scenes/scene002/ego/labels/masks/v1.tar,scenes/scene002/ego/labels/masks_aux/v1.tar,scenes/scene002/ego/labels/sam2_meta/v1.tar
scene002,multi_object_ego,ego,ego,175,00175.png,ego,True,True,True,True,True,True,True,scenes/scene002/ego/rgb.tar,scenes/scene002/ego/depth.tar,scenes/scene002/ego/fisheye.tar,scenes/scene002/ego/labels/cam_pose/v1.tar,scenes/scene002/ego/labels/masks/v1.tar,scenes/scene002/ego/labels/masks_aux/v1.tar,scenes/scene002/ego/labels/sam2_meta/v1.tar
scene002,multi_object_ego,ego,ego,176,00176.png,ego,True,True,True,True,True,True,True,scenes/scene002/ego/rgb.tar,scenes/scene002/ego/depth.tar,scenes/scene002/ego/fisheye.tar,scenes/scene002/ego/labels/cam_pose/v1.tar,scenes/scene002/ego/labels/masks/v1.tar,scenes/scene002/ego/labels/masks_aux/v1.tar,scenes/scene002/ego/labels/sam2_meta/v1.tar
scene002,multi_object_ego,ego,ego,177,00177.png,ego,True,True,True,True,True,True,True,scenes/scene002/ego/rgb.tar,scenes/scene002/ego/depth.tar,scenes/scene002/ego/fisheye.tar,scenes/scene002/ego/labels/cam_pose/v1.tar,scenes/scene002/ego/labels/masks/v1.tar,scenes/scene002/ego/labels/masks_aux/v1.tar,scenes/scene002/ego/labels/sam2_meta/v1.tar
scene002,multi_object_ego,ego,ego,178,00178.png,ego,True,True,True,True,True,True,True,scenes/scene002/ego/rgb.tar,scenes/scene002/ego/depth.tar,scenes/scene002/ego/fisheye.tar,scenes/scene002/ego/labels/cam_pose/v1.tar,scenes/scene002/ego/labels/masks/v1.tar,scenes/scene002/ego/labels/masks_aux/v1.tar,scenes/scene002/ego/labels/sam2_meta/v1.tar
scene002,multi_object_ego,ego,ego,179,00179.png,ego,True,True,True,True,True,True,True,scenes/scene002/ego/rgb.tar,scenes/scene002/ego/depth.tar,scenes/scene002/ego/fisheye.tar,scenes/scene002/ego/labels/cam_pose/v1.tar,scenes/scene002/ego/labels/masks/v1.tar,scenes/scene002/ego/labels/masks_aux/v1.tar,scenes/scene002/ego/labels/sam2_meta/v1.tar
scene002,multi_object_ego,ego,ego,180,00180.png,ego,True,True,True,True,True,True,True,scenes/scene002/ego/rgb.tar,scenes/scene002/ego/depth.tar,scenes/scene002/ego/fisheye.tar,scenes/scene002/ego/labels/cam_pose/v1.tar,scenes/scene002/ego/labels/masks/v1.tar,scenes/scene002/ego/labels/masks_aux/v1.tar,scenes/scene002/ego/labels/sam2_meta/v1.tar
scene002,multi_object_ego,ego,ego,181,00181.png,ego,True,True,True,True,True,True,True,scenes/scene002/ego/rgb.tar,scenes/scene002/ego/depth.tar,scenes/scene002/ego/fisheye.tar,scenes/scene002/ego/labels/cam_pose/v1.tar,scenes/scene002/ego/labels/masks/v1.tar,scenes/scene002/ego/labels/masks_aux/v1.tar,scenes/scene002/ego/labels/sam2_meta/v1.tar
scene002,multi_object_ego,ego,ego,182,00182.png,ego,True,True,True,True,True,True,True,scenes/scene002/ego/rgb.tar,scenes/scene002/ego/depth.tar,scenes/scene002/ego/fisheye.tar,scenes/scene002/ego/labels/cam_pose/v1.tar,scenes/scene002/ego/labels/masks/v1.tar,scenes/scene002/ego/labels/masks_aux/v1.tar,scenes/scene002/ego/labels/sam2_meta/v1.tar
scene002,multi_object_ego,ego,ego,183,00183.png,ego,True,True,True,True,True,True,True,scenes/scene002/ego/rgb.tar,scenes/scene002/ego/depth.tar,scenes/scene002/ego/fisheye.tar,scenes/scene002/ego/labels/cam_pose/v1.tar,scenes/scene002/ego/labels/masks/v1.tar,scenes/scene002/ego/labels/masks_aux/v1.tar,scenes/scene002/ego/labels/sam2_meta/v1.tar
scene002,multi_object_ego,ego,ego,184,00184.png,ego,True,True,True,True,True,True,True,scenes/scene002/ego/rgb.tar,scenes/scene002/ego/depth.tar,scenes/scene002/ego/fisheye.tar,scenes/scene002/ego/labels/cam_pose/v1.tar,scenes/scene002/ego/labels/masks/v1.tar,scenes/scene002/ego/labels/masks_aux/v1.tar,scenes/scene002/ego/labels/sam2_meta/v1.tar
scene002,multi_object_ego,ego,ego,185,00185.png,ego,True,True,True,True,True,True,True,scenes/scene002/ego/rgb.tar,scenes/scene002/ego/depth.tar,scenes/scene002/ego/fisheye.tar,scenes/scene002/ego/labels/cam_pose/v1.tar,scenes/scene002/ego/labels/masks/v1.tar,scenes/scene002/ego/labels/masks_aux/v1.tar,scenes/scene002/ego/labels/sam2_meta/v1.tar
scene002,multi_object_ego,ego,ego,186,00186.png,ego,True,True,True,True,True,True,True,scenes/scene002/ego/rgb.tar,scenes/scene002/ego/depth.tar,scenes/scene002/ego/fisheye.tar,scenes/scene002/ego/labels/cam_pose/v1.tar,scenes/scene002/ego/labels/masks/v1.tar,scenes/scene002/ego/labels/masks_aux/v1.tar,scenes/scene002/ego/labels/sam2_meta/v1.tar
scene002,multi_object_ego,ego,ego,187,00187.png,ego,True,True,True,True,True,True,True,scenes/scene002/ego/rgb.tar,scenes/scene002/ego/depth.tar,scenes/scene002/ego/fisheye.tar,scenes/scene002/ego/labels/cam_pose/v1.tar,scenes/scene002/ego/labels/masks/v1.tar,scenes/scene002/ego/labels/masks_aux/v1.tar,scenes/scene002/ego/labels/sam2_meta/v1.tar
scene002,multi_object_ego,ego,ego,188,00188.png,ego,True,True,True,True,True,True,True,scenes/scene002/ego/rgb.tar,scenes/scene002/ego/depth.tar,scenes/scene002/ego/fisheye.tar,scenes/scene002/ego/labels/cam_pose/v1.tar,scenes/scene002/ego/labels/masks/v1.tar,scenes/scene002/ego/labels/masks_aux/v1.tar,scenes/scene002/ego/labels/sam2_meta/v1.tar
scene002,multi_object_ego,ego,ego,189,00189.png,ego,True,True,True,True,True,True,True,scenes/scene002/ego/rgb.tar,scenes/scene002/ego/depth.tar,scenes/scene002/ego/fisheye.tar,scenes/scene002/ego/labels/cam_pose/v1.tar,scenes/scene002/ego/labels/masks/v1.tar,scenes/scene002/ego/labels/masks_aux/v1.tar,scenes/scene002/ego/labels/sam2_meta/v1.tar
scene002,multi_object_ego,ego,ego,190,00190.png,ego,True,True,True,True,True,True,True,scenes/scene002/ego/rgb.tar,scenes/scene002/ego/depth.tar,scenes/scene002/ego/fisheye.tar,scenes/scene002/ego/labels/cam_pose/v1.tar,scenes/scene002/ego/labels/masks/v1.tar,scenes/scene002/ego/labels/masks_aux/v1.tar,scenes/scene002/ego/labels/sam2_meta/v1.tar
scene002,multi_object_ego,ego,ego,191,00191.png,ego,True,True,True,True,True,True,True,scenes/scene002/ego/rgb.tar,scenes/scene002/ego/depth.tar,scenes/scene002/ego/fisheye.tar,scenes/scene002/ego/labels/cam_pose/v1.tar,scenes/scene002/ego/labels/masks/v1.tar,scenes/scene002/ego/labels/masks_aux/v1.tar,scenes/scene002/ego/labels/sam2_meta/v1.tar
scene002,multi_object_ego,ego,ego,192,00192.png,ego,True,True,True,True,True,True,True,scenes/scene002/ego/rgb.tar,scenes/scene002/ego/depth.tar,scenes/scene002/ego/fisheye.tar,scenes/scene002/ego/labels/cam_pose/v1.tar,scenes/scene002/ego/labels/masks/v1.tar,scenes/scene002/ego/labels/masks_aux/v1.tar,scenes/scene002/ego/labels/sam2_meta/v1.tar
scene002,multi_object_ego,ego,ego,193,00193.png,ego,True,True,True,True,True,True,True,scenes/scene002/ego/rgb.tar,scenes/scene002/ego/depth.tar,scenes/scene002/ego/fisheye.tar,scenes/scene002/ego/labels/cam_pose/v1.tar,scenes/scene002/ego/labels/masks/v1.tar,scenes/scene002/ego/labels/masks_aux/v1.tar,scenes/scene002/ego/labels/sam2_meta/v1.tar
scene002,multi_object_ego,ego,ego,194,00194.png,ego,True,True,True,True,True,True,True,scenes/scene002/ego/rgb.tar,scenes/scene002/ego/depth.tar,scenes/scene002/ego/fisheye.tar,scenes/scene002/ego/labels/cam_pose/v1.tar,scenes/scene002/ego/labels/masks/v1.tar,scenes/scene002/ego/labels/masks_aux/v1.tar,scenes/scene002/ego/labels/sam2_meta/v1.tar
scene002,multi_object_ego,ego,ego,195,00195.png,ego,True,True,True,True,True,True,True,scenes/scene002/ego/rgb.tar,scenes/scene002/ego/depth.tar,scenes/scene002/ego/fisheye.tar,scenes/scene002/ego/labels/cam_pose/v1.tar,scenes/scene002/ego/labels/masks/v1.tar,scenes/scene002/ego/labels/masks_aux/v1.tar,scenes/scene002/ego/labels/sam2_meta/v1.tar
scene002,multi_object_ego,ego,ego,196,00196.png,ego,True,True,True,True,True,True,True,scenes/scene002/ego/rgb.tar,scenes/scene002/ego/depth.tar,scenes/scene002/ego/fisheye.tar,scenes/scene002/ego/labels/cam_pose/v1.tar,scenes/scene002/ego/labels/masks/v1.tar,scenes/scene002/ego/labels/masks_aux/v1.tar,scenes/scene002/ego/labels/sam2_meta/v1.tar
scene002,multi_object_ego,ego,ego,197,00197.png,ego,True,True,True,True,True,True,True,scenes/scene002/ego/rgb.tar,scenes/scene002/ego/depth.tar,scenes/scene002/ego/fisheye.tar,scenes/scene002/ego/labels/cam_pose/v1.tar,scenes/scene002/ego/labels/masks/v1.tar,scenes/scene002/ego/labels/masks_aux/v1.tar,scenes/scene002/ego/labels/sam2_meta/v1.tar
scene002,multi_object_ego,ego,ego,198,00198.png,ego,True,True,True,True,True,True,True,scenes/scene002/ego/rgb.tar,scenes/scene002/ego/depth.tar,scenes/scene002/ego/fisheye.tar,scenes/scene002/ego/labels/cam_pose/v1.tar,scenes/scene002/ego/labels/masks/v1.tar,scenes/scene002/ego/labels/masks_aux/v1.tar,scenes/scene002/ego/labels/sam2_meta/v1.tar
scene002,multi_object_ego,ego,ego,199,00199.png,ego,True,True,True,True,True,True,True,scenes/scene002/ego/rgb.tar,scenes/scene002/ego/depth.tar,scenes/scene002/ego/fisheye.tar,scenes/scene002/ego/labels/cam_pose/v1.tar,scenes/scene002/ego/labels/masks/v1.tar,scenes/scene002/ego/labels/masks_aux/v1.tar,scenes/scene002/ego/labels/sam2_meta/v1.tar
scene002,multi_object_ego,ego,ego,200,00200.png,ego,True,True,True,True,True,True,True,scenes/scene002/ego/rgb.tar,scenes/scene002/ego/depth.tar,scenes/scene002/ego/fisheye.tar,scenes/scene002/ego/labels/cam_pose/v1.tar,scenes/scene002/ego/labels/masks/v1.tar,scenes/scene002/ego/labels/masks_aux/v1.tar,scenes/scene002/ego/labels/sam2_meta/v1.tar
scene002,multi_object_ego,ego,ego,201,00201.png,ego,True,True,True,True,True,True,True,scenes/scene002/ego/rgb.tar,scenes/scene002/ego/depth.tar,scenes/scene002/ego/fisheye.tar,scenes/scene002/ego/labels/cam_pose/v1.tar,scenes/scene002/ego/labels/masks/v1.tar,scenes/scene002/ego/labels/masks_aux/v1.tar,scenes/scene002/ego/labels/sam2_meta/v1.tar
scene002,multi_object_ego,ego,ego,202,00202.png,ego,True,True,True,True,True,True,True,scenes/scene002/ego/rgb.tar,scenes/scene002/ego/depth.tar,scenes/scene002/ego/fisheye.tar,scenes/scene002/ego/labels/cam_pose/v1.tar,scenes/scene002/ego/labels/masks/v1.tar,scenes/scene002/ego/labels/masks_aux/v1.tar,scenes/scene002/ego/labels/sam2_meta/v1.tar
scene002,multi_object_ego,ego,ego,203,00203.png,ego,True,True,True,True,True,True,True,scenes/scene002/ego/rgb.tar,scenes/scene002/ego/depth.tar,scenes/scene002/ego/fisheye.tar,scenes/scene002/ego/labels/cam_pose/v1.tar,scenes/scene002/ego/labels/masks/v1.tar,scenes/scene002/ego/labels/masks_aux/v1.tar,scenes/scene002/ego/labels/sam2_meta/v1.tar
scene002,multi_object_ego,ego,ego,204,00204.png,ego,True,True,True,True,True,True,True,scenes/scene002/ego/rgb.tar,scenes/scene002/ego/depth.tar,scenes/scene002/ego/fisheye.tar,scenes/scene002/ego/labels/cam_pose/v1.tar,scenes/scene002/ego/labels/masks/v1.tar,scenes/scene002/ego/labels/masks_aux/v1.tar,scenes/scene002/ego/labels/sam2_meta/v1.tar
scene002,multi_object_ego,ego,ego,205,00205.png,ego,True,True,True,True,True,True,True,scenes/scene002/ego/rgb.tar,scenes/scene002/ego/depth.tar,scenes/scene002/ego/fisheye.tar,scenes/scene002/ego/labels/cam_pose/v1.tar,scenes/scene002/ego/labels/masks/v1.tar,scenes/scene002/ego/labels/masks_aux/v1.tar,scenes/scene002/ego/labels/sam2_meta/v1.tar
scene002,multi_object_ego,ego,ego,206,00206.png,ego,True,True,True,True,True,True,True,scenes/scene002/ego/rgb.tar,scenes/scene002/ego/depth.tar,scenes/scene002/ego/fisheye.tar,scenes/scene002/ego/labels/cam_pose/v1.tar,scenes/scene002/ego/labels/masks/v1.tar,scenes/scene002/ego/labels/masks_aux/v1.tar,scenes/scene002/ego/labels/sam2_meta/v1.tar
scene002,multi_object_ego,ego,ego,207,00207.png,ego,True,True,True,True,True,True,True,scenes/scene002/ego/rgb.tar,scenes/scene002/ego/depth.tar,scenes/scene002/ego/fisheye.tar,scenes/scene002/ego/labels/cam_pose/v1.tar,scenes/scene002/ego/labels/masks/v1.tar,scenes/scene002/ego/labels/masks_aux/v1.tar,scenes/scene002/ego/labels/sam2_meta/v1.tar
scene002,multi_object_ego,ego,ego,208,00208.png,ego,True,True,True,True,True,True,True,scenes/scene002/ego/rgb.tar,scenes/scene002/ego/depth.tar,scenes/scene002/ego/fisheye.tar,scenes/scene002/ego/labels/cam_pose/v1.tar,scenes/scene002/ego/labels/masks/v1.tar,scenes/scene002/ego/labels/masks_aux/v1.tar,scenes/scene002/ego/labels/sam2_meta/v1.tar
scene002,multi_object_ego,ego,ego,209,00209.png,ego,True,True,True,True,True,True,True,scenes/scene002/ego/rgb.tar,scenes/scene002/ego/depth.tar,scenes/scene002/ego/fisheye.tar,scenes/scene002/ego/labels/cam_pose/v1.tar,scenes/scene002/ego/labels/masks/v1.tar,scenes/scene002/ego/labels/masks_aux/v1.tar,scenes/scene002/ego/labels/sam2_meta/v1.tar
scene002,multi_object_ego,ego,ego,210,00210.png,ego,True,True,True,True,True,True,True,scenes/scene002/ego/rgb.tar,scenes/scene002/ego/depth.tar,scenes/scene002/ego/fisheye.tar,scenes/scene002/ego/labels/cam_pose/v1.tar,scenes/scene002/ego/labels/masks/v1.tar,scenes/scene002/ego/labels/masks_aux/v1.tar,scenes/scene002/ego/labels/sam2_meta/v1.tar
scene002,multi_object_ego,ego,ego,211,00211.png,ego,True,True,True,True,True,True,True,scenes/scene002/ego/rgb.tar,scenes/scene002/ego/depth.tar,scenes/scene002/ego/fisheye.tar,scenes/scene002/ego/labels/cam_pose/v1.tar,scenes/scene002/ego/labels/masks/v1.tar,scenes/scene002/ego/labels/masks_aux/v1.tar,scenes/scene002/ego/labels/sam2_meta/v1.tar
scene002,multi_object_ego,ego,ego,212,00212.png,ego,True,True,True,True,True,True,True,scenes/scene002/ego/rgb.tar,scenes/scene002/ego/depth.tar,scenes/scene002/ego/fisheye.tar,scenes/scene002/ego/labels/cam_pose/v1.tar,scenes/scene002/ego/labels/masks/v1.tar,scenes/scene002/ego/labels/masks_aux/v1.tar,scenes/scene002/ego/labels/sam2_meta/v1.tar
scene002,multi_object_ego,ego,ego,213,00213.png,ego,True,True,True,True,True,True,True,scenes/scene002/ego/rgb.tar,scenes/scene002/ego/depth.tar,scenes/scene002/ego/fisheye.tar,scenes/scene002/ego/labels/cam_pose/v1.tar,scenes/scene002/ego/labels/masks/v1.tar,scenes/scene002/ego/labels/masks_aux/v1.tar,scenes/scene002/ego/labels/sam2_meta/v1.tar
scene002,multi_object_ego,ego,ego,214,00214.png,ego,True,True,True,True,True,True,True,scenes/scene002/ego/rgb.tar,scenes/scene002/ego/depth.tar,scenes/scene002/ego/fisheye.tar,scenes/scene002/ego/labels/cam_pose/v1.tar,scenes/scene002/ego/labels/masks/v1.tar,scenes/scene002/ego/labels/masks_aux/v1.tar,scenes/scene002/ego/labels/sam2_meta/v1.tar
scene002,multi_object_ego,ego,ego,215,00215.png,ego,True,True,True,True,True,True,True,scenes/scene002/ego/rgb.tar,scenes/scene002/ego/depth.tar,scenes/scene002/ego/fisheye.tar,scenes/scene002/ego/labels/cam_pose/v1.tar,scenes/scene002/ego/labels/masks/v1.tar,scenes/scene002/ego/labels/masks_aux/v1.tar,scenes/scene002/ego/labels/sam2_meta/v1.tar
scene002,multi_object_ego,ego,ego,216,00216.png,ego,True,True,True,True,True,True,True,scenes/scene002/ego/rgb.tar,scenes/scene002/ego/depth.tar,scenes/scene002/ego/fisheye.tar,scenes/scene002/ego/labels/cam_pose/v1.tar,scenes/scene002/ego/labels/masks/v1.tar,scenes/scene002/ego/labels/masks_aux/v1.tar,scenes/scene002/ego/labels/sam2_meta/v1.tar
scene002,multi_object_ego,ego,ego,217,00217.png,ego,True,True,True,True,True,True,True,scenes/scene002/ego/rgb.tar,scenes/scene002/ego/depth.tar,scenes/scene002/ego/fisheye.tar,scenes/scene002/ego/labels/cam_pose/v1.tar,scenes/scene002/ego/labels/masks/v1.tar,scenes/scene002/ego/labels/masks_aux/v1.tar,scenes/scene002/ego/labels/sam2_meta/v1.tar
scene002,multi_object_ego,ego,ego,218,00218.png,ego,True,True,True,True,True,True,True,scenes/scene002/ego/rgb.tar,scenes/scene002/ego/depth.tar,scenes/scene002/ego/fisheye.tar,scenes/scene002/ego/labels/cam_pose/v1.tar,scenes/scene002/ego/labels/masks/v1.tar,scenes/scene002/ego/labels/masks_aux/v1.tar,scenes/scene002/ego/labels/sam2_meta/v1.tar
scene002,multi_object_ego,ego,ego,219,00219.png,ego,True,True,True,True,True,True,True,scenes/scene002/ego/rgb.tar,scenes/scene002/ego/depth.tar,scenes/scene002/ego/fisheye.tar,scenes/scene002/ego/labels/cam_pose/v1.tar,scenes/scene002/ego/labels/masks/v1.tar,scenes/scene002/ego/labels/masks_aux/v1.tar,scenes/scene002/ego/labels/sam2_meta/v1.tar
scene002,multi_object_ego,ego,ego,220,00220.png,ego,True,True,True,True,True,True,True,scenes/scene002/ego/rgb.tar,scenes/scene002/ego/depth.tar,scenes/scene002/ego/fisheye.tar,scenes/scene002/ego/labels/cam_pose/v1.tar,scenes/scene002/ego/labels/masks/v1.tar,scenes/scene002/ego/labels/masks_aux/v1.tar,scenes/scene002/ego/labels/sam2_meta/v1.tar
scene002,multi_object_ego,ego,ego,221,00221.png,ego,True,True,True,True,True,True,True,scenes/scene002/ego/rgb.tar,scenes/scene002/ego/depth.tar,scenes/scene002/ego/fisheye.tar,scenes/scene002/ego/labels/cam_pose/v1.tar,scenes/scene002/ego/labels/masks/v1.tar,scenes/scene002/ego/labels/masks_aux/v1.tar,scenes/scene002/ego/labels/sam2_meta/v1.tar
scene002,multi_object_ego,ego,ego,222,00222.png,ego,True,True,True,True,True,True,True,scenes/scene002/ego/rgb.tar,scenes/scene002/ego/depth.tar,scenes/scene002/ego/fisheye.tar,scenes/scene002/ego/labels/cam_pose/v1.tar,scenes/scene002/ego/labels/masks/v1.tar,scenes/scene002/ego/labels/masks_aux/v1.tar,scenes/scene002/ego/labels/sam2_meta/v1.tar
scene002,multi_object_ego,ego,ego,223,00223.png,ego,True,True,True,True,True,True,True,scenes/scene002/ego/rgb.tar,scenes/scene002/ego/depth.tar,scenes/scene002/ego/fisheye.tar,scenes/scene002/ego/labels/cam_pose/v1.tar,scenes/scene002/ego/labels/masks/v1.tar,scenes/scene002/ego/labels/masks_aux/v1.tar,scenes/scene002/ego/labels/sam2_meta/v1.tar
scene002,multi_object_ego,ego,ego,224,00224.png,ego,True,True,True,True,True,True,True,scenes/scene002/ego/rgb.tar,scenes/scene002/ego/depth.tar,scenes/scene002/ego/fisheye.tar,scenes/scene002/ego/labels/cam_pose/v1.tar,scenes/scene002/ego/labels/masks/v1.tar,scenes/scene002/ego/labels/masks_aux/v1.tar,scenes/scene002/ego/labels/sam2_meta/v1.tar
scene002,multi_object_ego,ego,ego,225,00225.png,ego,True,True,True,True,True,True,True,scenes/scene002/ego/rgb.tar,scenes/scene002/ego/depth.tar,scenes/scene002/ego/fisheye.tar,scenes/scene002/ego/labels/cam_pose/v1.tar,scenes/scene002/ego/labels/masks/v1.tar,scenes/scene002/ego/labels/masks_aux/v1.tar,scenes/scene002/ego/labels/sam2_meta/v1.tar
scene002,multi_object_ego,ego,ego,226,00226.png,ego,True,True,True,True,True,True,True,scenes/scene002/ego/rgb.tar,scenes/scene002/ego/depth.tar,scenes/scene002/ego/fisheye.tar,scenes/scene002/ego/labels/cam_pose/v1.tar,scenes/scene002/ego/labels/masks/v1.tar,scenes/scene002/ego/labels/masks_aux/v1.tar,scenes/scene002/ego/labels/sam2_meta/v1.tar
scene002,multi_object_ego,ego,ego,227,00227.png,ego,True,True,True,True,True,True,True,scenes/scene002/ego/rgb.tar,scenes/scene002/ego/depth.tar,scenes/scene002/ego/fisheye.tar,scenes/scene002/ego/labels/cam_pose/v1.tar,scenes/scene002/ego/labels/masks/v1.tar,scenes/scene002/ego/labels/masks_aux/v1.tar,scenes/scene002/ego/labels/sam2_meta/v1.tar
scene002,multi_object_ego,ego,ego,228,00228.png,ego,True,True,True,True,True,True,True,scenes/scene002/ego/rgb.tar,scenes/scene002/ego/depth.tar,scenes/scene002/ego/fisheye.tar,scenes/scene002/ego/labels/cam_pose/v1.tar,scenes/scene002/ego/labels/masks/v1.tar,scenes/scene002/ego/labels/masks_aux/v1.tar,scenes/scene002/ego/labels/sam2_meta/v1.tar
scene002,multi_object_ego,ego,ego,229,00229.png,ego,True,True,True,True,True,True,True,scenes/scene002/ego/rgb.tar,scenes/scene002/ego/depth.tar,scenes/scene002/ego/fisheye.tar,scenes/scene002/ego/labels/cam_pose/v1.tar,scenes/scene002/ego/labels/masks/v1.tar,scenes/scene002/ego/labels/masks_aux/v1.tar,scenes/scene002/ego/labels/sam2_meta/v1.tar
scene002,multi_object_ego,ego,ego,230,00230.png,ego,True,True,True,True,True,True,True,scenes/scene002/ego/rgb.tar,scenes/scene002/ego/depth.tar,scenes/scene002/ego/fisheye.tar,scenes/scene002/ego/labels/cam_pose/v1.tar,scenes/scene002/ego/labels/masks/v1.tar,scenes/scene002/ego/labels/masks_aux/v1.tar,scenes/scene002/ego/labels/sam2_meta/v1.tar
scene002,multi_object_ego,ego,ego,231,00231.png,ego,True,True,True,True,True,True,True,scenes/scene002/ego/rgb.tar,scenes/scene002/ego/depth.tar,scenes/scene002/ego/fisheye.tar,scenes/scene002/ego/labels/cam_pose/v1.tar,scenes/scene002/ego/labels/masks/v1.tar,scenes/scene002/ego/labels/masks_aux/v1.tar,scenes/scene002/ego/labels/sam2_meta/v1.tar
scene002,multi_object_ego,ego,ego,232,00232.png,ego,True,True,True,True,True,True,True,scenes/scene002/ego/rgb.tar,scenes/scene002/ego/depth.tar,scenes/scene002/ego/fisheye.tar,scenes/scene002/ego/labels/cam_pose/v1.tar,scenes/scene002/ego/labels/masks/v1.tar,scenes/scene002/ego/labels/masks_aux/v1.tar,scenes/scene002/ego/labels/sam2_meta/v1.tar
scene002,multi_object_ego,ego,ego,233,00233.png,ego,True,True,True,True,True,True,True,scenes/scene002/ego/rgb.tar,scenes/scene002/ego/depth.tar,scenes/scene002/ego/fisheye.tar,scenes/scene002/ego/labels/cam_pose/v1.tar,scenes/scene002/ego/labels/masks/v1.tar,scenes/scene002/ego/labels/masks_aux/v1.tar,scenes/scene002/ego/labels/sam2_meta/v1.tar
scene002,multi_object_ego,ego,ego,234,00234.png,ego,True,True,True,True,True,True,True,scenes/scene002/ego/rgb.tar,scenes/scene002/ego/depth.tar,scenes/scene002/ego/fisheye.tar,scenes/scene002/ego/labels/cam_pose/v1.tar,scenes/scene002/ego/labels/masks/v1.tar,scenes/scene002/ego/labels/masks_aux/v1.tar,scenes/scene002/ego/labels/sam2_meta/v1.tar
scene002,multi_object_ego,ego,ego,235,00235.png,ego,True,True,True,True,True,True,True,scenes/scene002/ego/rgb.tar,scenes/scene002/ego/depth.tar,scenes/scene002/ego/fisheye.tar,scenes/scene002/ego/labels/cam_pose/v1.tar,scenes/scene002/ego/labels/masks/v1.tar,scenes/scene002/ego/labels/masks_aux/v1.tar,scenes/scene002/ego/labels/sam2_meta/v1.tar
scene002,multi_object_ego,ego,ego,236,00236.png,ego,True,True,True,True,True,True,True,scenes/scene002/ego/rgb.tar,scenes/scene002/ego/depth.tar,scenes/scene002/ego/fisheye.tar,scenes/scene002/ego/labels/cam_pose/v1.tar,scenes/scene002/ego/labels/masks/v1.tar,scenes/scene002/ego/labels/masks_aux/v1.tar,scenes/scene002/ego/labels/sam2_meta/v1.tar
scene002,multi_object_ego,ego,ego,237,00237.png,ego,True,True,True,True,True,True,True,scenes/scene002/ego/rgb.tar,scenes/scene002/ego/depth.tar,scenes/scene002/ego/fisheye.tar,scenes/scene002/ego/labels/cam_pose/v1.tar,scenes/scene002/ego/labels/masks/v1.tar,scenes/scene002/ego/labels/masks_aux/v1.tar,scenes/scene002/ego/labels/sam2_meta/v1.tar
scene002,multi_object_ego,ego,ego,238,00238.png,ego,True,True,True,True,True,True,True,scenes/scene002/ego/rgb.tar,scenes/scene002/ego/depth.tar,scenes/scene002/ego/fisheye.tar,scenes/scene002/ego/labels/cam_pose/v1.tar,scenes/scene002/ego/labels/masks/v1.tar,scenes/scene002/ego/labels/masks_aux/v1.tar,scenes/scene002/ego/labels/sam2_meta/v1.tar
scene002,multi_object_ego,ego,ego,239,00239.png,ego,True,True,True,True,True,True,True,scenes/scene002/ego/rgb.tar,scenes/scene002/ego/depth.tar,scenes/scene002/ego/fisheye.tar,scenes/scene002/ego/labels/cam_pose/v1.tar,scenes/scene002/ego/labels/masks/v1.tar,scenes/scene002/ego/labels/masks_aux/v1.tar,scenes/scene002/ego/labels/sam2_meta/v1.tar
scene002,multi_object_ego,ego,ego,240,00240.png,ego,True,True,True,True,True,True,True,scenes/scene002/ego/rgb.tar,scenes/scene002/ego/depth.tar,scenes/scene002/ego/fisheye.tar,scenes/scene002/ego/labels/cam_pose/v1.tar,scenes/scene002/ego/labels/masks/v1.tar,scenes/scene002/ego/labels/masks_aux/v1.tar,scenes/scene002/ego/labels/sam2_meta/v1.tar
scene002,multi_object_ego,ego,ego,241,00241.png,ego,True,True,True,True,True,True,True,scenes/scene002/ego/rgb.tar,scenes/scene002/ego/depth.tar,scenes/scene002/ego/fisheye.tar,scenes/scene002/ego/labels/cam_pose/v1.tar,scenes/scene002/ego/labels/masks/v1.tar,scenes/scene002/ego/labels/masks_aux/v1.tar,scenes/scene002/ego/labels/sam2_meta/v1.tar
scene002,multi_object_ego,ego,ego,242,00242.png,ego,True,True,True,True,True,True,True,scenes/scene002/ego/rgb.tar,scenes/scene002/ego/depth.tar,scenes/scene002/ego/fisheye.tar,scenes/scene002/ego/labels/cam_pose/v1.tar,scenes/scene002/ego/labels/masks/v1.tar,scenes/scene002/ego/labels/masks_aux/v1.tar,scenes/scene002/ego/labels/sam2_meta/v1.tar
scene002,multi_object_ego,ego,ego,243,00243.png,ego,True,True,True,True,True,True,True,scenes/scene002/ego/rgb.tar,scenes/scene002/ego/depth.tar,scenes/scene002/ego/fisheye.tar,scenes/scene002/ego/labels/cam_pose/v1.tar,scenes/scene002/ego/labels/masks/v1.tar,scenes/scene002/ego/labels/masks_aux/v1.tar,scenes/scene002/ego/labels/sam2_meta/v1.tar
scene002,multi_object_ego,ego,ego,244,00244.png,ego,True,True,True,True,True,True,True,scenes/scene002/ego/rgb.tar,scenes/scene002/ego/depth.tar,scenes/scene002/ego/fisheye.tar,scenes/scene002/ego/labels/cam_pose/v1.tar,scenes/scene002/ego/labels/masks/v1.tar,scenes/scene002/ego/labels/masks_aux/v1.tar,scenes/scene002/ego/labels/sam2_meta/v1.tar
scene002,multi_object_ego,ego,ego,245,00245.png,ego,True,True,True,True,True,True,True,scenes/scene002/ego/rgb.tar,scenes/scene002/ego/depth.tar,scenes/scene002/ego/fisheye.tar,scenes/scene002/ego/labels/cam_pose/v1.tar,scenes/scene002/ego/labels/masks/v1.tar,scenes/scene002/ego/labels/masks_aux/v1.tar,scenes/scene002/ego/labels/sam2_meta/v1.tar
scene002,multi_object_ego,ego,ego,246,00246.png,ego,True,True,True,True,True,True,True,scenes/scene002/ego/rgb.tar,scenes/scene002/ego/depth.tar,scenes/scene002/ego/fisheye.tar,scenes/scene002/ego/labels/cam_pose/v1.tar,scenes/scene002/ego/labels/masks/v1.tar,scenes/scene002/ego/labels/masks_aux/v1.tar,scenes/scene002/ego/labels/sam2_meta/v1.tar
scene002,multi_object_ego,ego,ego,247,00247.png,ego,True,True,True,True,True,True,True,scenes/scene002/ego/rgb.tar,scenes/scene002/ego/depth.tar,scenes/scene002/ego/fisheye.tar,scenes/scene002/ego/labels/cam_pose/v1.tar,scenes/scene002/ego/labels/masks/v1.tar,scenes/scene002/ego/labels/masks_aux/v1.tar,scenes/scene002/ego/labels/sam2_meta/v1.tar
scene002,multi_object_ego,ego,ego,248,00248.png,ego,True,True,True,True,True,True,True,scenes/scene002/ego/rgb.tar,scenes/scene002/ego/depth.tar,scenes/scene002/ego/fisheye.tar,scenes/scene002/ego/labels/cam_pose/v1.tar,scenes/scene002/ego/labels/masks/v1.tar,scenes/scene002/ego/labels/masks_aux/v1.tar,scenes/scene002/ego/labels/sam2_meta/v1.tar
scene002,multi_object_ego,ego,ego,249,00249.png,ego,True,True,True,True,True,True,True,scenes/scene002/ego/rgb.tar,scenes/scene002/ego/depth.tar,scenes/scene002/ego/fisheye.tar,scenes/scene002/ego/labels/cam_pose/v1.tar,scenes/scene002/ego/labels/masks/v1.tar,scenes/scene002/ego/labels/masks_aux/v1.tar,scenes/scene002/ego/labels/sam2_meta/v1.tar
scene002,multi_object_ego,ego,ego,250,00250.png,ego,True,True,True,True,True,True,True,scenes/scene002/ego/rgb.tar,scenes/scene002/ego/depth.tar,scenes/scene002/ego/fisheye.tar,scenes/scene002/ego/labels/cam_pose/v1.tar,scenes/scene002/ego/labels/masks/v1.tar,scenes/scene002/ego/labels/masks_aux/v1.tar,scenes/scene002/ego/labels/sam2_meta/v1.tar
