scene_id,phase,score_mean_pn,tier_mean_pn,score_median_pn,tier_median_pn,score_max_pn,tier_max_pn,score_top3_mean_pn,tier_top3_mean_pn,score_pca_pc1,tier_pca_pc1,tier_kmeans3,raw_cluster_kmeans3,tier_kmeans5,raw_cluster_kmeans5,tier_kmeans8,raw_cluster_kmeans8,tier_gmm3,raw_cluster_gmm3,tier_ward3,raw_cluster_ward3,tier_dbscan,raw_cluster_dbscan,consensus_tier,n_distinct_tiers
scene1.library.fountain,0,0.6202144905848609,hard,0.8080808080808081,hard,0.9983164983164983,hard,0.989337822671156,hard,6.4315762277811865,hard,medium,0,hard,0,hard,3,medium,1,easy,0,degenerate,-1,hard,3
scene1.library.fountain,1,0.5728270357899987,hard,0.5420875420875421,medium,1.0,hard,0.9848484848484849,hard,5.262903722911994,hard,hard,1,medium,2,medium,0,medium,1,hard,2,degenerate,-1,hard,2
scene1.library.fountain,2,0.5562414266117969,hard,0.6026936026936027,hard,0.9865319865319865,hard,0.9741863075196409,hard,1.1603898639619885,hard,medium,0,easy,1,medium,1,medium,1,easy,0,degenerate,-1,hard,3
scene10.ecsn.4f.sofa,0,0.5544955730140915,hard,0.5993265993265994,hard,0.9797979797979798,medium,0.9203142536475869,medium,0.3783109886765356,medium,medium,0,hard,0,easy,5,easy,2,easy,0,degenerate,-1,medium,3
scene10.ecsn.4f.sofa,1,0.5120962713555307,medium,0.6026936026936027,hard,0.98989898989899,hard,0.9517396184062852,hard,0.34128958966911965,medium,easy,2,easy,4,medium,2,easy,2,easy,0,degenerate,-1,easy,3
scene10.ecsn.4f.sofa,2,0.4819802967951116,medium,0.41414141414141414,easy,1.0,hard,0.9506172839506174,hard,-1.833225067653188,easy,easy,2,easy,4,medium,2,easy,2,easy,0,degenerate,-1,easy,3
scene100.jsom.atrium,0,0.5206384836014465,medium,0.44107744107744107,medium,0.9983164983164983,hard,0.9949494949494949,hard,0.7441808673363927,hard,medium,0,hard,0,hard,3,hard,0,easy,0,degenerate,-1,hard,3
scene100.jsom.atrium,1,0.49488714303529124,medium,0.5353535353535354,medium,0.9932659932659933,hard,0.9079685746352414,medium,0.304657974153798,medium,medium,0,easy,1,easy,5,easy,2,easy,0,degenerate,-1,medium,3
scene100.jsom.atrium,2,0.491707195410899,medium,0.5185185185185185,medium,0.9983164983164983,hard,0.8619528619528619,easy,-1.966535092419801,easy,easy,2,easy,1,easy,5,easy,2,easy,0,degenerate,-1,easy,3
scene11.ecss.4f.sofa,0,0.4127696720289313,easy,0.39730639730639733,easy,0.9730639730639731,medium,0.8597081930415263,easy,-2.129465979216913,easy,easy,2,easy,1,easy,5,easy,2,easy,0,degenerate,0,easy,2
scene11.ecss.4f.sofa,1,0.3972440453921935,easy,0.36363636363636365,easy,0.8653198653198653,easy,0.7766554433221099,easy,-2.3890251699563034,easy,easy,2,easy,1,easy,5,easy,2,easy,0,degenerate,-1,easy,1
scene11.ecss.4f.sofa,2,0.39319117096894873,easy,0.3501683501683502,easy,0.9764309764309764,medium,0.9046015712682379,medium,-2.6074986712666512,easy,easy,2,easy,1,easy,5,easy,2,easy,0,degenerate,0,easy,2
scene12.ecss.4f.sofa,0,0.5637860082304526,hard,0.5589225589225589,medium,0.98989898989899,hard,0.9668911335578002,hard,1.278587725023076,hard,medium,0,hard,0,hard,3,medium,1,easy,0,degenerate,-1,hard,3
scene12.ecss.4f.sofa,1,0.30564908342686115,easy,0.21885521885521886,easy,0.8249158249158249,easy,0.7856341189674523,easy,-2.6813964066470453,easy,easy,2,easy,1,easy,6,easy,2,easy,0,degenerate,-1,easy,1
scene12.ecss.4f.sofa,2,0.3892006484599077,easy,0.31986531986531985,easy,0.9595959595959596,medium,0.8148148148148149,easy,-2.0046335461576033,easy,easy,2,easy,1,easy,5,easy,2,easy,0,degenerate,-1,easy,2
scene13.ecss.4f.sofa,0,0.43228582117471004,easy,0.29292929292929293,easy,0.9629629629629629,medium,0.8675645342312008,easy,-0.49869517922946527,medium,medium,0,easy,1,easy,5,easy,2,easy,0,degenerate,-1,easy,2
scene13.ecss.4f.sofa,1,0.4190048634493078,easy,0.3265993265993266,easy,0.9225589225589226,easy,0.8742985409652076,easy,-0.6011089765359199,medium,easy,2,easy,1,easy,6,easy,2,easy,0,degenerate,-1,easy,2
scene13.ecss.4f.sofa,2,0.4239930165856092,easy,0.36363636363636365,easy,0.9932659932659933,hard,0.8709315375982043,easy,-2.649010269870171,easy,easy,2,easy,1,easy,5,easy,2,easy,0,degenerate,0,easy,2
scene14.ecss.4f.sofa,0,0.5589849108367627,hard,0.5925925925925926,hard,0.9797979797979798,medium,0.9595959595959597,hard,0.8068742962584206,hard,medium,0,hard,0,hard,3,medium,1,easy,0,degenerate,-1,hard,3
scene14.ecss.4f.sofa,1,0.449869060980172,easy,0.5589225589225589,medium,0.9562289562289562,medium,0.9472502805836139,hard,0.9159252842524866,hard,hard,1,medium,2,medium,0,medium,1,easy,0,degenerate,-1,medium,3
scene14.ecss.4f.sofa,2,0.47649332834518016,medium,0.45791245791245794,medium,0.9831649831649831,medium,0.9191919191919192,medium,-1.9449019524492757,easy,easy,2,easy,1,easy,5,easy,2,easy,0,degenerate,-1,easy,2
scene15.ecss.4f.sofa,0,0.3168724279835391,easy,0.2053872053872054,easy,0.9562289562289562,medium,0.8563411896745231,easy,-1.8772522042604238,easy,easy,2,easy,1,easy,5,easy,2,easy,0,degenerate,-1,easy,2
scene15.ecss.4f.sofa,1,0.39774286070582365,easy,0.4006734006734007,easy,0.8686868686868687,easy,0.8350168350168351,easy,-2.0307091630084035,easy,easy,2,easy,1,easy,6,easy,2,easy,0,degenerate,-1,easy,1
scene15.ecss.4f.sofa,2,0.4311011348048385,easy,0.28619528619528617,easy,0.9696969696969697,medium,0.9135802469135803,medium,-2.372976525068782,easy,easy,2,easy,1,easy,5,easy,2,easy,0,degenerate,0,easy,2
scene16.SU.CHECKERBOARD,0,0.5980172091283202,hard,0.5420875420875421,medium,0.9764309764309764,medium,0.9719416386083054,hard,1.8413011497508478,hard,medium,0,hard,0,hard,3,medium,1,easy,0,degenerate,-1,hard,3
scene16.SU.CHECKERBOARD,1,0.5523756079311635,hard,0.6902356902356902,hard,0.9797979797979798,medium,0.9663299663299663,hard,3.7825567489347502,hard,hard,1,medium,2,medium,0,medium,1,hard,2,degenerate,-1,hard,2
scene16.SU.CHECKERBOARD,2,0.5044269859084674,medium,0.569023569023569,medium,0.9124579124579124,easy,0.8799102132435466,easy,-2.1165070714347145,easy,easy,2,easy,4,easy,5,easy,2,easy,0,degenerate,-1,easy,2
scene17.SU.CHECKERBOARD,0,0.5834268612046389,hard,0.632996632996633,hard,0.9259259259259259,easy,0.9001122334455668,medium,2.3224135030067976,hard,medium,0,hard,0,medium,0,medium,1,hard,2,degenerate,-1,hard,3
scene17.SU.CHECKERBOARD,1,0.41389200648459906,easy,0.3333333333333333,easy,0.8720538720538721,easy,0.8439955106621774,easy,-2.38817690203017,easy,easy,2,easy,1,easy,6,easy,2,easy,0,degenerate,-1,easy,1
scene17.SU.CHECKERBOARD,2,0.5899738121960344,hard,0.7003367003367004,hard,0.9124579124579124,easy,0.9090909090909092,medium,-0.053925914508094835,medium,easy,2,easy,4,medium,2,easy,2,easy,0,degenerate,-1,easy,3
scene18.su.CHECKERBOARD,0,0.5811821922933033,hard,0.6464646464646465,hard,0.9225589225589226,easy,0.9012345679012346,medium,1.8571390808358088,hard,medium,0,hard,0,hard,3,medium,1,easy,0,degenerate,-1,hard,3
scene18.su.CHECKERBOARD,1,0.6028183065220103,hard,0.6868686868686869,hard,1.0,hard,0.9292929292929294,medium,1.9189500486692888,hard,hard,1,easy,4,medium,0,medium,1,easy,0,degenerate,-1,hard,3
scene18.su.CHECKERBOARD,2,0.6241426611796981,hard,0.7407407407407407,hard,0.9528619528619529,medium,0.9225589225589226,medium,2.50043402200448,hard,hard,1,medium,2,medium,0,medium,1,easy,0,degenerate,-1,medium,3
scene19.su.CHECKERBOARD,0,0.4981917944880907,medium,0.5892255892255892,hard,0.9696969696969697,medium,0.8361391694725029,easy,-0.8113144905234209,medium,easy,2,easy,1,easy,5,easy,2,easy,0,degenerate,-1,easy,3
scene19.su.CHECKERBOARD,1,0.5342935528120714,medium,0.6026936026936027,hard,0.9629629629629629,medium,0.9242424242424242,medium,0.7578626059253022,hard,easy,2,easy,1,easy,6,medium,1,easy,0,degenerate,-1,medium,3
scene19.su.CHECKERBOARD,2,0.622085048010974,hard,0.7121212121212122,hard,0.9023569023569024,easy,0.8888888888888888,easy,-0.2897478607792881,medium,easy,2,easy,4,medium,2,easy,2,easy,0,degenerate,-1,easy,3
scene2.library.fountain,0,0.5907220351664795,hard,0.7003367003367004,hard,0.98989898989899,hard,0.9691358024691358,hard,3.7307424666091666,hard,medium,0,hard,0,medium,1,medium,1,easy,0,degenerate,-1,hard,3
scene2.library.fountain,1,0.566093029055992,hard,0.5252525252525253,medium,0.9966329966329966,hard,0.9809203142536477,hard,4.327714720741614,hard,hard,1,medium,2,medium,0,medium,1,hard,2,degenerate,-1,hard,2
scene2.library.fountain,2,0.503741114852226,medium,0.4377104377104377,medium,0.9562289562289562,medium,0.9438832772166106,medium,1.5241009729578854,hard,easy,2,easy,1,medium,1,medium,1,easy,0,degenerate,-1,medium,3
scene20.su.CHECKERBOARD,0,0.5364135178949994,medium,0.46464646464646464,medium,1.0,hard,0.9663299663299663,hard,2.124332381527053,hard,medium,0,hard,0,medium,1,medium,1,easy,0,degenerate,-1,medium,3
scene20.su.CHECKERBOARD,1,0.5580496321237062,hard,0.494949494949495,medium,0.9966329966329966,hard,0.9719416386083052,hard,1.7240368398011199,hard,hard,1,medium,2,medium,0,medium,1,easy,0,degenerate,-1,hard,3
scene20.su.CHECKERBOARD,2,0.6125452051377975,hard,0.6464646464646465,hard,0.9797979797979798,medium,0.967452300785634,hard,1.9027710716223016,hard,hard,1,medium,2,medium,0,medium,1,easy,0,degenerate,-1,hard,3
scene21.jo.4f,0,0.45635366005736383,easy,0.4006734006734007,easy,0.9932659932659933,hard,0.9382716049382717,medium,1.7071921934987548,hard,medium,0,hard,0,hard,3,medium,1,easy,0,degenerate,-1,hard,3
scene21.jo.4f,1,0.36625514403292186,easy,0.26936026936026936,easy,0.9663299663299664,medium,0.9270482603815937,medium,-1.384692345521629,easy,easy,2,easy,1,easy,6,easy,2,easy,0,degenerate,-1,easy,2
scene21.jo.4f,2,0.36912333208629505,easy,0.28619528619528617,easy,0.9427609427609428,easy,0.8754208754208754,easy,-1.6501907257048951,easy,easy,2,easy,1,easy,5,easy,2,easy,0,degenerate,-1,easy,1
scene22.jo.4f,0,0.3350791869310387,easy,0.234006734006734,easy,0.9528619528619529,medium,0.9023569023569024,medium,-1.9611679146557754,easy,easy,2,easy,1,easy,5,easy,2,easy,0,degenerate,-1,easy,2
scene22.jo.4f,1,0.32591345554308515,easy,0.1632996632996633,easy,0.9966329966329966,hard,0.9315375982042648,medium,-1.4310588270022027,easy,easy,2,easy,1,easy,6,easy,2,easy,0,degenerate,-1,easy,3
scene22.jo.4f,2,0.3091407906222721,easy,0.234006734006734,easy,0.8754208754208754,easy,0.7682379349046015,easy,-2.769323359752566,easy,easy,2,easy,1,easy,5,easy,2,easy,0,degenerate,-1,easy,1
scene23.jo.4f,0,0.43983040279336577,easy,0.3501683501683502,easy,0.9629629629629629,medium,0.9281705948372615,medium,1.2909643744250254,hard,medium,0,hard,0,hard,3,medium,1,easy,0,degenerate,-1,medium,3
scene23.jo.4f,1,0.33476742736001996,easy,0.26936026936026936,easy,1.0,hard,0.8742985409652076,easy,-2.108707239008342,easy,easy,2,easy,1,easy,6,easy,2,easy,0,degenerate,-1,easy,2
scene23.jo.4f,2,0.37280209502431716,easy,0.3434343434343434,easy,0.9461279461279462,medium,0.8316498316498316,easy,-1.3322909092542663,easy,easy,2,easy,1,easy,5,easy,2,easy,0,degenerate,-1,easy,2
scene24.jo.4f,0,0.4064097767801472,easy,0.28619528619528617,easy,0.9932659932659933,hard,0.8664421997755332,easy,-1.0192971872554768,medium,easy,2,easy,1,easy,5,easy,2,easy,0,degenerate,-1,easy,3
scene24.jo.4f,1,0.3566529492455418,easy,0.25925925925925924,easy,0.9865319865319865,hard,0.8787878787878788,easy,-2.573823746066211,easy,easy,2,easy,1,easy,6,easy,2,easy,0,degenerate,-1,easy,2
scene24.jo.4f,2,0.37959845367252776,easy,0.26936026936026936,easy,0.9797979797979798,medium,0.8900112233445566,easy,-1.053774588097221,medium,easy,2,easy,1,easy,6,easy,2,easy,0,degenerate,-1,easy,2
scene25.jo.4f,0,0.45834892131188426,easy,0.4175084175084175,easy,1.0,hard,0.9927048260381595,hard,9.084279041331776,hard,hard,1,medium,2,hard,7,medium,1,hard,2,degenerate,-1,hard,3
scene25.jo.4f,1,0.40485097892505295,easy,0.3164983164983165,easy,0.9595959595959596,medium,0.9506172839506174,hard,-0.21281323123772697,medium,hard,1,easy,1,easy,6,medium,1,easy,0,degenerate,-1,easy,3
scene25.jo.4f,2,0.3672527746601821,easy,0.3164983164983165,easy,0.9393939393939394,easy,0.8742985409652076,easy,-0.9302541241872145,medium,easy,2,easy,1,easy,6,easy,2,easy,0,degenerate,-1,easy,2
scene26.gaming2.JUMBOTRONSTAGE,0,0.5895997007108118,hard,0.5925925925925926,hard,0.9562289562289562,medium,0.9416386083052749,medium,-1.5761607918168903,easy,easy,2,easy,1,easy,5,easy,2,easy,0,degenerate,-1,easy,3
scene26.gaming2.JUMBOTRONSTAGE,1,0.42430477615662804,easy,0.35353535353535354,easy,0.898989898989899,easy,0.8765432098765432,easy,-2.6598950895348996,easy,easy,2,easy,1,easy,6,easy,2,easy,0,degenerate,-1,easy,1
scene26.gaming2.JUMBOTRONSTAGE,2,0.5697717919940143,hard,0.6026936026936027,hard,0.9461279461279462,medium,0.9281705948372615,medium,-2.3629904253018195,easy,easy,2,easy,4,medium,2,easy,2,easy,0,degenerate,-1,easy,3
scene27.gaming2.JUMBOTRONSTAGE,0,0.6289437585733882,hard,0.696969696969697,hard,0.9191919191919192,easy,0.8754208754208754,easy,-0.25089586188413654,medium,easy,2,easy,1,easy,5,easy,2,easy,0,degenerate,-1,easy,3
scene27.gaming2.JUMBOTRONSTAGE,1,0.448310263125078,easy,0.3434343434343434,easy,1.0,hard,0.9775533108866442,hard,-2.71060862003328,easy,easy,2,easy,4,medium,2,easy,2,easy,0,degenerate,-1,easy,3
scene27.gaming2.JUMBOTRONSTAGE,2,0.6021324354657687,hard,0.6767676767676768,hard,0.9629629629629629,medium,0.9259259259259259,medium,-1.6794528164955151,easy,easy,2,easy,1,easy,5,easy,2,easy,0,degenerate,-1,easy,3
scene28.gaming2.JUMBOTRONSTAGE,0,0.5726399800473875,hard,0.6026936026936027,hard,0.936026936026936,easy,0.8855218855218855,easy,-0.4123876742371467,medium,easy,2,easy,1,easy,5,easy,2,easy,0,degenerate,-1,easy,3
scene28.gaming2.JUMBOTRONSTAGE,1,0.43234817308891377,easy,0.31986531986531985,easy,0.9730639730639731,medium,0.9416386083052749,medium,-2.7619872594780004,easy,easy,2,easy,4,easy,6,easy,2,easy,0,degenerate,-1,easy,2
scene28.gaming2.JUMBOTRONSTAGE,2,0.5543708691856839,hard,0.569023569023569,medium,0.9292929292929293,easy,0.8945005611672278,medium,-1.2810957115601367,easy,easy,2,easy,1,easy,5,easy,2,easy,0,degenerate,-1,easy,3
scene29.gaming2.JUMBOTRONSTAGE,0,0.4981917944880907,medium,0.5387205387205387,medium,0.7912457912457912,easy,0.7665544332211,easy,-1.333552619150347,easy,easy,2,easy,1,easy,5,easy,2,easy,0,degenerate,-1,easy,2
scene29.gaming2.JUMBOTRONSTAGE,1,0.38034667664297295,easy,0.26936026936026936,easy,0.9225589225589226,easy,0.9023569023569024,medium,-2.8390919364649574,easy,easy,2,easy,4,easy,6,easy,2,easy,0,degenerate,-1,easy,2
scene29.gaming2.JUMBOTRONSTAGE,2,0.5337323855842375,medium,0.5959595959595959,hard,0.9595959595959596,medium,0.89337822671156,medium,-1.715351870876323,easy,easy,2,easy,1,easy,5,easy,2,easy,0,degenerate,-1,easy,3
scene3.library.fountain,0,0.5079810450180821,medium,0.6531986531986532,hard,0.9831649831649831,hard,0.9472502805836139,hard,1.4416914648334944,hard,medium,0,hard,0,medium,1,medium,1,easy,0,degenerate,-1,hard,3
scene3.library.fountain,1,0.5097268986157875,medium,0.42424242424242425,medium,0.9427609427609428,easy,0.9349046015712683,medium,1.597813137514926,hard,easy,2,easy,1,medium,1,medium,1,easy,0,degenerate,-1,medium,3
scene3.library.fountain,2,0.5006235191420376,medium,0.5117845117845118,medium,0.9494949494949495,medium,0.9438832772166106,medium,0.29098174590562004,medium,easy,2,easy,1,medium,1,medium,1,easy,0,degenerate,-1,medium,2
scene30.gaming2.JUMBOTRONSTAGE,0,0.5323606434717546,medium,0.5622895622895623,medium,0.835016835016835,easy,0.8047138047138048,easy,-1.0550672460719495,medium,easy,2,easy,1,easy,5,easy,2,easy,0,degenerate,-1,easy,2
scene30.gaming2.JUMBOTRONSTAGE,1,0.4009228083302157,easy,0.28619528619528617,easy,0.9494949494949495,medium,0.8956228956228957,medium,-2.7162497145563504,easy,easy,2,easy,1,easy,6,easy,2,easy,0,degenerate,-1,easy,2
scene30.gaming2.JUMBOTRONSTAGE,2,0.5525626636737747,hard,0.6195286195286195,hard,0.9461279461279462,medium,0.8698092031425365,easy,-1.4008695869657235,easy,easy,2,easy,1,easy,6,easy,2,easy,0,degenerate,-1,easy,3
scene31.ecss.3f.sofaNchairs,0,0.45622895622895615,easy,0.3838383838383838,easy,0.9393939393939394,easy,0.9214365881032548,medium,-0.5451634672554545,medium,medium,0,easy,1,easy,5,easy,2,easy,0,degenerate,-1,easy,2
scene31.ecss.3f.sofaNchairs,1,0.37074448185559294,easy,0.2996632996632997,easy,0.7912457912457912,easy,0.7401795735129069,easy,-1.682593471511912,easy,easy,2,easy,1,easy,5,easy,2,easy,0,degenerate,-1,easy,1
scene31.ecss.3f.sofaNchairs,2,0.40291806958473625,easy,0.2996632996632997,easy,0.9090909090909091,easy,0.8698092031425365,easy,-2.0135376856092213,easy,easy,2,easy,1,easy,5,easy,2,easy,0,degenerate,-1,easy,1
scene32.ecss.3f.sofaNchairs,0,0.41002618780396566,easy,0.36363636363636365,easy,0.8787878787878788,easy,0.8260381593714926,easy,-0.5706555916798279,medium,medium,0,easy,1,easy,5,easy,2,easy,0,degenerate,-1,easy,2
scene32.ecss.3f.sofaNchairs,1,0.3906347424865943,easy,0.38047138047138046,easy,0.7171717171717171,easy,0.712121212121212,easy,-1.5723377572177228,easy,easy,2,easy,1,easy,5,easy,2,easy,0,degenerate,-1,easy,1
scene32.ecss.3f.sofaNchairs,2,0.40578625763810944,easy,0.28619528619528617,easy,0.9797979797979798,medium,0.9708193041526374,hard,-2.3139077509159716,easy,easy,2,easy,1,easy,5,easy,2,easy,0,degenerate,-1,easy,3
scene33.ecss.3f.sofaNchairs,0,0.5319241800723281,medium,0.5723905723905723,medium,0.9730639730639731,medium,0.9708193041526375,hard,0.26592167296773644,medium,medium,0,easy,1,easy,5,easy,2,easy,0,degenerate,-1,medium,3
scene33.ecss.3f.sofaNchairs,1,0.42480359147025815,easy,0.3939393939393939,easy,0.9612794612794613,medium,0.8838383838383838,easy,-0.5965320965879244,medium,easy,2,easy,1,easy,6,easy,2,easy,0,degenerate,-1,easy,2
scene33.ecss.3f.sofaNchairs,2,0.4887143035291183,medium,0.5387205387205387,medium,0.9612794612794613,medium,0.8636363636363636,easy,-0.7302506805279727,medium,easy,2,easy,1,easy,5,easy,2,easy,0,degenerate,-1,easy,2
scene34.ecss.3f.sofaNchairs,0,0.4508043396932286,easy,0.36363636363636365,easy,0.9595959595959596,medium,0.9371492704826038,medium,-1.2256898491275248,easy,easy,2,easy,1,easy,5,easy,2,easy,0,degenerate,-1,easy,2
scene34.ecss.3f.sofaNchairs,1,0.37754084050380343,easy,0.27104377104377103,easy,0.8552188552188552,easy,0.8047138047138046,easy,-1.2157199686155151,medium,easy,2,easy,1,easy,6,easy,2,easy,0,degenerate,-1,easy,2
scene34.ecss.3f.sofaNchairs,2,0.4794238683127573,medium,0.5185185185185185,medium,0.8114478114478114,easy,0.7586980920314254,easy,-0.9867631831431658,medium,easy,2,easy,1,easy,5,easy,2,easy,0,degenerate,-1,easy,2
scene35.ecss.3f.sofaNchairs,0,0.4686993390697094,easy,0.5892255892255892,hard,0.8720538720538721,easy,0.8125701459034792,easy,-0.12463596975507477,medium,medium,0,easy,1,easy,5,easy,2,easy,0,degenerate,-1,easy,3
scene35.ecss.3f.sofaNchairs,1,0.34355904726275094,easy,0.28619528619528617,easy,0.7878787878787878,easy,0.7390572390572391,easy,-1.7190926057791178,easy,easy,2,easy,1,easy,6,easy,2,easy,0,degenerate,-1,easy,1
scene35.ecss.3f.sofaNchairs,2,0.38047138047138046,easy,0.28619528619528617,easy,0.9629629629629629,medium,0.8922558922558923,medium,-2.523894028549336,easy,easy,2,easy,1,easy,5,easy,2,easy,0,degenerate,0,easy,2
scene36.jo.4f,0,0.4896495822421748,medium,0.4781144781144781,medium,0.8956228956228957,easy,0.8473625140291806,easy,-0.9501770315759945,medium,easy,2,easy,1,easy,5,easy,2,easy,0,degenerate,-1,easy,2
scene36.jo.4f,1,0.48403790996383583,medium,0.42424242424242425,medium,0.9090909090909091,easy,0.88327721661055,easy,-2.425735799805712,easy,easy,2,easy,1,easy,6,easy,2,easy,0,degenerate,-1,easy,2
scene36.jo.4f,2,0.6120463898241676,hard,0.6868686868686869,hard,0.9124579124579124,easy,0.8945005611672278,medium,-0.9836850372622225,medium,easy,2,easy,4,easy,6,easy,2,easy,0,degenerate,-1,easy,3
scene37.jo.4f,0,0.5430228208005986,medium,0.5656565656565656,medium,0.8821548821548821,easy,0.8619528619528619,easy,0.044365355157447134,medium,medium,0,easy,1,easy,5,easy,2,easy,0,degenerate,-1,easy,2
scene37.jo.4f,1,0.4294176331213368,easy,0.3501683501683502,easy,0.9966329966329966,hard,0.8709315375982043,easy,-2.5444915112244524,easy,easy,2,easy,4,easy,6,easy,2,easy,0,degenerate,-1,easy,2
scene37.jo.4f,2,0.49145778775408405,medium,0.42424242424242425,medium,0.9292929292929293,easy,0.8810325476992142,easy,-2.087040340066752,easy,easy,2,easy,1,easy,5,easy,2,easy,0,degenerate,-1,easy,2
scene38.jo.4f,0,0.47555804963212367,medium,0.3501683501683502,easy,0.9966329966329966,hard,0.9753086419753086,hard,0.9331849193300834,hard,medium,0,hard,0,hard,3,medium,1,easy,0,degenerate,-1,hard,3
scene38.jo.4f,1,0.4214989400174585,easy,0.4006734006734007,easy,0.8383838383838383,easy,0.8204264870931537,easy,-2.1767187669288757,easy,easy,2,easy,1,easy,6,easy,2,easy,0,degenerate,-1,easy,1
scene38.jo.4f,2,0.5621648584611547,hard,0.6195286195286195,hard,0.8855218855218855,easy,0.8350168350168349,easy,-1.4079361348838275,easy,easy,2,easy,1,easy,5,easy,2,easy,0,degenerate,-1,easy,2
scene39.jo.4f,0,0.5578002244668909,hard,0.6127946127946128,hard,0.9932659932659933,hard,0.9837261503928172,hard,8.464540489235436,hard,hard,1,medium,2,hard,7,medium,1,hard,2,degenerate,-1,hard,2
scene39.jo.4f,1,0.4635241301907968,easy,0.3333333333333333,easy,0.9326599326599326,easy,0.9214365881032548,medium,1.0701526456465305,hard,hard,1,medium,2,medium,0,medium,1,easy,0,degenerate,-1,easy,3
scene39.jo.4f,2,0.5743858336450928,hard,0.6262626262626263,hard,0.9326599326599326,easy,0.8900112233445566,medium,0.14339863959167937,medium,easy,2,easy,1,easy,5,easy,2,easy,0,degenerate,-1,easy,3
scene4.library.fountain,0,0.49763062726025686,medium,0.468013468013468,medium,0.9595959595959596,medium,0.9494949494949495,hard,1.1595283804370455,hard,medium,0,hard,0,medium,1,medium,1,easy,0,degenerate,-1,medium,3
scene4.library.fountain,1,0.4758698092031425,medium,0.4444444444444444,medium,0.9427609427609428,easy,0.9214365881032548,medium,0.8805184627428768,hard,easy,2,easy,1,medium,1,medium,1,easy,0,degenerate,-1,medium,3
scene4.library.fountain,2,0.4453173712432972,easy,0.28619528619528617,easy,0.9696969696969697,medium,0.9663299663299663,hard,-0.6771367618597964,medium,easy,2,easy,1,medium,1,medium,1,easy,0,degenerate,-1,easy,3
scene40.jo.4f,0,0.5987654320987654,hard,0.6632996632996633,hard,0.9158249158249159,easy,0.8911335578002245,medium,0.030242006822253416,medium,medium,0,easy,1,easy,5,easy,2,easy,0,degenerate,-1,easy,3
scene40.jo.4f,1,0.5486968449931413,hard,0.5892255892255892,hard,0.9865319865319865,hard,0.861952861952862,easy,-1.4573864035789243,easy,easy,2,easy,1,easy,6,easy,2,easy,0,degenerate,-1,easy,2
scene40.jo.4f,2,0.5574261129816686,hard,0.6060606060606061,hard,0.9292929292929293,easy,0.8787878787878789,easy,-1.013451310363118,medium,easy,2,easy,1,easy,5,easy,2,easy,0,degenerate,-1,easy,3
scene41.gh.out,0,0.5941513904476867,hard,0.6430976430976431,hard,0.9528619528619529,medium,0.946127946127946,hard,2.876571877904435,hard,medium,0,hard,0,hard,3,medium,1,easy,0,degenerate,-1,hard,3
scene41.gh.out,1,0.527185434592842,medium,0.6868686868686869,hard,0.9831649831649831,hard,0.9685746352413019,hard,3.0370858507505143,hard,medium,0,hard,0,medium,1,medium,1,easy,0,degenerate,-1,hard,3
scene41.gh.out,2,0.554370869185684,hard,0.5757575757575758,medium,0.9629629629629629,medium,0.9393939393939393,medium,1.0698723384693327,hard,medium,0,hard,0,medium,1,medium,1,easy,0,degenerate,-1,medium,3
scene42.gh.out,0,0.5854221224591595,hard,0.6161616161616161,hard,0.9427609427609428,easy,0.9326599326599326,medium,1.440641465745202,hard,medium,0,hard,0,medium,1,medium,1,easy,0,degenerate,-1,hard,3
scene42.gh.out,1,0.5854221224591594,hard,0.7121212121212122,hard,0.9764309764309764,medium,0.9595959595959597,hard,2.031623975258032,hard,medium,0,hard,0,medium,1,medium,1,easy,0,degenerate,-1,hard,3
scene42.gh.out,2,0.668724279835391,hard,0.6936026936026936,hard,0.9730639730639731,medium,0.9528619528619529,hard,2.277256789594238,hard,medium,0,hard,0,medium,1,medium,1,easy,0,degenerate,-1,hard,3
scene43.gh.out,0,0.605499438832772,hard,0.5892255892255892,hard,0.9764309764309764,medium,0.9629629629629629,hard,3.2452042975914375,hard,medium,0,hard,0,hard,3,medium,1,easy,0,degenerate,-1,hard,3
scene43.gh.out,1,0.5501309390198279,hard,0.5521885521885522,medium,0.9932659932659933,hard,0.988776655443322,hard,3.6608805885487445,hard,medium,0,hard,0,medium,1,hard,0,easy,0,degenerate,-1,hard,3
scene43.gh.out,2,0.681506422247163,hard,0.8013468013468014,hard,0.9797979797979798,medium,0.9775533108866442,hard,4.4489158549268275,hard,medium,0,hard,0,hard,3,hard,0,easy,0,degenerate,-1,hard,3
scene44.gh.out,0,0.5592966704077815,hard,0.5521885521885522,medium,0.9494949494949495,medium,0.9326599326599326,medium,1.6561436171855979,hard,medium,0,hard,0,medium,1,medium,1,easy,0,degenerate,-1,medium,3
scene44.gh.out,1,0.5716423494201271,hard,0.6666666666666666,hard,0.9932659932659933,hard,0.9854096520763188,hard,5.169493529369601,hard,hard,1,medium,2,medium,0,medium,1,hard,2,degenerate,-1,hard,2
scene44.gh.out,2,0.6137298915076692,hard,0.6498316498316499,hard,1.0,hard,0.9708193041526375,hard,0.7024366160818192,hard,medium,0,hard,0,medium,1,medium,1,easy,0,degenerate,-1,hard,3
scene45.gh.out,0,0.6210874173837135,hard,0.6161616161616161,hard,0.98989898989899,hard,0.9719416386083054,hard,3.198582742628011,hard,medium,0,hard,0,medium,1,hard,0,easy,0,degenerate,-1,hard,3
scene45.gh.out,1,0.6262002743484224,hard,0.7474747474747475,hard,1.0,hard,0.9910213243546577,hard,5.139058611692179,hard,hard,1,medium,2,medium,0,medium,1,hard,2,degenerate,-1,hard,2
scene45.gh.out,2,0.6369248035914701,hard,0.5959595959595959,hard,0.9966329966329966,hard,0.98989898989899,hard,1.339123186954616,hard,medium,0,hard,0,medium,1,medium,1,easy,0,degenerate,-1,hard,3
scene46.ecss.out.stairs,0,0.5237560793116349,medium,0.5454545454545454,medium,0.9966329966329966,hard,0.8731762065095398,easy,0.24421538683618896,medium,easy,2,easy,1,easy,5,easy,2,easy,0,degenerate,-1,easy,3
scene46.ecss.out.stairs,1,0.5402793365756329,medium,0.531986531986532,medium,0.9932659932659933,hard,0.9764309764309763,hard,1.691602469195043,hard,hard,1,medium,2,medium,0,medium,1,easy,0,degenerate,-1,medium,3
scene46.ecss.out.stairs,2,0.5327347549569772,medium,0.4882154882154882,medium,0.98989898989899,hard,0.9461279461279463,hard,-1.4841457763440433,easy,easy,2,easy,1,easy,5,easy,2,easy,0,degenerate,-1,easy,3
scene47.ecss.out.stairs,0,0.6058735503179947,hard,0.6868686868686869,hard,1.0,hard,0.9870931537598203,hard,3.7590340697339886,hard,medium,0,hard,0,hard,3,medium,1,easy,0,degenerate,-1,hard,3
scene47.ecss.out.stairs,1,0.4682005237560793,easy,0.40404040404040403,easy,0.9865319865319865,hard,0.9158249158249158,medium,-0.6782246354777302,medium,easy,2,easy,1,easy,6,easy,2,easy,0,degenerate,-1,easy,3
scene47.ecss.out.stairs,2,0.4638982416760194,easy,0.3569023569023569,easy,0.9831649831649831,hard,0.9135802469135802,medium,-1.962861610357656,easy,easy,2,easy,1,easy,6,easy,2,easy,0,degenerate,-1,easy,3
scene48.ecss.out.stairs,0,0.5235066716548198,medium,0.4377104377104377,medium,0.9797979797979798,medium,0.9102132435465768,medium,-1.0771046157107536,medium,easy,2,easy,1,easy,5,easy,2,easy,0,degenerate,-1,medium,2
scene48.ecss.out.stairs,1,0.4991270732011473,medium,0.494949494949495,medium,0.9494949494949495,medium,0.9270482603815937,medium,-0.7866206827327125,medium,easy,2,easy,1,easy,6,easy,2,easy,0,degenerate,-1,medium,2
scene48.ecss.out.stairs,2,0.46477116847487215,easy,0.40404040404040403,easy,0.9461279461279462,medium,0.850729517396184,easy,-1.792174322756551,easy,easy,2,easy,1,easy,6,easy,2,easy,0,degenerate,-1,easy,2
scene49.ecss.out.stairs,0,0.5677141788252899,hard,0.6531986531986532,hard,0.98989898989899,hard,0.9214365881032548,medium,-0.3511232326719691,medium,easy,2,easy,1,easy,5,easy,2,easy,0,degenerate,-1,easy,3
scene49.ecss.out.stairs,1,0.5695847362514029,hard,0.5656565656565656,medium,0.9528619528619529,medium,0.90347923681257,medium,-0.7127961426421832,medium,easy,2,easy,1,easy,6,easy,2,easy,0,degenerate,-1,easy,3
scene49.ecss.out.stairs,2,0.6088664421997756,hard,0.6599326599326599,hard,0.9494949494949495,medium,0.9124579124579125,medium,-0.44799019364745823,medium,easy,2,easy,1,easy,6,easy,2,easy,0,degenerate,-1,easy,3
scene5.library.fountain,0,0.5760069834143907,hard,0.6430976430976431,hard,0.9848484848484849,hard,0.9826038159371492,hard,4.979395733698898,hard,medium,0,hard,0,medium,1,medium,1,easy,0,degenerate,-1,hard,3
scene5.library.fountain,1,0.5320488839007357,medium,0.4006734006734007,easy,0.9966329966329966,hard,0.9848484848484849,hard,5.1434346531378585,hard,hard,1,medium,2,medium,0,medium,1,hard,2,degenerate,-1,hard,3
scene5.library.fountain,2,0.5294301035041776,medium,0.5993265993265994,hard,0.9831649831649831,hard,0.9708193041526375,hard,1.440098167947637,hard,easy,2,easy,1,medium,1,medium,1,easy,0,degenerate,-1,hard,3
scene50.ecss.out.stairs,0,0.5181444070332959,medium,0.5454545454545454,medium,0.9764309764309764,medium,0.9113355780022446,medium,-0.5993600898274365,medium,easy,2,easy,1,easy,5,easy,2,easy,0,degenerate,-1,medium,2
scene50.ecss.out.stairs,1,0.5077316373612669,medium,0.44107744107744107,medium,0.9562289562289562,medium,0.9085297418630752,medium,0.11256623100527924,medium,easy,2,easy,1,easy,6,medium,1,easy,0,degenerate,-1,medium,2
scene50.ecss.out.stairs,2,0.5289312881905474,medium,0.5791245791245792,medium,0.9730639730639731,medium,0.9236812570145904,medium,-1.1553737968053621,medium,easy,2,easy,1,easy,5,easy,2,easy,0,degenerate,-1,medium,2
scene51.TENNISCOURTS.Ground,0,0.40335453298416263,easy,0.3164983164983165,easy,0.8417508417508418,easy,0.8294051627384961,easy,-0.7097308702377624,medium,medium,0,easy,1,easy,5,easy,2,easy,0,degenerate,-1,easy,2
scene51.TENNISCOURTS.Ground,1,0.4428856465893503,easy,0.39730639730639733,easy,0.8619528619528619,easy,0.8411896745230077,easy,-0.7780112974157055,medium,easy,2,easy,1,easy,6,easy,2,easy,0,degenerate,-1,easy,2
scene51.TENNISCOURTS.Ground,2,0.44419503678762934,easy,0.367003367003367,easy,0.98989898989899,hard,0.9618406285072952,hard,-1.8793350602225598,easy,easy,2,easy,1,easy,5,easy,2,easy,0,degenerate,-1,easy,2
scene52.TENNISCOURTS.Ground,0,0.48721785758822794,medium,0.43097643097643096,medium,0.9696969696969697,medium,0.9090909090909092,medium,0.18252221316940312,medium,medium,0,easy,1,easy,5,easy,2,easy,0,degenerate,-1,medium,2
scene52.TENNISCOURTS.Ground,1,0.49014839755580486,medium,0.46464646464646464,medium,0.9377104377104377,easy,0.914141414141414,medium,1.1083617505312058,hard,hard,1,medium,2,medium,0,medium,1,easy,0,degenerate,-1,medium,3
scene52.TENNISCOURTS.Ground,2,0.522633744855967,medium,0.5622895622895623,medium,0.9393939393939394,easy,0.9012345679012346,medium,-2.205639960573706,easy,easy,2,easy,1,easy,5,easy,2,easy,0,degenerate,0,easy,2
scene53.TENNISCOURTS.Ground,0,0.429105873550318,easy,0.37037037037037035,easy,0.9966329966329966,hard,0.967452300785634,hard,-1.5928077732082007,easy,easy,2,easy,1,easy,5,easy,2,easy,0,degenerate,-1,easy,2
scene53.TENNISCOURTS.Ground,1,0.47880034917071956,medium,0.4276094276094276,medium,0.9831649831649831,hard,0.9001122334455668,medium,-2.086027033075698,easy,easy,2,easy,1,easy,6,easy,2,easy,0,degenerate,-1,easy,3
scene53.TENNISCOURTS.Ground,2,0.46901109864072826,medium,0.36363636363636365,easy,0.9831649831649831,hard,0.9607182940516275,hard,-2.753139598034238,easy,easy,2,easy,1,easy,5,easy,2,easy,0,degenerate,-1,easy,3
scene54.TENNISCOURTS.Ground,0,0.3982416760194538,easy,0.3771043771043771,easy,0.8787878787878788,easy,0.8563411896745231,easy,-0.560642529219916,medium,medium,0,easy,1,easy,5,easy,2,easy,0,degenerate,-1,easy,2
scene54.TENNISCOURTS.Ground,1,0.4850355405910961,medium,0.4983164983164983,medium,0.8888888888888888,easy,0.7744107744107743,easy,-1.5192946478618343,easy,easy,2,easy,1,easy,6,easy,2,easy,0,degenerate,-1,easy,2
scene54.TENNISCOURTS.Ground,2,0.3924429479985035,easy,0.28619528619528617,easy,0.9158249158249159,easy,0.8125701459034792,easy,-2.6166914654002666,easy,easy,2,easy,1,easy,5,easy,2,easy,0,degenerate,-1,easy,1
scene55.TENNISCOURTS.Ground,0,0.33638857712931786,easy,0.27946127946127947,easy,0.8653198653198653,easy,0.808080808080808,easy,-1.9917383411090983,easy,easy,2,easy,1,easy,5,easy,2,easy,0,degenerate,-1,easy,1
scene55.TENNISCOURTS.Ground,1,0.43172465394687615,easy,0.40404040404040403,easy,0.9831649831649831,hard,0.904040404040404,medium,-0.3930897724476398,medium,easy,2,easy,1,easy,6,medium,1,easy,0,degenerate,-1,easy,3
scene55.TENNISCOURTS.Ground,2,0.42424242424242425,easy,0.367003367003367,easy,0.9225589225589226,easy,0.8630751964085297,easy,-2.4851754501584784,easy,easy,2,easy,1,easy,5,easy,2,easy,0,degenerate,-1,easy,1
scene56.jsom.atrium,0,0.5291183439331587,medium,0.41414141414141414,easy,0.9966329966329966,hard,0.9932659932659932,hard,2.686436973124276,hard,medium,0,hard,0,hard,3,hard,0,easy,0,degenerate,-1,hard,3
scene56.jsom.atrium,1,0.39892754707569517,easy,0.37373737373737376,easy,0.7542087542087542,easy,0.7312008978675646,easy,-0.9007657956459808,medium,easy,2,easy,1,easy,5,easy,2,easy,0,degenerate,-1,easy,2
scene56.jsom.atrium,2,0.5558673151265744,hard,0.6026936026936027,hard,0.98989898989899,hard,0.988776655443322,hard,-0.24143923687655697,medium,medium,0,easy,1,easy,5,easy,2,easy,0,degenerate,-1,hard,3
scene57.jsom.atrium,0,0.43615163985534355,easy,0.40404040404040403,easy,0.98989898989899,hard,0.9180695847362514,medium,-0.2770050911834615,medium,medium,0,easy,1,easy,5,easy,2,easy,0,degenerate,-1,easy,3
scene57.jsom.atrium,1,0.4126449682005237,easy,0.36363636363636365,easy,0.7441077441077442,easy,0.7244668911335578,easy,-1.3715634263693304,easy,easy,2,easy,1,easy,6,easy,2,easy,0,degenerate,-1,easy,1
scene57.jsom.atrium,2,0.4520513779773038,easy,0.3872053872053872,easy,0.8956228956228957,easy,0.8260381593714928,easy,-1.587928082664791,easy,easy,2,easy,1,easy,5,easy,2,easy,0,degenerate,-1,easy,1
scene59.jsom.atrium,0,0.4502431724653947,easy,0.28619528619528617,easy,0.9461279461279462,medium,0.9242424242424242,medium,0.3837692982840845,medium,medium,0,hard,0,hard,3,medium,1,easy,0,degenerate,-1,medium,3
scene59.jsom.atrium,1,0.47817683002868183,medium,0.4208754208754209,medium,0.9865319865319865,hard,0.8888888888888888,easy,0.2647584762374457,medium,easy,2,easy,1,easy,6,easy,2,easy,0,degenerate,-1,easy,3
scene59.jsom.atrium,2,0.48222970445192664,medium,0.3838383838383838,easy,1.0,hard,0.924803591470258,medium,-1.7035321939107646,easy,easy,2,easy,1,easy,5,easy,2,easy,0,degenerate,-1,easy,3
scene6.ecsn.4f.sofa,0,0.5105374735004365,medium,0.4764309764309764,medium,1.0,hard,0.9590347923681257,hard,1.382548900175498,hard,medium,0,hard,0,hard,3,medium,1,easy,0,degenerate,-1,hard,3
scene6.ecsn.4f.sofa,1,0.3557176705324853,easy,0.28619528619528617,easy,0.9966329966329966,hard,0.9528619528619529,hard,-1.5517383111981902,easy,easy,2,easy,4,medium,2,easy,2,easy,0,degenerate,-1,easy,3
scene6.ecsn.4f.sofa,2,0.49968824042898113,medium,0.5353535353535354,medium,0.9663299663299664,medium,0.9124579124579125,medium,-1.3255648691711452,easy,easy,2,easy,4,medium,2,easy,2,easy,0,degenerate,-1,medium,2
scene60.jsom.atrium,0,0.4628382591345554,easy,0.3872053872053872,easy,1.0,hard,0.978114478114478,hard,1.3045501840893263,hard,medium,0,hard,0,hard,3,hard,0,easy,0,degenerate,-1,hard,3
scene60.jsom.atrium,1,0.46882404289811697,medium,0.43434343434343436,medium,0.9057239057239057,easy,0.8681257014590349,easy,0.20437576498052137,medium,easy,2,easy,1,easy,6,easy,2,easy,0,degenerate,-1,easy,2
scene60.jsom.atrium,2,0.4345928420002494,easy,0.3602693602693603,easy,0.9124579124579124,easy,0.8327721661054994,easy,-1.4019640838606724,easy,easy,2,easy,1,easy,5,easy,2,easy,0,degenerate,-1,easy,1
scene61.ecsw.axxess-atrium,0,0.6215238807831401,hard,0.6599326599326599,hard,0.9865319865319865,hard,0.978675645342312,hard,2.5926597300527474,hard,medium,0,hard,0,hard,3,medium,1,easy,0,degenerate,-1,hard,3
scene61.ecsw.axxess-atrium,1,0.6864322234692606,hard,0.7239057239057239,hard,0.9764309764309764,medium,0.9629629629629629,hard,0.5020967660015756,hard,easy,2,easy,4,medium,2,easy,2,easy,0,degenerate,-1,hard,3
scene61.ecsw.axxess-atrium,2,0.6513280957725401,hard,0.6801346801346801,hard,0.98989898989899,hard,0.9831649831649831,hard,-1.1598966992396273,medium,easy,2,easy,4,medium,2,easy,2,easy,0,degenerate,-1,hard,3
scene62.ecsw.axxess-atrium,0,0.6454670158373862,hard,0.7037037037037037,hard,0.9730639730639731,medium,0.9607182940516275,hard,-0.13952732494711842,medium,easy,2,easy,4,medium,2,easy,2,easy,0,degenerate,-1,easy,3
scene62.ecsw.axxess-atrium,1,0.6422247162987903,hard,0.6902356902356902,hard,0.9831649831649831,hard,0.9489337822671157,hard,0.47394878189215395,hard,hard,1,easy,4,medium,2,medium,1,easy,0,degenerate,-1,hard,3
scene62.ecsw.axxess-atrium,2,0.6134181319366504,hard,0.6363636363636364,hard,0.9966329966329966,hard,0.9719416386083052,hard,-0.7947832426568296,medium,easy,2,easy,4,medium,2,easy,2,easy,0,degenerate,-1,hard,3
scene63.ecsw.axxess-atrium,0,0.7132435465768799,hard,0.8653198653198653,hard,0.9966329966329966,hard,0.9876543209876543,hard,7.7560324168544685,hard,hard,1,medium,2,hard,7,medium,1,hard,2,degenerate,-1,hard,2
scene63.ecsw.axxess-atrium,1,0.6194662676144158,hard,0.6060606060606061,hard,0.98989898989899,hard,0.9809203142536477,hard,-0.23646437946306964,medium,easy,2,easy,4,medium,2,easy,2,easy,0,degenerate,-1,hard,3
scene63.ecsw.axxess-atrium,2,0.6068711809452549,hard,0.6026936026936027,hard,1.0,hard,0.9809203142536477,hard,-2.239179246363725,easy,easy,2,easy,4,medium,2,easy,2,easy,0,degenerate,-1,easy,3
scene64.ecsw.axxess-atrium,0,0.5432098765432098,medium,0.5488215488215489,medium,0.9427609427609428,medium,0.9315375982042648,medium,-1.5614007127074285,easy,easy,2,easy,4,medium,2,easy,2,easy,0,degenerate,-1,medium,2
scene64.ecsw.axxess-atrium,1,0.5460157126823793,hard,0.5589225589225589,medium,0.9528619528619529,medium,0.9281705948372615,medium,-0.9950822319372331,medium,easy,2,easy,4,medium,2,easy,2,easy,0,degenerate,-1,medium,3
scene64.ecsw.axxess-atrium,2,0.5489462526499563,hard,0.5151515151515151,medium,0.9764309764309764,medium,0.957351290684624,hard,-2.149051099951387,easy,easy,2,easy,4,medium,2,easy,2,easy,0,degenerate,-1,easy,3
scene65.ecsw.axxess-atrium,0,0.5800598578376356,hard,0.7037037037037037,hard,0.9326599326599326,easy,0.9158249158249158,medium,0.06351679556926408,medium,medium,0,hard,0,medium,2,medium,1,easy,0,degenerate,-1,medium,3
scene65.ecsw.axxess-atrium,1,0.5830527497194165,hard,0.6026936026936027,hard,0.9932659932659933,hard,0.9842873176206509,hard,-1.2624264518767219,easy,easy,2,easy,4,medium,2,easy,2,easy,0,degenerate,-1,easy,3
scene65.ecsw.axxess-atrium,2,0.5453298416261378,hard,0.5084175084175084,medium,0.9932659932659933,hard,0.9831649831649832,hard,-2.213878267810967,easy,easy,2,easy,4,medium,2,easy,2,easy,0,degenerate,-1,easy,3
scene66.ecsw.3f.dept,0,0.49532360643471757,medium,0.5353535353535354,medium,0.9663299663299664,medium,0.8417508417508417,easy,-1.8569908001150204,easy,easy,2,easy,4,medium,2,easy,2,easy,0,degenerate,-1,easy,2
scene66.ecsw.3f.dept,1,0.45342312008978675,easy,0.29292929292929293,easy,0.9932659932659933,hard,0.9696969696969697,hard,-3.200186348763122,easy,easy,2,easy,4,medium,2,easy,2,easy,0,degenerate,-1,easy,3
scene66.ecsw.3f.dept,2,0.5361017583239805,medium,0.5050505050505051,medium,0.9831649831649831,hard,0.9629629629629629,hard,-0.9379190915234339,medium,easy,2,easy,4,medium,2,easy,2,easy,0,degenerate,-1,medium,3
scene67.ecsw.3f.dept,0,0.586357401172216,hard,0.6430976430976431,hard,0.9831649831649831,hard,0.9191919191919191,medium,1.2705465706254984,hard,medium,0,hard,0,hard,3,medium,1,easy,0,degenerate,-1,hard,3
scene67.ecsw.3f.dept,1,0.5288689362763437,medium,0.6026936026936027,hard,0.98989898989899,hard,0.9719416386083054,hard,-1.32602205878902,easy,easy,2,easy,4,medium,2,easy,2,easy,0,degenerate,-1,easy,3
scene67.ecsw.3f.dept,2,0.5381593714927048,medium,0.5286195286195287,medium,0.9865319865319865,hard,0.9405162738496072,medium,-0.9596069455733649,medium,easy,2,easy,4,medium,2,easy,2,easy,0,degenerate,-1,medium,3
scene68.ecsw.3f.dept,0,0.4473126324978176,easy,0.4377104377104377,medium,0.9124579124579124,easy,0.872053872053872,easy,-1.6572087288787745,easy,easy,2,easy,1,easy,5,easy,2,easy,0,degenerate,-1,easy,2
scene68.ecsw.3f.dept,1,0.5094151390447687,medium,0.4377104377104377,medium,0.9966329966329966,hard,0.9775533108866442,hard,-1.5460696554875994,easy,easy,2,easy,4,medium,2,easy,2,easy,0,degenerate,-1,easy,3
scene68.ecsw.3f.dept,2,0.50049881531363,medium,0.3771043771043771,easy,0.9562289562289562,medium,0.9068462401795735,medium,-1.6019414899699598,easy,easy,2,easy,4,medium,2,easy,2,easy,0,degenerate,-1,easy,2
scene69.ecsw.3f.dept,0,0.4750592343184936,medium,0.4208754208754209,medium,0.9259259259259259,easy,0.8709315375982043,easy,-0.9858675700713816,medium,easy,2,easy,4,medium,2,easy,2,easy,0,degenerate,-1,easy,2
scene69.ecsw.3f.dept,1,0.48622022696096767,medium,0.44107744107744107,medium,0.98989898989899,hard,0.9494949494949495,hard,-2.061195170026279,easy,easy,2,easy,4,medium,2,easy,2,easy,0,degenerate,-1,easy,3
scene69.ecsw.3f.dept,2,0.5345429604688864,medium,0.5656565656565656,medium,0.9932659932659933,hard,0.957351290684624,hard,-1.4461368271114634,easy,easy,2,easy,4,medium,2,easy,2,easy,0,degenerate,-1,easy,3
scene7.ecsn.4f.sofa,0,0.5451427858835266,hard,0.5656565656565656,medium,0.9764309764309764,medium,0.9326599326599326,medium,0.7738018991742307,hard,medium,0,hard,0,hard,3,medium,1,easy,0,degenerate,-1,medium,3
scene7.ecsn.4f.sofa,1,0.4710687118094526,medium,0.494949494949495,medium,0.9595959595959596,medium,0.935465768799102,medium,0.4978943074039407,hard,hard,1,easy,4,medium,0,medium,1,easy,0,degenerate,-1,medium,3
scene7.ecsn.4f.sofa,2,0.5291806958473625,medium,0.49158249158249157,medium,0.9932659932659933,hard,0.9764309764309763,hard,-1.0952376691594248,medium,easy,2,easy,4,medium,2,easy,2,easy,0,degenerate,-1,medium,3
scene70.ecsw.3f.dept,0,0.4723157500935279,medium,0.5117845117845118,medium,0.8787878787878788,easy,0.8170594837261503,easy,-0.976195260998559,medium,easy,2,easy,1,easy,5,easy,2,easy,0,degenerate,-1,easy,2
scene70.ecsw.3f.dept,1,0.5472003990522509,hard,0.5959595959595959,hard,0.98989898989899,hard,0.9753086419753086,hard,1.8241502999425065,hard,hard,1,medium,2,medium,0,medium,1,easy,0,degenerate,-1,hard,3
scene70.ecsw.3f.dept,2,0.5465768799102132,hard,0.5622895622895623,medium,0.9595959595959596,medium,0.9483726150392817,hard,0.41062764735255597,medium,hard,1,easy,4,medium,2,medium,1,easy,0,degenerate,-1,medium,3
scene71.ecsw.atriumStairs,0,0.4016710313006609,easy,0.2895622895622896,easy,0.835016835016835,easy,0.7884399551066217,easy,0.1806057666156008,medium,medium,0,easy,1,easy,5,easy,2,easy,0,degenerate,-1,easy,2
scene71.ecsw.atriumStairs,1,0.3486719042274597,easy,0.28619528619528617,easy,0.7171717171717171,easy,0.7154882154882154,easy,-1.0540255278386292,medium,easy,2,easy,1,easy,6,easy,2,easy,0,degenerate,-1,easy,2
scene71.ecsw.atriumStairs,2,0.3681257014590348,easy,0.2962962962962963,easy,0.7609427609427609,easy,0.7429854096520763,easy,-1.7205105428628265,easy,easy,2,easy,1,easy,6,easy,2,easy,0,degenerate,-1,easy,1
scene72.ecsw.atriumStairs,0,0.41651078688115717,easy,0.40404040404040403,easy,0.8956228956228957,easy,0.7755331088664422,easy,-0.37200555650166983,medium,easy,2,easy,1,easy,5,easy,2,easy,0,degenerate,-1,easy,2
scene72.ecsw.atriumStairs,1,0.4352787130564908,easy,0.4175084175084175,easy,0.9225589225589226,easy,0.8742985409652076,easy,0.5722937796855021,hard,easy,2,easy,1,easy,6,medium,1,easy,0,degenerate,-1,easy,3
scene72.ecsw.atriumStairs,2,0.4657687991021324,easy,0.4612794612794613,medium,0.9629629629629629,medium,0.90347923681257,medium,1.1204612082871368,hard,hard,1,medium,2,medium,0,medium,1,easy,0,degenerate,-1,medium,3
scene73.ecsw.atriumStairs,0,0.38770420251901727,easy,0.28619528619528617,easy,0.8215488215488216,easy,0.7654320987654321,easy,-0.0919728644014517,medium,easy,2,easy,1,easy,5,easy,2,easy,0,degenerate,-1,easy,2
scene73.ecsw.atriumStairs,1,0.4289811697219104,easy,0.3602693602693603,easy,0.877104377104377,easy,0.8709315375982043,easy,0.7260136481372768,hard,easy,2,easy,1,easy,6,medium,1,easy,0,degenerate,-1,easy,3
scene73.ecsw.atriumStairs,2,0.37061977802718543,easy,0.29292929292929293,easy,0.9090909090909091,easy,0.8322109988776655,easy,-0.12741080622020182,medium,easy,2,easy,1,easy,6,medium,1,easy,0,degenerate,-1,easy,2
scene74.ecsw.atriumStairs,0,0.47131811946626767,medium,0.4074074074074074,easy,0.9932659932659933,hard,0.910213243546577,medium,2.7027997277172946,hard,medium,0,hard,0,medium,0,medium,1,hard,2,degenerate,-1,medium,3
scene74.ecsw.atriumStairs,1,0.5328594587853847,medium,0.6127946127946128,hard,1.0,hard,0.9988776655443322,hard,0.5901520793291405,hard,easy,2,medium,3,easy,4,hard,0,medium,1,degenerate,-1,hard,3
scene74.ecsw.atriumStairs,2,0.43889512408030923,easy,0.4612794612794613,medium,0.9494949494949495,medium,0.8742985409652076,easy,0.08354969445178868,medium,easy,2,easy,1,easy,6,easy,2,easy,0,degenerate,-1,easy,2
scene75.ecsw.atriumStairs,0,0.3623893253522883,easy,0.3164983164983165,easy,0.7609427609427609,easy,0.7396184062850729,easy,-1.2417600353413194,easy,easy,2,easy,1,easy,5,easy,2,easy,0,degenerate,-1,easy,1
scene75.ecsw.atriumStairs,1,0.42037660556179074,easy,0.3265993265993266,easy,0.9040404040404041,easy,0.8271604938271605,easy,-0.6635463195772757,medium,easy,2,easy,1,easy,6,easy,2,easy,0,degenerate,-1,easy,2
scene75.ecsw.atriumStairs,2,0.46495822421748345,easy,0.4713804713804714,medium,1.0,hard,0.8877665544332212,easy,1.1886552718031358,hard,hard,1,medium,2,medium,0,medium,1,hard,2,degenerate,-1,medium,3
scene76.gaming2,0,0.5599201895498191,hard,0.6430976430976431,hard,0.9124579124579124,easy,0.8911335578002243,medium,-0.06955795157367443,medium,medium,0,hard,0,easy,5,medium,1,easy,0,degenerate,-1,medium,3
scene76.gaming2,1,0.4310387828906347,easy,0.3939393939393939,easy,0.9393939393939394,easy,0.9079685746352414,medium,-2.7725713508780334,easy,easy,2,easy,1,easy,6,easy,2,easy,0,degenerate,-1,easy,2
scene76.gaming2,2,0.561853098890136,hard,0.5757575757575758,medium,0.9663299663299664,medium,0.9225589225589226,medium,-1.4406583162631619,easy,easy,2,easy,1,easy,6,easy,2,easy,0,degenerate,-1,easy,3
scene77.gaming2,0,0.50480109739369,medium,0.5185185185185185,medium,0.8956228956228957,easy,0.8355780022446689,easy,-0.5926439008235789,medium,medium,0,easy,1,easy,5,easy,2,easy,0,degenerate,-1,easy,2
scene77.gaming2,1,0.4236189051003865,easy,0.3838383838383838,easy,0.8922558922558923,easy,0.8641975308641975,easy,-2.606155368385833,easy,easy,2,easy,1,easy,6,easy,2,easy,0,degenerate,-1,easy,1
scene77.gaming2,2,0.48684374610300535,medium,0.5488215488215489,medium,0.9259259259259259,easy,0.8451178451178452,easy,-2.636879047025397,easy,easy,2,easy,1,easy,5,easy,2,easy,0,degenerate,0,easy,2
scene78.gaming2,0,0.5185185185185186,medium,0.48653198653198654,medium,0.9595959595959596,medium,0.9326599326599325,medium,-0.34449974763831065,medium,medium,0,easy,1,easy,5,easy,2,easy,0,degenerate,-1,medium,2
scene78.gaming2,1,0.45666541962838253,easy,0.4074074074074074,easy,0.9696969696969697,medium,0.9427609427609428,medium,-2.2579102134864057,easy,easy,2,easy,4,easy,6,easy,2,easy,0,degenerate,-1,easy,2
scene78.gaming2,2,0.5387205387205387,medium,0.6262626262626263,hard,0.9595959595959596,medium,0.9337822671156003,medium,-2.5576459642791214,easy,easy,2,easy,1,easy,5,easy,2,easy,0,degenerate,-1,easy,3
scene79.gaming2,0,0.4897119341563786,medium,0.494949494949495,medium,0.9090909090909091,easy,0.8754208754208754,easy,-1.3460795465104216,easy,easy,2,easy,1,easy,5,easy,2,easy,0,degenerate,-1,easy,2
scene79.gaming2,1,0.4694475620401546,medium,0.45791245791245794,medium,1.0,hard,0.946127946127946,hard,-2.654834175180052,easy,easy,2,easy,4,easy,6,easy,2,easy,0,degenerate,-1,easy,3
scene79.gaming2,2,0.5536849981294426,hard,0.6599326599326599,hard,0.936026936026936,easy,0.9113355780022446,medium,-2.1297234904861946,easy,easy,2,easy,1,easy,5,easy,2,easy,0,degenerate,-1,easy,3
scene8.ecsn.4f.sofa,0,0.4840379099638359,medium,0.5016835016835017,medium,0.9562289562289562,medium,0.8866442199775534,easy,0.04248575591144373,medium,medium,0,easy,1,easy,5,easy,2,easy,0,degenerate,-1,medium,2
scene8.ecsn.4f.sofa,1,0.3778526000748223,easy,0.335016835016835,easy,0.9865319865319865,hard,0.8698092031425365,easy,-1.7184558175718605,easy,easy,2,easy,4,medium,2,easy,2,easy,0,degenerate,-1,easy,3
scene8.ecsn.4f.sofa,2,0.4883401920438957,medium,0.43097643097643096,medium,0.9831649831649831,hard,0.9539842873176206,hard,-1.8422363837478104,easy,easy,2,easy,4,medium,2,easy,2,easy,0,degenerate,-1,easy,3
scene80.gaming2,0,0.5590472627509663,hard,0.6026936026936027,hard,0.9528619528619529,medium,0.9135802469135802,medium,-0.9088315447785208,medium,easy,2,easy,1,easy,5,easy,2,easy,0,degenerate,-1,easy,3
scene80.gaming2,1,0.489587230327971,medium,0.3838383838383838,easy,0.9797979797979798,medium,0.9562289562289562,hard,-1.911905257088268,easy,easy,2,easy,4,easy,6,easy,2,easy,0,degenerate,-1,easy,3
scene80.gaming2,2,0.5459533607681754,hard,0.6430976430976431,hard,0.9427609427609428,medium,0.9416386083052751,medium,-1.9753671985491268,easy,easy,2,easy,1,easy,5,easy,2,easy,0,degenerate,0,easy,3
scene81.jsom.garden.pot,0,0.6752712308267865,hard,0.7895622895622896,hard,0.9764309764309764,medium,0.946127946127946,hard,4.222501422249561,hard,medium,0,hard,0,hard,3,medium,1,easy,0,degenerate,-1,hard,3
scene81.jsom.garden.pot,1,0.5493203641351789,hard,0.5084175084175084,medium,0.9730639730639731,medium,0.9169472502805837,medium,0.9026169119378578,hard,easy,2,easy,4,medium,1,medium,1,easy,0,degenerate,-1,medium,3
scene81.jsom.garden.pot,2,0.5909090909090908,hard,0.6430976430976431,hard,0.9326599326599326,easy,0.914702581369248,medium,0.23887997747417067,medium,easy,2,easy,4,medium,1,easy,2,easy,0,degenerate,-1,easy,3
scene82.jsom.garden.pot,0,0.654071579997506,hard,0.7676767676767676,hard,0.98989898989899,hard,0.978675645342312,hard,5.183670723428196,hard,medium,0,hard,0,hard,3,medium,1,easy,0,degenerate,-1,hard,3
scene82.jsom.garden.pot,1,0.535166479610924,medium,0.4882154882154882,medium,0.9663299663299664,medium,0.9607182940516273,hard,3.255896889753971,hard,hard,1,medium,2,medium,0,medium,1,hard,2,degenerate,-1,medium,2
scene82.jsom.garden.pot,2,0.5636613044020451,hard,0.7037037037037037,hard,0.8956228956228957,easy,0.8709315375982043,easy,-0.19596980980303155,medium,easy,2,easy,1,medium,1,easy,2,easy,0,degenerate,-1,easy,3
scene83.jsom.garden.pot,0,0.6174086544456915,hard,0.6380471380471381,hard,0.9932659932659933,hard,0.9842873176206509,hard,3.525214754611986,hard,medium,0,hard,0,hard,3,hard,0,easy,0,degenerate,-1,hard,3
scene83.jsom.garden.pot,1,0.6094276094276093,hard,0.6868686868686869,hard,0.9865319865319865,hard,0.9708193041526375,hard,3.288763461638213,hard,hard,1,medium,2,medium,0,medium,1,hard,2,degenerate,-1,hard,2
scene83.jsom.garden.pot,2,0.5361641102381843,medium,0.5858585858585859,hard,0.9730639730639731,medium,0.9203142536475871,medium,-0.3549065692356433,medium,easy,2,easy,4,medium,2,easy,2,easy,0,degenerate,-1,medium,3
scene84.jsom.garden.pot,0,0.583364509290435,hard,0.6094276094276094,hard,1.0,hard,0.9943883277216611,hard,3.276405374274216,hard,medium,0,hard,0,hard,3,medium,1,easy,0,degenerate,-1,hard,3
scene84.jsom.garden.pot,1,0.6038782890634743,hard,0.6026936026936027,hard,0.9966329966329966,hard,0.9528619528619529,hard,1.0347843986869831,hard,easy,2,easy,4,medium,2,medium,1,easy,0,degenerate,-1,hard,3
scene84.jsom.garden.pot,2,0.543459284200025,medium,0.6397306397306397,hard,0.9663299663299664,medium,0.9191919191919192,medium,-0.807469843422183,medium,easy,2,easy,4,medium,2,easy,2,easy,0,degenerate,-1,medium,3
scene85.jsom.garden.pot,0,0.5814315999501186,hard,0.5858585858585859,hard,0.9932659932659933,hard,0.9865319865319865,hard,3.826383186232299,hard,medium,0,hard,0,hard,3,medium,1,easy,0,degenerate,-1,hard,3
scene85.jsom.garden.pot,1,0.6096770170844246,hard,0.6127946127946128,hard,0.9259259259259259,easy,0.9214365881032548,medium,1.9285204436523962,hard,hard,1,easy,4,medium,0,medium,1,easy,0,degenerate,-1,hard,3
scene85.jsom.garden.pot,2,0.541339319117097,medium,0.6161616161616161,hard,0.9225589225589226,easy,0.9158249158249158,medium,-0.7991771188412233,medium,easy,2,easy,4,medium,2,easy,2,easy,0,degenerate,-1,easy,3
scene86.jsom.atrium,0,0.5985783763561541,hard,0.6430976430976431,hard,0.9966329966329966,hard,0.9910213243546577,hard,1.6080964100912472,hard,medium,0,hard,0,hard,3,medium,1,easy,0,degenerate,-1,hard,3
scene86.jsom.atrium,1,0.5321735877291432,medium,0.5185185185185185,medium,0.936026936026936,easy,0.89337822671156,medium,-1.2163054153634663,easy,easy,2,easy,1,easy,6,easy,2,easy,0,degenerate,-1,easy,2
scene86.jsom.atrium,2,0.43496695348547204,easy,0.3771043771043771,easy,0.8148148148148148,easy,0.77665544332211,easy,-1.773062506621432,easy,easy,2,easy,1,easy,5,easy,2,easy,0,degenerate,-1,easy,1
scene87.jsom.atrium,0,0.5640977678014715,hard,0.6868686868686869,hard,0.9865319865319865,hard,0.9528619528619529,hard,4.005646421743757,hard,hard,1,medium,2,hard,3,medium,1,hard,2,degenerate,-1,hard,2
scene87.jsom.atrium,1,0.6171592467888765,hard,0.6936026936026936,hard,0.9848484848484849,hard,0.9691358024691358,hard,3.9065801922014947,hard,hard,1,medium,2,medium,0,medium,1,hard,2,degenerate,-1,hard,2
scene87.jsom.atrium,2,0.5851727148023445,hard,0.6161616161616161,hard,0.9865319865319865,hard,0.9753086419753086,hard,0.47139726807551036,hard,easy,2,easy,1,easy,5,easy,2,easy,0,degenerate,-1,hard,2
scene88.jsom.atrium,0,0.5793116348671904,hard,0.5218855218855218,medium,0.9797979797979798,medium,0.9775533108866442,hard,2.0586583573602466,hard,medium,0,hard,0,hard,3,hard,0,easy,0,degenerate,-1,hard,3
scene88.jsom.atrium,1,0.6295049258012221,hard,0.696969696969697,hard,0.98989898989899,hard,0.9595959595959597,hard,3.4200425140780766,hard,hard,1,medium,2,medium,0,medium,1,hard,2,degenerate,-1,hard,2
scene88.jsom.atrium,2,0.5664047886270107,hard,0.6094276094276094,hard,0.9326599326599326,easy,0.8989898989898989,medium,-0.009024566275620812,medium,medium,0,easy,1,easy,5,easy,2,easy,0,degenerate,-1,easy,3
scene89.jsom.atrium,0,0.5137174211248284,medium,0.4276094276094276,medium,0.9797979797979798,medium,0.9775533108866442,hard,1.7205959000137494,hard,medium,0,hard,0,hard,3,medium,1,easy,0,degenerate,-1,medium,3
scene89.jsom.atrium,1,0.5822421748347673,hard,0.6363636363636364,hard,0.9427609427609428,medium,0.8978675645342312,medium,0.9210503067853045,hard,medium,0,hard,0,easy,5,medium,1,easy,0,degenerate,-1,hard,3
scene89.jsom.atrium,2,0.5634118967452301,hard,0.5791245791245792,hard,0.9494949494949495,medium,0.9416386083052749,medium,0.9353519417635597,hard,medium,0,easy,1,easy,5,medium,1,hard,2,degenerate,-1,hard,3
scene9.ecsn.4f.sofa,0,0.562601321860581,hard,0.5218855218855218,medium,1.0,hard,0.999438832772166,hard,4.9558057026381785,hard,medium,0,hard,0,hard,3,medium,1,easy,0,degenerate,-1,hard,3
scene9.ecsn.4f.sofa,1,0.5024317246539468,medium,0.5488215488215489,medium,0.9730639730639731,medium,0.9528619528619529,hard,2.9360940905986177,hard,hard,1,medium,2,medium,0,medium,1,hard,2,degenerate,-1,medium,2
scene9.ecsn.4f.sofa,2,0.49563536600573643,medium,0.4882154882154882,medium,0.9966329966329966,hard,0.9416386083052749,medium,-0.4186248174299603,medium,easy,2,easy,4,medium,2,easy,2,easy,0,degenerate,-1,medium,3
scene90.jsom.atrium,0,0.5361641102381843,medium,0.5589225589225589,medium,0.9831649831649831,hard,0.957351290684624,hard,1.2635502609099711,hard,medium,0,hard,0,hard,3,medium,1,easy,0,degenerate,-1,hard,3
scene90.jsom.atrium,1,0.4900236937273974,medium,0.5016835016835017,medium,0.9629629629629629,medium,0.8630751964085297,easy,-1.2715366630884466,easy,easy,2,easy,1,easy,5,easy,2,easy,0,degenerate,-1,easy,2
scene90.jsom.atrium,2,0.46651702207257756,easy,0.44107744107744107,medium,0.9292929292929293,easy,0.9259259259259259,medium,-1.690904955015207,easy,easy,2,easy,1,easy,5,easy,2,easy,0,degenerate,-1,easy,2
scene91.gh.out,0,0.5617283950617283,hard,0.5925925925925926,hard,0.9461279461279462,medium,0.9169472502805837,medium,1.122574038525091,hard,medium,0,hard,0,medium,1,medium,1,easy,0,degenerate,-1,medium,3
scene91.gh.out,1,0.3416261379224342,easy,0.2996632996632997,easy,0.7946127946127947,easy,0.7598204264870931,easy,-1.0696766223116965,medium,easy,2,easy,1,easy,6,easy,2,easy,0,degenerate,-1,easy,2
scene91.gh.out,2,0.5400922808330215,medium,0.622895622895623,hard,0.9427609427609428,medium,0.9124579124579125,medium,-0.05113015988895877,medium,easy,2,easy,1,medium,1,medium,1,easy,0,degenerate,1,medium,3
scene92.gh.out,0,0.46352413019079697,easy,0.4612794612794613,medium,0.835016835016835,easy,0.8215488215488215,easy,-0.4761220333048556,medium,easy,2,easy,1,medium,1,easy,2,easy,0,degenerate,-1,easy,2
scene92.gh.out,1,0.3517894999376481,easy,0.29292929292929293,easy,0.8148148148148148,easy,0.797979797979798,easy,-1.4866740131836977,easy,easy,2,easy,1,easy,6,easy,2,easy,0,degenerate,-1,easy,1
scene92.gh.out,2,0.5286195286195285,medium,0.6262626262626263,hard,0.936026936026936,easy,0.9068462401795735,medium,-0.6709038901744924,medium,easy,2,easy,1,medium,1,easy,2,easy,0,degenerate,1,easy,3
scene93.gh.out,0,0.4735627883776031,medium,0.4444444444444444,medium,0.9191919191919192,easy,0.8855218855218855,easy,0.8548663589480946,hard,medium,0,hard,0,hard,3,medium,1,easy,0,degenerate,-1,medium,3
scene93.gh.out,1,0.38945005611672273,easy,0.30303030303030304,easy,0.9663299663299664,medium,0.914702581369248,medium,-0.24216224748019177,medium,easy,2,easy,1,easy,6,easy,2,easy,0,degenerate,-1,easy,2
scene93.gh.out,2,0.48484848484848486,medium,0.5252525252525253,medium,0.9191919191919192,easy,0.8978675645342312,medium,-1.1951275862379562,medium,easy,2,easy,1,medium,1,easy,2,easy,0,degenerate,-1,medium,2
scene94.gh.out,0,0.5082304526748971,medium,0.5016835016835017,medium,0.8754208754208754,easy,0.8619528619528619,easy,0.06573523753860175,medium,easy,2,easy,1,medium,1,easy,2,easy,0,degenerate,-1,easy,2
scene94.gh.out,1,0.2957974809826661,easy,0.234006734006734,easy,0.8552188552188552,easy,0.8058361391694725,easy,-1.615723487102124,easy,easy,2,easy,1,easy,6,easy,2,easy,0,degenerate,-1,easy,1
scene94.gh.out,2,0.5369746851228332,medium,0.6464646464646465,hard,0.9393939393939394,easy,0.888888888888889,easy,-0.15382767117490476,medium,easy,2,easy,1,medium,1,medium,1,easy,0,degenerate,1,easy,3
scene95.gh.out,0,0.5768799102132436,hard,0.6868686868686869,hard,0.9696969696969697,medium,0.9444444444444445,hard,2.2749904868336754,hard,medium,0,hard,0,hard,3,medium,1,easy,0,degenerate,-1,hard,3
scene95.gh.out,1,0.4046639231824417,easy,0.3434343434343434,easy,0.9595959595959596,medium,0.8462401795735129,easy,-0.3876032271009094,medium,easy,2,easy,1,easy,6,easy,2,easy,0,degenerate,-1,easy,2
scene95.gh.out,2,0.541588726773912,medium,0.5993265993265994,hard,0.9124579124579124,easy,0.882154882154882,easy,-0.26598654347882666,medium,easy,2,easy,1,medium,1,easy,2,easy,0,degenerate,1,easy,3
scene96.jsom.atrium,0,0.5084798603317121,medium,0.49663299663299665,medium,0.9865319865319865,hard,0.9416386083052749,medium,1.970734924566295,hard,medium,0,hard,0,hard,3,medium,1,easy,0,degenerate,-1,medium,3
scene96.jsom.atrium,1,0.5800598578376355,hard,0.6734006734006734,hard,0.9393939393939394,easy,0.8922558922558923,medium,1.6861193341885212,hard,medium,0,hard,0,medium,0,medium,1,easy,0,degenerate,-1,hard,3
scene96.jsom.atrium,2,0.5104127696720289,medium,0.5016835016835017,medium,0.9562289562289562,medium,0.9236812570145904,medium,-0.4255208733511724,medium,easy,2,easy,1,easy,5,easy,2,easy,0,degenerate,-1,medium,2
scene97.jsom.atrium,0,0.4779274223718668,medium,0.4208754208754209,medium,0.9764309764309764,medium,0.9382716049382717,medium,1.915215453365434,hard,medium,0,hard,0,hard,3,medium,1,easy,0,degenerate,-1,medium,3
scene97.jsom.atrium,1,0.4812320738246665,medium,0.5084175084175084,medium,0.9966329966329966,hard,0.9848484848484849,hard,3.443577921278718,hard,hard,1,medium,2,medium,0,medium,1,hard,2,degenerate,-1,medium,2
scene97.jsom.atrium,2,0.47406160369123335,medium,0.4175084175084175,medium,0.9730639730639731,medium,0.9595959595959597,hard,-1.0668522584134592,medium,easy,2,easy,1,easy,5,easy,2,easy,0,degenerate,-1,easy,3
scene98.jsom.atrium,0,0.5390322982915575,medium,0.67003367003367,hard,1.0,hard,0.9977553310886643,hard,3.2815092070543117,hard,medium,0,medium,3,easy,4,hard,0,medium,1,degenerate,-1,hard,3
scene98.jsom.atrium,1,0.45467015837386204,easy,0.4006734006734007,easy,0.8552188552188552,easy,0.8136924803591471,easy,-0.48792750936491336,medium,easy,2,easy,1,easy,5,easy,2,easy,0,degenerate,-1,easy,2
scene98.jsom.atrium,2,0.4804838508542212,medium,0.49663299663299665,medium,0.9696969696969697,medium,0.9292929292929294,medium,-1.0906556911345264,medium,easy,2,easy,1,easy,5,easy,2,easy,0,degenerate,-1,medium,2
scene99.jsom.atrium,0,0.48915076692854464,medium,0.5723905723905723,medium,0.9461279461279462,medium,0.9203142536475871,medium,0.6402908352331189,hard,medium,0,hard,0,easy,5,easy,2,easy,0,degenerate,-1,medium,3
scene99.jsom.atrium,1,0.43758573388203015,easy,0.37037037037037035,easy,0.9090909090909091,easy,0.8333333333333334,easy,0.03897465450866553,medium,easy,2,easy,1,easy,6,easy,2,easy,0,degenerate,-1,easy,2
scene99.jsom.atrium,2,0.46732759695722664,easy,0.4478114478114478,medium,0.9696969696969697,medium,0.8877665544332212,easy,-0.46115446868526877,medium,easy,2,easy,1,easy,5,easy,2,easy,0,degenerate,-1,easy,2
