model	model_key	split	prediction_rows	unique_predictions	expected_predictions	status	n_pairs	n_headline_intra_pairs	translation_metric_available	rotation_error_deg_mean	rotation_error_deg_median	translation_angular_deg	translation_error_m_mean	translation_error_m_median	pose_error_max_deg	auc_5deg	auc_10deg	auc_20deg	temporal_chains	mean_drift_rotation_deg	mean_drift_translation_m	parameters_millions	flops_g	latency_p50_ms	latency_p95_ms	latency_p99_ms	peak_gpu_memory_mb	source_directory
CUT3R-512-DPT	cut3r	easy	6676	6676	6676	COMPLETE	6676	3376	True	0.9462237572131393	0.8455794039985873	10.137197044516396	0.02960747987657287	0.02500534389498408	11.199468845333785	0.1372881660203935	0.3353185288908038	0.5687742352434295	330	4.713870588886007	0.21108794793133678							/data/narendhiran_rpx/docker-smoke/rcpe-production-cut3r-9e21df3/cut3r/easy
CUT3R-512-DPT	cut3r	hard	6879	6879	6879	COMPLETE	6879	3479	True	1.0075259297080918	0.9267590829342589	8.805557697904765	0.04542763267573767	0.02875173886747716	9.749359404863462	0.1511856129562367	0.3746142076121955	0.6214516536448127	340	6.141212578293062	0.34943146868227515							/data/narendhiran_rpx/docker-smoke/rcpe-production-cut3r-9e21df3/cut3r/hard
CUT3R-512-DPT	cut3r	medium	6715	6715	6715	COMPLETE	6715	3415	True	0.9899136991341431	0.8812353878648896	10.072230226568488	0.033920988262210294	0.027051133713002107	11.075066060609416	0.13579721076060752	0.34467811349216915	0.5759794134611118	330	5.211474856031563	0.2501560230762144							/data/narendhiran_rpx/docker-smoke/rcpe-production-cut3r-9e21df3/cut3r/medium
DA3-GIANT	da3	easy	6676	6676	6676	COMPLETE	6676	3376	False	0.7317314658467003	0.643807420979223	6.25227667961458			6.62532736633012	0.2254790200584039	0.4752815477045334	0.6965597922351476	330	2.577431488886152								/data/narendhiran_rpx/docker-smoke/rcpe-production-da3-87eb4c5/da3/easy
DA3-GIANT	da3	hard	6879	6879	6879	COMPLETE	6879	3479	False	0.76526698554535	0.7096747372860135	6.8470210509901746			7.379884725386199	0.22510096654965867	0.47179904825780083	0.6957488074188275	340	2.932907616561809								/data/narendhiran_rpx/docker-smoke/rcpe-production-da3-87eb4c5/da3/hard
DA3-GIANT	da3	medium	6715	6715	6715	COMPLETE	6715	3415	False	0.7559764618446116	0.6731655531097082	6.504957037907849			7.123890734355972	0.2197051037460993	0.46496591093955664	0.6872975730955233	330	2.6361582500392324								/data/narendhiran_rpx/docker-smoke/rcpe-production-da3-87eb4c5/da3/medium
DUSt3R-ViTL-512	dust3r	easy	6676	6676	6676	COMPLETE	6676	3376	False	1.2067379573528227	0.8138576967381494	15.930900964323369			17.264313085629798	0.07711893819713725	0.21308164584230935	0.42392078366604424	330	5.4511790356906635								/data/narendhiran_rpx/docker-smoke/rcpe-production-dust3r-daf2dd7/dust3r/easy
DUSt3R-ViTL-512	dust3r	hard	6879	6879	6879	COMPLETE	6879	3479	False	1.0613623615320849	0.8490597165660976	15.914799868482671			16.814262613453405	0.06780655070393501	0.1937919000293246	0.4022780260204807	340	5.606835560042275								/data/narendhiran_rpx/docker-smoke/rcpe-production-dust3r-daf2dd7/dust3r/hard
DUSt3R-ViTL-512	dust3r	medium	6715	6715	6715	COMPLETE	6715	3415	False	1.0379680107017737	0.853440988599377	16.122682621172657			17.664926455651297	0.06620820207935875	0.19819572001123978	0.40523684872147536	330	4.8356862693769385								/data/narendhiran_rpx/docker-smoke/rcpe-production-dust3r-daf2dd7/dust3r/medium
Fast3R-ViT-Large-512	fast3r	easy	6676	6676	6676	COMPLETE	6676	3376	False	1.0566169327976498	0.9117649811228858	10.351152620559777			11.041011835139475	0.12521841639140216	0.32008174158648095	0.554460481593183	330	5.040921126835952								/data/narendhiran_rpx/docker-smoke/rcpe-production-fast3r-87ef027/fast3r/easy
Fast3R-ViT-Large-512	fast3r	hard	6879	6879	6879	COMPLETE	6879	3479	False	1.025962860613071	0.9328963700283948	9.435394888035804			10.199716590458829	0.12029173598590101	0.33027602846516324	0.5917699559550667	340	5.178756771788787								/data/narendhiran_rpx/docker-smoke/rcpe-production-fast3r-87ef027/fast3r/hard
Fast3R-ViT-Large-512	fast3r	medium	6715	6715	6715	COMPLETE	6715	3415	False	1.0654523357276242	0.9392193608770227	10.461222134028095			11.567801428306502	0.11916234083144775	0.3188916988331337	0.5624635816436695	330	5.132447366127673								/data/narendhiran_rpx/docker-smoke/rcpe-production-fast3r-87ef027/fast3r/medium
MASt3R-ViTL-512	mast3r	easy	6676	6676	6676	COMPLETE	6676	3376	False	0.8307987781817116	0.725015099044431	10.308039668198544			10.83684128686032	0.16713790751113028	0.3732781009143568	0.5814648259849681	330	3.2290593664867906								/data/narendhiran_rpx/docker-smoke/rcpe-production-mast3r-c90c85e/mast3r/easy
MASt3R-ViTL-512	mast3r	hard	6879	6879	6879	COMPLETE	6879	3479	False	0.8705623065241583	0.7977756360792495	8.523339213744363			9.254245741837604	0.18155106686293807	0.40328551394949785	0.6307077675286931	340	4.133962369594995								/data/narendhiran_rpx/docker-smoke/rcpe-production-mast3r-c90c85e/mast3r/hard
MASt3R-ViTL-512	mast3r	medium	6715	6715	6715	COMPLETE	6715	3415	False	0.848820217124625	0.747753879635042	9.434956408349127			10.32987474707137	0.17213570551784313	0.38454974340772285	0.5986674948607598	330	3.3389714528065566								/data/narendhiran_rpx/docker-smoke/rcpe-production-mast3r-c90c85e/mast3r/medium
MonST3R-ViTL-512	monst3r	easy	6676	6676	6676	COMPLETE	6676	3376	False	1.290497004338235	1.0055804340158667	26.8027757363361			28.183108401205146	0.04250143616257361	0.1200557111398344	0.2684172890037819	330	6.5974891907378925								/data/narendhiran_rpx/docker-smoke/rcpe-production-monst3r-6a22959/monst3r/easy
MonST3R-ViTL-512	monst3r	hard	6879	6879	6879	COMPLETE	6879	3479	False	1.2962448750618991	1.0136974301780097	25.30260332120261			26.74161264147877	0.03371455282924095	0.09883979199874572	0.2359713838587078	340	6.503878720766748								/data/narendhiran_rpx/docker-smoke/rcpe-production-monst3r-6a22959/monst3r/hard
MonST3R-ViTL-512	monst3r	medium	6715	6715	6715	COMPLETE	6715	3415	False	1.3010569109711456	1.067003313996385	28.280282450804027			29.879928270595013	0.031049883904935148	0.0958383246816629	0.22842332549506789	330	6.095598702511749								/data/narendhiran_rpx/docker-smoke/rcpe-production-monst3r-6a22959/monst3r/medium
MUSt3R-512	must3r	easy	6676	6676	6676	COMPLETE	6676	3376	False	0.8457121133968085	0.755135955560774	10.966783326688976			11.664914780445612	0.10798296950548136	0.29123432189190485	0.5274336971611853	330	3.4250088702574906								/data/narendhiran_rpx/docker-smoke/rcpe-production-must3r-5d2726b/must3r/easy
MUSt3R-512	must3r	hard	6879	6879	6879	COMPLETE	6879	3479	False	0.8254465895591696	0.7584504692721976	10.066752619544319			10.6821765054212	0.1247818803150795	0.3232976502594209	0.5683988490829538	340	3.1871250098707016								/data/narendhiran_rpx/docker-smoke/rcpe-production-must3r-5d2726b/must3r/hard
MUSt3R-512	must3r	medium	6715	6715	6715	COMPLETE	6715	3415	False	0.8505215864080428	0.7597114566053551	10.70021110465473			11.572464776426605	0.12436221660233375	0.3147418548589852	0.544234438085097	330	3.3448961096186793								/data/narendhiran_rpx/docker-smoke/rcpe-production-must3r-5d2726b/must3r/medium
Pi3X	pi3x	easy	6676	6676	6676	COMPLETE	6676	3376	True	0.7611818049676958	0.681034372249422	7.454909007774588	0.03332641040246899	0.027451667128309105	7.997227955794101	0.1924353128440806	0.41667713868543255	0.6427051917277036	330	2.9539092649784626	0.27971414027699554							/data/narendhiran_rpx/docker-smoke/rcpe-production-pi3x-ae8a893/pi3x/easy
Pi3X	pi3x	hard	6879	6879	6879	COMPLETE	6879	3479	True	0.7709732624298884	0.7023008609956505	7.226902855978486	0.05414404638248404	0.036283593871176995	7.717763123587086	0.20881421283835772	0.4515607352629485	0.6800238661405664	340	3.0927217503541575	0.4529866283582681							/data/narendhiran_rpx/docker-smoke/rcpe-production-pi3x-ae8a893/pi3x/hard
Pi3X	pi3x	medium	11720	6715	6715	COMPLETE	6715	3415	True	0.7772095505285396	0.6865262416021797	7.4888264245367555	0.04277126498087664	0.03293772621528083	8.043353227710226	0.19102592543295327	0.4199713089903427	0.6466332431193338	330	3.068737184932366	0.352337136703316							/data/narendhiran_rpx/docker-smoke/rcpe-production-pi3x-ae8a893/pi3x/medium
Reloc3r-512	reloc3r	easy	6676	6676	6676	COMPLETE	6676	3376	False	0.7856044451470487	0.688578417558819	6.860617674566732			7.332047928392337	0.21237852458231607	0.4538797333524823	0.674611936904591	330	3.2080538193654107								/data/narendhiran_rpx/docker-smoke/rcpe-production-reloc3r-ffbf0f4/reloc3r/easy
Reloc3r-512	reloc3r	hard	6879	6879	6879	COMPLETE	6879	3479	False	0.8062462670694869	0.7195321606310839	6.989416085169605			7.594455388135961	0.21690315050476014	0.46231791905836184	0.6893859549795164	340	3.5315803362066363								/data/narendhiran_rpx/docker-smoke/rcpe-production-reloc3r-ffbf0f4/reloc3r/hard
Reloc3r-512	reloc3r	medium	6715	6715	6715	COMPLETE	6715	3415	False	0.806969581583755	0.7139734708513582	7.200743498809991			7.86418113216821	0.1940177765946434	0.43775381930579593	0.6623733676442316	330	3.3303609310194484								/data/narendhiran_rpx/docker-smoke/rcpe-production-reloc3r-ffbf0f4/reloc3r/medium
VGGT-Ω	vggt-omega	easy	6676	6676	6676	COMPLETE	6676	3376	False	0.7646821083924833	0.6905389247284671	7.535012805789989			7.862008428283665	0.1925190889942075	0.42037226530709937	0.6452977643735938	330	3.2053272796324177								/data/narendhiran_rpx/docker-smoke/rcpe-production-c3cb08c/vggt-omega/easy
VGGT-Ω	vggt-omega	hard	6879	6879	6879	COMPLETE	6879	3479	False	0.7727010425328718	0.7057953740780326	7.635839148576357			8.115712193607115	0.198766916070739	0.43862162876247385	0.6677002854065229	340	3.0713701948105085								/data/narendhiran_rpx/docker-smoke/rcpe-production-vggt-c3cb08c/vggt-omega/hard
VGGT-Ω	vggt-omega	medium	6715	6715	6715	COMPLETE	6715	3415	False	0.7786134971473979	0.702952574352672	7.714626311029997			8.405909341001996	0.18313441885916265	0.4201739207595723	0.6461037904668944	330	2.9601969170683997								/data/narendhiran_rpx/docker-smoke/rcpe-production-c3cb08c/vggt-omega/medium
