model	split	phi	p_value	effect	jedi	jedi_clutter	jedi_clean	status	source_directory
cut3r	easy	{'phi_wilks': 0.953570977444655, 'phi_pillai': 0.9535709774446511, 'phi_conservative': 0.9535709774446511, 'p_value': 0.7050561431885883, 'n_eff': 33, 'K': 3, 's': 1, 'wilks_lambda': 0.953570977444655, 'pillai_V': 0.0464290225553489}		small	{'jedi': 0.29392789252039364, 'per_phase': {'clutter': 0.2696397029201443, 'clean': 0.31821608212064306}, 'n_cells': 66, 'n_out_of_bounds': 0}			computed	/data/narendhiran_rpx/docker-smoke/rcpe-production-cut3r-9e21df3/cut3r/easy
cut3r	hard	{'phi_wilks': 0.9249209950274623, 'phi_pillai': 0.9249209950274567, 'phi_conservative': 0.9249209950274567, 'p_value': 0.4974348587086247, 'n_eff': 34, 'K': 3, 's': 1, 'wilks_lambda': 0.9249209950274623, 'pillai_V': 0.0750790049725433}		medium	{'jedi': 0.32489427194255444, 'per_phase': {'clutter': 0.2920014717333021, 'clean': 0.3577870721518069}, 'n_cells': 68, 'n_out_of_bounds': 0}			computed	/data/narendhiran_rpx/docker-smoke/rcpe-production-cut3r-9e21df3/cut3r/hard
cut3r	medium	{'phi_wilks': 0.8564388050707344, 'phi_pillai': 0.8564388050707421, 'phi_conservative': 0.8564388050707344, 'p_value': 0.20616619162645544, 'n_eff': 33, 'K': 3, 's': 1, 'wilks_lambda': 0.8564388050707344, 'pillai_V': 0.14356119492925795}		large	{'jedi': 0.29769841101870614, 'per_phase': {'clutter': 0.2654876439836679, 'clean': 0.3299091780537443}, 'n_cells': 66, 'n_out_of_bounds': 0}			computed	/data/narendhiran_rpx/docker-smoke/rcpe-production-cut3r-9e21df3/cut3r/medium
da3	easy	{'phi_wilks': 0.8695582334628271, 'phi_pillai': 0.8695582334628291, 'phi_conservative': 0.8695582334628271, 'p_value': 0.2486485484739952, 'n_eff': 33, 'K': 3, 's': 1, 'wilks_lambda': 0.8695582334628271, 'pillai_V': 0.1304417665371709}		medium	{'jedi': 0.41923054652871056, 'per_phase': {'clutter': 0.38707032082091647, 'clean': 0.4513907722365048}, 'n_cells': 66, 'n_out_of_bounds': 0}			computed	/data/narendhiran_rpx/docker-smoke/rcpe-production-da3-87eb4c5/da3/easy
da3	hard	{'phi_wilks': 0.8627299723627281, 'phi_pillai': 0.862729972362727, 'phi_conservative': 0.862729972362727, 'p_value': 0.2121550413099882, 'n_eff': 34, 'K': 3, 's': 1, 'wilks_lambda': 0.8627299723627281, 'pillai_V': 0.13727002763727303}		medium	{'jedi': 0.41854394716971055, 'per_phase': {'clutter': 0.3803834708005218, 'clean': 0.4567044235388993}, 'n_cells': 68, 'n_out_of_bounds': 0}			computed	/data/narendhiran_rpx/docker-smoke/rcpe-production-da3-87eb4c5/da3/hard
da3	medium	{'phi_wilks': 0.8885785214706178, 'phi_pillai': 0.888578521470629, 'phi_conservative': 0.8885785214706178, 'p_value': 0.32291018726296694, 'n_eff': 33, 'K': 3, 's': 1, 'wilks_lambda': 0.8885785214706178, 'pillai_V': 0.11142147852937095}		medium	{'jedi': 0.41186625467082943, 'per_phase': {'clutter': 0.38661686818381497, 'clean': 0.43711564115784396}, 'n_cells': 66, 'n_out_of_bounds': 0}			computed	/data/narendhiran_rpx/docker-smoke/rcpe-production-da3-87eb4c5/da3/medium
dust3r	easy	{'phi_wilks': 0.9507792637860234, 'phi_pillai': 0.9507792637860272, 'phi_conservative': 0.9507792637860234, 'p_value': 0.6849267273755935, 'n_eff': 33, 'K': 3, 's': 1, 'wilks_lambda': 0.9507792637860234, 'pillai_V': 0.04922073621397283}		small	{'jedi': 0.18648275892218316, 'per_phase': {'clutter': 0.17002894831229773, 'clean': 0.20293656953206862}, 'n_cells': 66, 'n_out_of_bounds': 0}			computed	/data/narendhiran_rpx/docker-smoke/rcpe-production-dust3r-daf2dd7/dust3r/easy
dust3r	hard	{'phi_wilks': 0.9617629277689796, 'phi_pillai': 0.9617629277689774, 'phi_conservative': 0.9617629277689774, 'p_value': 0.7556958642779359, 'n_eff': 34, 'K': 3, 's': 1, 'wilks_lambda': 0.9617629277689796, 'pillai_V': 0.03823707223102253}		small	{'jedi': 0.17182162204826043, 'per_phase': {'clutter': 0.15847767346889907, 'clean': 0.18516557062762165}, 'n_cells': 68, 'n_out_of_bounds': 0}			computed	/data/narendhiran_rpx/docker-smoke/rcpe-production-dust3r-daf2dd7/dust3r/hard
dust3r	medium	{'phi_wilks': 0.9856300759453921, 'phi_pillai': 0.9856300759453982, 'phi_conservative': 0.9856300759453921, 'p_value': 0.9346360229705607, 'n_eff': 33, 'K': 3, 's': 1, 'wilks_lambda': 0.9856300759453921, 'pillai_V': 0.014369924054601853}		small	{'jedi': 0.17165657584435454, 'per_phase': {'clutter': 0.1667656767788589, 'clean': 0.1765474749098502}, 'n_cells': 66, 'n_out_of_bounds': 0}			computed	/data/narendhiran_rpx/docker-smoke/rcpe-production-dust3r-daf2dd7/dust3r/medium
fast3r	easy	{'phi_wilks': 0.9503602416213843, 'phi_pillai': 0.9503602416213827, 'phi_conservative': 0.9503602416213827, 'p_value': 0.6819240839447852, 'n_eff': 33, 'K': 3, 's': 1, 'wilks_lambda': 0.9503602416213843, 'pillai_V': 0.049639758378617296}		small	{'jedi': 0.278233949291639, 'per_phase': {'clutter': 0.2627227829571772, 'clean': 0.29374511562610084}, 'n_cells': 66, 'n_out_of_bounds': 0}			computed	/data/narendhiran_rpx/docker-smoke/rcpe-production-fast3r-87ef027/fast3r/easy
fast3r	hard	{'phi_wilks': 0.9508715995787255, 'phi_pillai': 0.950871599578727, 'phi_conservative': 0.9508715995787255, 'p_value': 0.6739809374889552, 'n_eff': 34, 'K': 3, 's': 1, 'wilks_lambda': 0.9508715995787255, 'pillai_V': 0.049128400421273005}		small	{'jedi': 0.285290754945678, 'per_phase': {'clutter': 0.27041264869340376, 'clean': 0.30016886119795233}, 'n_cells': 68, 'n_out_of_bounds': 0}			computed	/data/narendhiran_rpx/docker-smoke/rcpe-production-fast3r-87ef027/fast3r/hard
fast3r	medium	{'phi_wilks': 0.9502606497556572, 'phi_pillai': 0.9502606497556588, 'phi_conservative': 0.9502606497556572, 'p_value': 0.6812111852557537, 'n_eff': 33, 'K': 3, 's': 1, 'wilks_lambda': 0.9502606497556572, 'pillai_V': 0.04973935024434113}		small	{'jedi': 0.27599916565148125, 'per_phase': {'clutter': 0.25965473541214174, 'clean': 0.2923435958908207}, 'n_cells': 66, 'n_out_of_bounds': 0}			computed	/data/narendhiran_rpx/docker-smoke/rcpe-production-fast3r-87ef027/fast3r/medium
mast3r	easy	{'phi_wilks': 0.9746156094996248, 'phi_pillai': 0.9746156094996348, 'phi_conservative': 0.9746156094996248, 'p_value': 0.8594131464958191, 'n_eff': 33, 'K': 3, 's': 1, 'wilks_lambda': 0.9746156094996248, 'pillai_V': 0.025384390500365256}		small	{'jedi': 0.32664489154895515, 'per_phase': {'clutter': 0.3039003595740193, 'clean': 0.349389423523891}, 'n_cells': 66, 'n_out_of_bounds': 0}			computed	/data/narendhiran_rpx/docker-smoke/rcpe-production-mast3r-c90c85e/mast3r/easy
mast3r	hard	{'phi_wilks': 0.929291978991157, 'phi_pillai': 0.9292919789911532, 'phi_conservative': 0.9292919789911532, 'p_value': 0.5249098503511157, 'n_eff': 34, 'K': 3, 's': 1, 'wilks_lambda': 0.929291978991157, 'pillai_V': 0.07070802100884675}		medium	{'jedi': 0.35682520374556403, 'per_phase': {'clutter': 0.32465057109576245, 'clean': 0.38899983639536556}, 'n_cells': 68, 'n_out_of_bounds': 0}			computed	/data/narendhiran_rpx/docker-smoke/rcpe-production-mast3r-c90c85e/mast3r/hard
mast3r	medium	{'phi_wilks': 0.9744774695176688, 'phi_pillai': 0.9744774695176662, 'phi_conservative': 0.9744774695176662, 'p_value': 0.8584188530541965, 'n_eff': 33, 'K': 3, 's': 1, 'wilks_lambda': 0.9744774695176688, 'pillai_V': 0.02552253048233373}		small	{'jedi': 0.33975578048087135, 'per_phase': {'clutter': 0.31745102611273385, 'clean': 0.3620605348490087}, 'n_cells': 66, 'n_out_of_bounds': 0}			computed	/data/narendhiran_rpx/docker-smoke/rcpe-production-mast3r-c90c85e/mast3r/medium
monst3r	easy	{'phi_wilks': 0.9004093675226718, 'phi_pillai': 0.90040936752267, 'phi_conservative': 0.90040936752267, 'p_value': 0.37742960989177265, 'n_eff': 33, 'K': 3, 's': 1, 'wilks_lambda': 0.9004093675226718, 'pillai_V': 0.09959063247733}		medium	{'jedi': 0.1077492658370214, 'per_phase': {'clutter': 0.09690955881870833, 'clean': 0.11858897285533446}, 'n_cells': 66, 'n_out_of_bounds': 0}			computed	/data/narendhiran_rpx/docker-smoke/rcpe-production-monst3r-6a22959/monst3r/easy
monst3r	hard	{'phi_wilks': 0.8614902305579439, 'phi_pillai': 0.8614902305579409, 'phi_conservative': 0.8614902305579409, 'p_value': 0.20828074484318915, 'n_eff': 34, 'K': 3, 's': 1, 'wilks_lambda': 0.8614902305579439, 'pillai_V': 0.13850976944205906}		medium	{'jedi': 0.08906885595033413, 'per_phase': {'clutter': 0.07888943030163952, 'clean': 0.09924828159902879}, 'n_cells': 68, 'n_out_of_bounds': 0}			computed	/data/narendhiran_rpx/docker-smoke/rcpe-production-monst3r-6a22959/monst3r/hard
monst3r	medium	{'phi_wilks': 0.8053201289038132, 'phi_pillai': 0.8053201289038149, 'phi_conservative': 0.8053201289038132, 'p_value': 0.09436264089244817, 'n_eff': 33, 'K': 3, 's': 1, 'wilks_lambda': 0.8053201289038132, 'pillai_V': 0.1946798710961851}		large	{'jedi': 0.08427260701099878, 'per_phase': {'clutter': 0.05783195901902274, 'clean': 0.11071325500297483}, 'n_cells': 66, 'n_out_of_bounds': 0}			computed	/data/narendhiran_rpx/docker-smoke/rcpe-production-monst3r-6a22959/monst3r/medium
must3r	easy	{'phi_wilks': 0.9107475307859436, 'phi_pillai': 0.9107475307859314, 'phi_conservative': 0.9107475307859314, 'p_value': 0.4306412065313927, 'n_eff': 33, 'K': 3, 's': 1, 'wilks_lambda': 0.9107475307859436, 'pillai_V': 0.08925246921406857}		medium	{'jedi': 0.24935865231739993, 'per_phase': {'clutter': 0.23075376358961655, 'clean': 0.2679635410451833}, 'n_cells': 66, 'n_out_of_bounds': 0}			computed	/data/narendhiran_rpx/docker-smoke/rcpe-production-must3r-5d2726b/must3r/easy
must3r	hard	{'phi_wilks': 0.9212100983994204, 'phi_pillai': 0.9212100983994217, 'phi_conservative': 0.9212100983994204, 'p_value': 0.47489234325007823, 'n_eff': 34, 'K': 3, 's': 1, 'wilks_lambda': 0.9212100983994204, 'pillai_V': 0.07878990160057826}		medium	{'jedi': 0.28074395893666704, 'per_phase': {'clutter': 0.2484222190927972, 'clean': 0.3130656987805369}, 'n_cells': 68, 'n_out_of_bounds': 0}			computed	/data/narendhiran_rpx/docker-smoke/rcpe-production-must3r-5d2726b/must3r/hard
must3r	medium	{'phi_wilks': 0.9281633233211406, 'phi_pillai': 0.9281633233211299, 'phi_conservative': 0.9281633233211299, 'p_value': 0.532264492816521, 'n_eff': 33, 'K': 3, 's': 1, 'wilks_lambda': 0.9281633233211406, 'pillai_V': 0.07183667667887009}		medium	{'jedi': 0.27437743949212845, 'per_phase': {'clutter': 0.2460049727210767, 'clean': 0.3027499062631803}, 'n_cells': 66, 'n_out_of_bounds': 0}			computed	/data/narendhiran_rpx/docker-smoke/rcpe-production-must3r-5d2726b/must3r/medium
pi3x	easy	{'phi_wilks': 0.9316602219072079, 'phi_pillai': 0.9316602219072208, 'phi_conservative': 0.9316602219072079, 'p_value': 0.5544435135503795, 'n_eff': 33, 'K': 3, 's': 1, 'wilks_lambda': 0.9316602219072079, 'pillai_V': 0.06833977809277919}		medium	{'jedi': 0.36856641156925074, 'per_phase': {'clutter': 0.33557782195440905, 'clean': 0.40155500118409254}, 'n_cells': 66, 'n_out_of_bounds': 0}			computed	/data/narendhiran_rpx/docker-smoke/rcpe-production-pi3x-ae8a893/pi3x/easy
pi3x	hard	{'phi_wilks': 0.9230952719976724, 'phi_pillai': 0.9230952719976754, 'phi_conservative': 0.9230952719976724, 'p_value': 0.4862535735832697, 'n_eff': 34, 'K': 3, 's': 1, 'wilks_lambda': 0.9230952719976724, 'pillai_V': 0.07690472800232466}		medium	{'jedi': 0.39960570942951346, 'per_phase': {'clutter': 0.3693690768352936, 'clean': 0.4298423420237333}, 'n_cells': 68, 'n_out_of_bounds': 0}			computed	/data/narendhiran_rpx/docker-smoke/rcpe-production-pi3x-ae8a893/pi3x/hard
pi3x	medium	{'phi_wilks': 0.9267869546718595, 'phi_pillai': 0.926786954671866, 'phi_conservative': 0.9267869546718595, 'p_value': 0.5236932396311569, 'n_eff': 33, 'K': 3, 's': 1, 'wilks_lambda': 0.9267869546718595, 'pillai_V': 0.07321304532813397}		medium	{'jedi': 0.3710773215822439, 'per_phase': {'clutter': 0.343130111065348, 'clean': 0.39902453209913985}, 'n_cells': 66, 'n_out_of_bounds': 0}			computed	/data/narendhiran_rpx/docker-smoke/rcpe-production-pi3x-ae8a893/pi3x/medium
reloc3r	easy	{'phi_wilks': 0.918050152698383, 'phi_pillai': 0.9180501526983726, 'phi_conservative': 0.9180501526983726, 'p_value': 0.4714292250702242, 'n_eff': 33, 'K': 3, 's': 1, 'wilks_lambda': 0.918050152698383, 'pillai_V': 0.0819498473016273}		medium	{'jedi': 0.39980546732044997, 'per_phase': {'clutter': 0.3761063944164101, 'clean': 0.42350454022448986}, 'n_cells': 66, 'n_out_of_bounds': 0}			computed	/data/narendhiran_rpx/docker-smoke/rcpe-production-reloc3r-ffbf0f4/reloc3r/easy
reloc3r	hard	{'phi_wilks': 0.9131653142210815, 'phi_pillai': 0.9131653142210839, 'phi_conservative': 0.9131653142210815, 'p_value': 0.42852784430659496, 'n_eff': 34, 'K': 3, 's': 1, 'wilks_lambda': 0.9131653142210815, 'pillai_V': 0.0868346857789161}		medium	{'jedi': 0.40980373988396046, 'per_phase': {'clutter': 0.37854819952710234, 'clean': 0.44105928024081864}, 'n_cells': 68, 'n_out_of_bounds': 0}			computed	/data/narendhiran_rpx/docker-smoke/rcpe-production-reloc3r-ffbf0f4/reloc3r/hard
reloc3r	medium	{'phi_wilks': 0.8934692330636824, 'phi_pillai': 0.8934692330636734, 'phi_conservative': 0.8934692330636734, 'p_value': 0.34463988535370005, 'n_eff': 33, 'K': 3, 's': 1, 'wilks_lambda': 0.8934692330636824, 'pillai_V': 0.10653076693632656}		medium	{'jedi': 0.3821945168979675, 'per_phase': {'clutter': 0.35497350035438985, 'clean': 0.40941553344154524}, 'n_cells': 66, 'n_out_of_bounds': 0}			computed	/data/narendhiran_rpx/docker-smoke/rcpe-production-reloc3r-ffbf0f4/reloc3r/medium
vggt-omega	easy	{'phi_wilks': 0.955230390234588, 'phi_pillai': 0.9552303902345948, 'phi_conservative': 0.955230390234588, 'p_value': 0.7171140948123258, 'n_eff': 33, 'K': 3, 's': 1, 'wilks_lambda': 0.955230390234588, 'pillai_V': 0.04476960976540522}		small	{'jedi': 0.37107738879665386, 'per_phase': {'clutter': 0.34068143515029065, 'clean': 0.40147334244301713}, 'n_cells': 66, 'n_out_of_bounds': 0}			computed	/data/narendhiran_rpx/docker-smoke/rcpe-production-c3cb08c/vggt-omega/easy
vggt-omega	hard	{'phi_wilks': 0.8453057405379951, 'phi_pillai': 0.8453057405379875, 'phi_conservative': 0.8453057405379875, 'p_value': 0.16298018130788172, 'n_eff': 34, 'K': 3, 's': 1, 'wilks_lambda': 0.8453057405379951, 'pillai_V': 0.15469425946201257}		large	{'jedi': 0.38687535793404754, 'per_phase': {'clutter': 0.34635074915377845, 'clean': 0.4273999667143167}, 'n_cells': 68, 'n_out_of_bounds': 0}			computed	/data/narendhiran_rpx/docker-smoke/rcpe-production-vggt-c3cb08c/vggt-omega/hard
vggt-omega	medium	{'phi_wilks': 0.9368479876049483, 'phi_pillai': 0.9368479876049569, 'phi_conservative': 0.9368479876049483, 'p_value': 0.5883777769212615, 'n_eff': 33, 'K': 3, 's': 1, 'wilks_lambda': 0.9368479876049483, 'pillai_V': 0.06315201239504314}		medium	{'jedi': 0.3667365586200413, 'per_phase': {'clutter': 0.34532973298320835, 'clean': 0.3881433842568744}, 'n_cells': 66, 'n_out_of_bounds': 0}			computed	/data/narendhiran_rpx/docker-smoke/rcpe-production-c3cb08c/vggt-omega/medium
