model	split	phase	source_directory	rotation_error_deg	translation_angular_deg	pose_error_max_deg	translation_error_m	translation_l2	auc_5deg	auc_10deg	auc_20deg	n_pairs
cut3r	easy	0	/data/narendhiran_rpx/docker-smoke/rcpe-production-cut3r-9e21df3/cut3r/easy	1.0062609784363779	10.500525146626991	10.511582770357846	0.029516189285768907	0.029516189285768907	0.12413808529674919	0.32111094542201013	0.567485833581867	3353
cut3r	easy	2	/data/narendhiran_rpx/docker-smoke/rcpe-production-cut3r-9e21df3/cut3r/easy	0.9195818494326992	9.770588821110792	9.780322875463511	0.030548619790744747	0.030548619790744747	0.16401895877219377	0.3828197411977129	0.612594041528739	3323
cut3r	hard	0	/data/narendhiran_rpx/docker-smoke/rcpe-production-cut3r-9e21df3/cut3r/hard	1.0477882819073723	10.128343634602208	10.138012962171778	0.0564835126514547	0.0564835126514547	0.1322190118462872	0.3501329095637099	0.6058985842242126	3461
cut3r	hard	2	/data/narendhiran_rpx/docker-smoke/rcpe-production-cut3r-9e21df3/cut3r/hard	0.9891884664938854	7.466130510394567	7.480160923059081	0.03384319283741246	0.03384319283741246	0.1776726155646577	0.41925980105324745	0.6667612638970157	3418
cut3r	medium	0	/data/narendhiran_rpx/docker-smoke/rcpe-production-cut3r-9e21df3/cut3r/medium	1.0610254603677798	10.357910430095632	10.367806463676061	0.03611064908622074	0.03611064908622074	0.1197366855102648	0.32883219279976195	0.5723371020529603	3361
cut3r	medium	2	/data/narendhiran_rpx/docker-smoke/rcpe-production-cut3r-9e21df3/cut3r/medium	0.932722235550676	9.785953791251035	9.795855348796941	0.03233000653849828	0.03233000653849828	0.1607722122838402	0.3889072748956469	0.6175372689326177	3354
da3	easy	0	/data/narendhiran_rpx/docker-smoke/rcpe-production-da3-87eb4c5/da3/easy	0.7700872171177646	6.734282798205414	6.745395445111228			0.2008768267223382	0.45175365344467633	0.6861452430659111	3353
da3	easy	2	/data/narendhiran_rpx/docker-smoke/rcpe-production-da3-87eb4c5/da3/easy	0.7148189455137695	5.765919016167375	5.7811279679313765			0.26826512187782126	0.5239662955160999	0.7305371652121577	3323
da3	hard	0	/data/narendhiran_rpx/docker-smoke/rcpe-production-da3-87eb4c5/da3/hard	0.7923789715252103	8.170304235218683	8.179878842253924			0.20374747182895114	0.45216989309448136	0.6810618318405086	3461
da3	hard	2	/data/narendhiran_rpx/docker-smoke/rcpe-production-da3-87eb4c5/da3/hard	0.7519528526110096	5.507090360348029	5.521514130407643			0.2669324166179052	0.5220406670567582	0.7375863077823287	3418
da3	medium	0	/data/narendhiran_rpx/docker-smoke/rcpe-production-da3-87eb4c5/da3/medium	0.7924714791715101	6.693709780473365	6.702084777760964			0.2094659327581077	0.45714817018744425	0.6884245760190418	3361
da3	medium	2	/data/narendhiran_rpx/docker-smoke/rcpe-production-da3-87eb4c5/da3/medium	0.7311422471353612	6.315810357000666	6.329293357665834			0.2534511031604055	0.5088446630888492	0.7181768038163386	3354
dust3r	easy	0	/data/narendhiran_rpx/docker-smoke/rcpe-production-dust3r-daf2dd7/dust3r/easy	1.2238650772674604	16.8992380604829	17.139650266079514			0.06973903966597075	0.2015120787354608	0.4151312257679689	3353
dust3r	easy	2	/data/narendhiran_rpx/docker-smoke/rcpe-production-dust3r-daf2dd7/dust3r/easy	1.0855753381265356	14.953821733681503	15.148091043065504			0.08903851941017152	0.23965242250978025	0.4600586819139333	3323
dust3r	hard	0	/data/narendhiran_rpx/docker-smoke/rcpe-production-dust3r-daf2dd7/dust3r/hard	1.0815069657606122	16.91542613989258	16.98828269666199			0.0644091303091592	0.1888500433400751	0.39518780699219874	3461
dust3r	hard	2	/data/narendhiran_rpx/docker-smoke/rcpe-production-dust3r-daf2dd7/dust3r/hard	1.0684967722844734	14.901585261885332	14.986968263465599			0.0773390871854886	0.21547981275599765	0.4279330017554125	3418
dust3r	medium	0	/data/narendhiran_rpx/docker-smoke/rcpe-production-dust3r-daf2dd7/dust3r/medium	1.068452189490312	16.402547817098363	16.518919850571155			0.06974114846771792	0.20908806902707527	0.4202127343052663	3361
dust3r	medium	2	/data/narendhiran_rpx/docker-smoke/rcpe-production-dust3r-daf2dd7/dust3r/medium	1.0047337909907879	15.842233329727723	15.978697872174283			0.07159361955873582	0.2108989266547406	0.4251416219439476	3354
fast3r	easy	0	/data/narendhiran_rpx/docker-smoke/rcpe-production-fast3r-87ef027/fast3r/easy	1.0813500590020888	10.227519778869572	10.2356327713151			0.11853713092752756	0.31314047121980304	0.5601014017297941	3353
fast3r	easy	2	/data/narendhiran_rpx/docker-smoke/rcpe-production-fast3r-87ef027/fast3r/easy	1.0748172654734176	10.475901617907732	10.486474125617912			0.14242250978031895	0.35691393319289794	0.5893575082756546	3323
fast3r	hard	0	/data/narendhiran_rpx/docker-smoke/rcpe-production-fast3r-87ef027/fast3r/hard	1.0521336302983173	10.432666762721857	10.443930170657328			0.11464027737648075	0.3278488876047385	0.594789078301069	3461
fast3r	hard	2	/data/narendhiran_rpx/docker-smoke/rcpe-production-fast3r-87ef027/fast3r/hard	1.0256380782278656	8.425576878004081	8.43519077057355			0.1333074897600936	0.35071971913399647	0.6148098303101228	3418
fast3r	medium	0	/data/narendhiran_rpx/docker-smoke/rcpe-production-fast3r-87ef027/fast3r/medium	1.1406106117772092	10.392275464302669	10.406095836035913			0.11112317762570664	0.3112124367747694	0.5665412079738172	3361
fast3r	medium	2	/data/narendhiran_rpx/docker-smoke/rcpe-production-fast3r-87ef027/fast3r/medium	1.0177787203802295	10.530312699605659	10.541436082010554			0.13265802027429935	0.3498703041144902	0.5932722122838401	3354
mast3r	easy	0	/data/narendhiran_rpx/docker-smoke/rcpe-production-mast3r-c90c85e/mast3r/easy	0.8653225205157475	11.301244070541474	11.309301472239326			0.15504324485535342	0.3586459886668655	0.5676796898300029	3353
mast3r	easy	2	/data/narendhiran_rpx/docker-smoke/rcpe-production-mast3r-c90c85e/mast3r/easy	0.8246270569570011	9.305868629662331	9.318659588528938			0.1961315076737887	0.4158320794462834	0.6224932290099308	3323
mast3r	hard	0	/data/narendhiran_rpx/docker-smoke/rcpe-production-mast3r-c90c85e/mast3r/hard	0.9055490209329387	9.892838022934042	9.903647961500369			0.1701849176538573	0.391462005200809	0.6195738225946258	3461
mast3r	hard	2	/data/narendhiran_rpx/docker-smoke/rcpe-production-mast3r-c90c85e/mast3r/hard	0.855699566003773	7.1366114844858854	7.14945000523879			0.2095377413692218	0.44653598595669974	0.6732606787595083	3418
mast3r	medium	0	/data/narendhiran_rpx/docker-smoke/rcpe-production-mast3r-c90c85e/mast3r/medium	0.878966800169676	10.12076542777793	10.130483950483248			0.16994644451056232	0.3804001785182981	0.5943588217792324	3361
mast3r	medium	2	/data/narendhiran_rpx/docker-smoke/rcpe-production-mast3r-c90c85e/mast3r/medium	0.8290710125968578	8.747716064192835	8.774966143284814			0.19987179487179488	0.4287835420393559	0.6421794871794873	3354
monst3r	easy	0	/data/narendhiran_rpx/docker-smoke/rcpe-production-monst3r-6a22959/monst3r/easy	1.3483074340111578	29.311108982713225	29.342669162299803			0.03927378467044437	0.10902624515359378	0.24972263644497467	3353
monst3r	easy	2	/data/narendhiran_rpx/docker-smoke/rcpe-production-monst3r-6a22959/monst3r/easy	1.2924667669635017	24.27179729062364	24.324789664822912			0.047491724345470956	0.14228558531447488	0.3114234125789949	3323
monst3r	hard	0	/data/narendhiran_rpx/docker-smoke/rcpe-production-monst3r-6a22959/monst3r/hard	1.3128289542909488	27.800942692679406	27.850894351638562			0.031324761629586834	0.0921612250794568	0.21944380236925745	3461
monst3r	hard	2	/data/narendhiran_rpx/docker-smoke/rcpe-production-monst3r-6a22959/monst3r/hard	1.2655283215342576	22.772833700172427	22.82324771357275			0.043845816266822706	0.12253657109420715	0.283642480983031	3418
monst3r	medium	0	/data/narendhiran_rpx/docker-smoke/rcpe-production-monst3r-6a22959/monst3r/medium	1.410352324700251	30.993219738936574	31.03892775359676			0.021242189824457008	0.07561588812853318	0.19804819994049389	3361
monst3r	medium	2	/data/narendhiran_rpx/docker-smoke/rcpe-production-monst3r-6a22959/monst3r/medium	1.2113181676004634	25.56168309916017	25.571926903624597			0.044026535480023846	0.12471079308288609	0.27572003577817533	3354
must3r	easy	0	/data/narendhiran_rpx/docker-smoke/rcpe-production-must3r-5d2726b/must3r/easy	0.8895730025556663	11.655500102742211	11.662193757323143			0.10487921264539217	0.28784073963614676	0.5230241574709215	3353
must3r	easy	2	/data/narendhiran_rpx/docker-smoke/rcpe-production-must3r-5d2726b/must3r/easy	0.8249909597672449	10.271848824700864	10.27910329717468			0.13040325007523323	0.32441017153174834	0.5631838699969907	3323
must3r	hard	0	/data/narendhiran_rpx/docker-smoke/rcpe-production-must3r-5d2726b/must3r/hard	0.8404482642105403	11.570622500170062	11.575044316842835			0.10782577289800635	0.29742559953770586	0.5454882981797169	3461
must3r	hard	2	/data/narendhiran_rpx/docker-smoke/rcpe-production-must3r-5d2726b/must3r/hard	0.8127070472276829	8.543963369443178	8.550934301247574			0.1494850789935635	0.3642700409596255	0.6128803393797543	3418
must3r	medium	0	/data/narendhiran_rpx/docker-smoke/rcpe-production-must3r-5d2726b/must3r/medium	0.8824517925364271	11.088000633646411	11.09469576915812			0.11576911633442429	0.30448378458792025	0.5403243082415947	3361
must3r	medium	2	/data/narendhiran_rpx/docker-smoke/rcpe-production-must3r-5d2726b/must3r/medium	0.8256175960871397	10.311612235560803	10.320515105036778			0.1491293977340489	0.35314400715563504	0.5811687537268934	3354
pi3x	easy	0	/data/narendhiran_rpx/docker-smoke/rcpe-production-pi3x-ae8a893/pi3x/easy	0.8006728251764883	7.95121484044132	7.963453221721497	0.040951774934268895	0.040951774934268895	0.17200417536534446	0.3975290784372204	0.6341977333730987	3353
pi3x	easy	2	/data/narendhiran_rpx/docker-smoke/rcpe-production-pi3x-ae8a893/pi3x/easy	0.7522837631035602	6.95412253262215	6.964843245348032	0.02891759513945816	0.02891759513945816	0.22621275955461928	0.46792356304544097	0.6839557628648812	3323
pi3x	hard	0	/data/narendhiran_rpx/docker-smoke/rcpe-production-pi3x-ae8a893/pi3x/hard	0.8096762787556806	8.528960706785897	8.541984417980903	0.06992803778794336	0.06992803778794336	0.19625541750939032	0.43256428777809874	0.6634729846865068	3461
pi3x	hard	2	/data/narendhiran_rpx/docker-smoke/rcpe-production-pi3x-ae8a893/pi3x/hard	0.7547920753775513	5.908464523139269	5.920884007161545	0.03830120225684874	0.03830120225684874	0.2389365125804564	0.4959801053247513	0.7190710942071387	3418
pi3x	medium	0	/data/narendhiran_rpx/docker-smoke/rcpe-production-pi3x-ae8a893/pi3x/medium	0.8355534415545253	7.912855390083989	7.92072559231762	0.052711881378638005	0.052711881378638005	0.17565903005058012	0.4033219279976197	0.63739809580482	3361
pi3x	medium	2	/data/narendhiran_rpx/docker-smoke/rcpe-production-pi3x-ae8a893/pi3x/medium	0.7329469653203373	7.063912485000603	7.074743144572187	0.0346314807172923	0.0346314807172923	0.21828413834227786	0.46414281454979134	0.6845736434108527	3354
reloc3r	easy	0	/data/narendhiran_rpx/docker-smoke/rcpe-production-reloc3r-ffbf0f4/reloc3r/easy	0.8226902867554357	7.105013902039483	7.118224177351953			0.20032806441992243	0.4400715776916194	0.6703892036981806	3353
reloc3r	easy	2	/data/narendhiran_rpx/docker-smoke/rcpe-production-reloc3r-ffbf0f4/reloc3r/easy	0.7781454886077147	6.614015041188419	6.625597532164805			0.24461029190490519	0.4962263015347578	0.7062594041528738	3323
reloc3r	hard	0	/data/narendhiran_rpx/docker-smoke/rcpe-production-reloc3r-ffbf0f4/reloc3r/hard	0.8289923596400627	8.197785913551776	8.212157313983504			0.2053770586535683	0.4510878358855822	0.6793065587980351	3461
reloc3r	hard	2	/data/narendhiran_rpx/docker-smoke/rcpe-production-reloc3r-ffbf0f4/reloc3r/hard	0.799911382987147	5.765844412837627	5.782354264163674			0.2503525453481569	0.5073902867173786	0.7291486249268578	3418
reloc3r	medium	0	/data/narendhiran_rpx/docker-smoke/rcpe-production-reloc3r-ffbf0f4/reloc3r/medium	0.8429849641686212	7.306543250308451	7.316338228062001			0.18715709610235046	0.43305415055043134	0.6655638202915798	3361
reloc3r	medium	2	/data/narendhiran_rpx/docker-smoke/rcpe-production-reloc3r-ffbf0f4/reloc3r/medium	0.7826687469223108	7.094722936858194	7.10625050566374			0.22952146690518777	0.47968545020870607	0.6927057245080503	3354
vggt-omega	easy	0	/data/narendhiran_rpx/docker-smoke/rcpe-production-c3cb08c/vggt-omega/easy	0.8086274384469336	8.249607232499603	8.25783390616722			0.17587980912615567	0.39719355800775413	0.6271354011333135	3353
vggt-omega	easy	2	/data/narendhiran_rpx/docker-smoke/rcpe-production-c3cb08c/vggt-omega/easy	0.7514956426794338	6.813967030058019	6.826348034978725			0.2201068311766476	0.46392416491122457	0.6844372554920254	3323
vggt-omega	hard	0	/data/narendhiran_rpx/docker-smoke/rcpe-production-vggt-c3cb08c/vggt-omega/hard	0.8100439406053946	9.231322175357784	9.24124607314995			0.17394105749783298	0.40817538283733024	0.6406356544351344	3461
vggt-omega	hard	2	/data/narendhiran_rpx/docker-smoke/rcpe-production-vggt-c3cb08c/vggt-omega/hard	0.7504565811014313	6.0202842171279904	6.033189098990872			0.24010386190754823	0.4923434757167935	0.7163575190169691	3418
vggt-omega	medium	0	/data/narendhiran_rpx/docker-smoke/rcpe-production-c3cb08c/vggt-omega/medium	0.8275860311796237	7.9690151430692415	7.977185015168453			0.17529753049687594	0.40683576316572445	0.6390493900624814	3361
vggt-omega	medium	2	/data/narendhiran_rpx/docker-smoke/rcpe-production-c3cb08c/vggt-omega/medium	0.7419993661592973	7.459706554177313	7.46889275693875			0.21088849135360763	0.46145945140131184	0.6820125223613597	3354
