anchor_relative_rotation_mean_deg,anchor_relative_rotation_rmse_deg,anchor_relative_translation_mean_m,anchor_relative_translation_rmse_m,detection_coverage,first_matched_frame,last_matched_frame,matched_frames,mean_detected_frame_gap,mean_marker_count,mean_reprojection_rmse_px,object_id,raw_detected_frames,raw_detection_coverage,rotation_vector_correlation.all_components,rotation_vector_correlation.magnitude,rotation_vector_correlation.x,rotation_vector_correlation.y,rotation_vector_correlation.z,sequence,static_board_rotation_drift_rmse_deg,static_board_translation_drift_rmse_m,step_rotation_rmse_deg,step_translation_rmse_m,total_paired_frames,translation_correlation.all_components,translation_correlation.magnitude,translation_correlation.x,translation_correlation.y,translation_correlation.z
9.64602267716819,20.104271223251143,0.16102489893298078,0.3251373567466322,0.612,15,499,306,1.5868852459016394,3.552287581699346,0.8830693044856815,air_duster_can,384,0.768,0.9493913726967464,0.9718752830549251,0.6511699433990109,0.9597023898766509,0.9702467051051058,/media/naren/New Volume/rpx/objects/air_duster_can/0,20.10427122325115,0.10216824923152415,16.481147125775355,0.2543969990770426,500,0.9242520849498286,0.9179103034343693,0.9326729892631942,0.9152161044020217,0.9106381884823107
7.246692428472464,10.062038900739488,0.0938944553836729,0.14420219356486585,0.468,11,499,234,2.0944206008583692,3.299145299145299,0.8820661251562858,alarm_clock,283,0.566,0.9932968899358234,0.9988265637429256,0.8824313070985632,0.9886735678565345,0.9987734406788126,/media/naren/New Volume/rpx/objects/alarm_clock/0,10.062038900739216,0.1074720889943498,11.188478552750517,0.15677053939797492,500,0.9826767773066077,0.9255332587417266,0.9839602324874072,0.9789957236869019,0.9732362538002264
3.7188666636116943,4.189193845558694,0.05374699444030543,0.06154679327645692,0.254,214,497,127,2.246031746031746,2.47244094488189,0.9086736737494805,apple,199,0.398,0.9984928769523241,0.9998813699920067,0.9942098150884487,0.9999180679530749,0.999904328741259,/media/naren/New Volume/rpx/objects/apple/0,4.189193845558588,0.05735739052639933,1.2862884860749375,0.018723187153889972,500,0.9982306049675251,0.9983186456526673,0.998666702722803,0.9991135692507846,0.9963828066348588
9.504774220687613,18.66182122949297,0.1768371586435452,0.34437081897691835,0.596,116,499,298,1.2895622895622896,3.714765100671141,0.8851801279444776,baking_tray.1,355,0.71,0.9807467533891623,0.967867246849623,0.9742894467533662,0.9729211698314922,0.9913625794607905,/media/naren/New Volume/rpx/objects/baking_tray.1/0,18.661821229493025,0.13925499365475358,14.627093233124302,0.23424541189207243,500,0.955417496845445,0.9172475482309448,0.8729517539830051,0.9683488387243838,0.882652397480831
32.63511032541281,38.44575374611005,0.49640093910866506,0.6034758410491953,0.568,1,499,284,1.7597173144876326,3.2816901408450705,0.9630377582343563,banana,383,0.766,0.8542432515734095,0.9955050290440827,0.5315139877069112,0.7066585266250519,0.9450797706343214,/media/naren/New Volume/rpx/objects/banana/0,38.4457537461101,0.18469765795090842,19.264736645615038,0.2845660304332046,500,0.8254459215548787,0.4787670973855256,0.8018328286175856,0.852998376012864,0.38571924083434234
3.2172286994231527,7.447038011289581,0.05498011139623503,0.1260077302113959,0.372,12,499,186,2.6324324324324326,3.1021505376344085,0.8789447829852605,baseball_ball,255,0.51,0.9934174121068141,0.9996939606567488,0.8756567593721023,0.9910609079157399,0.9971209609911601,/media/naren/New Volume/rpx/objects/baseball_ball/0,7.44703801128974,0.057072687419364214,10.540473173922077,0.16976626576080941,500,0.9825554456384231,0.980711761423003,0.9718019879081091,0.9914289410950196,0.9648389414559904
4.317405881895304,4.4658716597447246,0.05486256799353326,0.057210650306814256,0.158,0,499,79,6.397435897435898,3.518987341772152,0.6108542132874745,basting_brush.1,115,0.23,0.9977872497630551,0.9998952914494407,0.9187093018269238,0.9996117139800562,0.9999236109533497,/media/naren/New Volume/rpx/objects/basting_brush.1/0,4.465871659744492,0.09308364333454097,1.428898984994777,0.019342980265785736,500,0.9982127351227513,0.9993203566396819,0.9996294076993002,0.9973259050716999,0.996790177310445
6.7676459043025705,16.90583934419348,0.09130834521980903,0.21787868264271978,0.536,0,499,268,1.8689138576779025,3.205223880597015,0.8885765334561241,beanie.2,363,0.726,0.9534129046109661,0.9877913776525145,0.5561844078398132,0.9558013550603317,0.9715606354590194,/media/naren/New Volume/rpx/objects/beanie.2/0,16.905839344193346,0.09047753001222751,19.952803687651045,0.2533662532248922,500,0.9670179659604402,0.9730281151391724,0.9419442637076471,0.9694619567535638,0.9755728409245142
12.22068804744584,24.11855124918681,0.19393000273041341,0.32632632071307355,0.6,0,499,300,1.6688963210702341,3.18,0.9734750264326616,bear.1,384,0.768,0.9695785246671159,0.9758266796491223,0.5763113261330842,0.9821017036789019,0.9965507045780936,/media/naren/New Volume/rpx/objects/bear.1/0,24.118551249186826,0.12076421909137723,22.232599243565993,0.2866730956199753,500,0.9367775974398969,0.9030841095725073,0.9068737036613977,0.7848221054203988,0.9179877568342291
4.188665104729514,8.656241581348269,0.10845384881430295,0.15755132513953454,0.438,5,499,219,2.2660550458715596,3.5114155251141552,0.8396988814190761,book.3,284,0.568,0.9545575832428329,0.9998903161290922,0.9121943038500071,0.9528754253103147,0.9523361529003425,/media/naren/New Volume/rpx/objects/book.3/0,8.656241581348002,0.09656294591087086,12.224967531122163,0.172842582382132,500,0.9963879502720587,0.9775956808787517,0.9896468464240016,0.9831258487882709,0.982430289631773
3.1323372662541766,3.3976396830216684,0.0679698344120071,0.07141158825517284,0.646,0,499,323,1.549689440993789,3.5046439628482973,0.8527917755154396,boot.2,409,0.818,0.9735360857677889,0.9999020430077654,0.9764073384844768,0.9726243900550652,0.9760656352758177,/media/naren/New Volume/rpx/objects/boot.2/0,3.397639683021095,0.07649923050323632,1.3909864574460316,0.023442466192264273,500,0.9972584252538909,0.9991142239999815,0.9990087023795863,0.9990396945873322,0.9934544719614788
2.703656811617101,6.890636130586541,0.08467662646955859,0.11431588226525644,0.618,6,499,309,1.6006493506493507,3.511326860841424,0.9030346043353662,bowl.1,399,0.798,0.9766593730595282,0.9982493570005697,0.9357650879941198,0.9746534156735583,0.978674830563671,/media/naren/New Volume/rpx/objects/bowl.1/0,6.8906361305866906,0.07954270122035455,7.52555670682038,0.10285911054339074,500,0.9954322933871882,0.9920879469154954,0.9849215056286071,0.9946954832468383,0.993540588806884
20.79018091346087,21.669095979196744,0.26262030189471464,0.2815191246793767,0.48,109,499,240,1.6317991631799162,3.5875,0.8693743515401626,cable,299,0.598,0.9440389847200285,0.994231262544933,0.5961619009537735,0.9505510590174976,0.9699014109681681,/media/naren/New Volume/rpx/objects/cable/0,21.669095979196737,0.14260152214601277,11.547991791546306,0.13986258607064453,500,0.936923717902461,0.849253629628139,0.9657570078737048,0.9854156653971312,0.9247654960901177
4.908941761373243,6.892574164182366,0.10840421998397223,0.12508583597625972,0.396,87,499,198,2.0913705583756346,3.111111111111111,0.8951320209470011,candy_bar.1,305,0.61,0.9970036700875778,0.9995526869664286,0.8191950406119568,0.9981335242599478,0.9998619015649786,/media/naren/New Volume/rpx/objects/candy_bar.1/0,6.892574164182341,0.08707764201182597,7.978495927430422,0.09971130720394406,500,0.9940751385936343,0.988141119405831,0.9944649769088758,0.9949532834954515,0.995493973791404
6.635529133460088,9.641931246859771,0.10231138265969254,0.1401405579780815,0.414,0,467,207,2.266990291262136,3.0386473429951693,0.902453017132322,cleaning_brush,285,0.57,0.9744335586615587,0.9982448068481964,0.8487463768747804,0.9719238697253832,0.9802745402689088,/media/naren/New Volume/rpx/objects/cleaning_brush/0,9.641931246859631,0.0872267545030167,11.543646807028319,0.15043742033981627,500,0.994330061277458,0.9757533165244288,0.987397363543416,0.9826807185467129,0.9812724513549171
3.3484964466535647,5.7371545439046105,0.14779133223688523,0.18601329410074713,0.242,23,499,121,3.966666666666667,2.9834710743801653,0.8304116881462057,coffee_bottle,209,0.418,0.998050858227063,0.9988196521275223,0.4242913797433734,0.9995226624217106,0.999682285700016,/media/naren/New Volume/rpx/objects/coffee_bottle/0,5.737154543904723,0.20212796753899104,7.435458237520877,0.0724608144576444,500,0.979366691759038,0.9978803704789575,0.9657607656643636,0.9944273744794845,0.9954142344859704
1.7764498899274987,1.9397174191967455,0.06653255213767054,0.07133271966195974,0.338,8,499,169,2.9226190476190474,3.06508875739645,0.8039723421014334,coffee_can.1,294,0.588,0.9413012660814061,0.9997772019862748,0.8894036431929798,0.9355015389879684,0.9419633216696692,/media/naren/New Volume/rpx/objects/coffee_can.1/0,1.9397174191971527,0.07856559604288146,1.259558351303589,0.01756521982888553,500,0.9985485075655368,0.9992360916454972,0.9981600012331575,0.9990725195258062,0.9993881233035884
6.079905918944181,8.320222380791023,0.08065322893279508,0.10443451805580002,0.166,52,466,83,5.048780487804878,2.3734939759036147,0.8148776756241627,cracker_box,148,0.296,0.9936464410933217,0.9986237978746129,0.3949377685611173,0.9996338941216868,0.9998867149408538,/media/naren/New Volume/rpx/objects/cracker_box/0,8.320222380790907,0.0764817251129922,8.288317054180027,0.09677143827792505,500,0.9867927134809635,0.996899567151007,0.9912500654627375,0.9858150934758523,0.9906658760436734
5.967472880205192,7.766588859553847,0.08160891212047197,0.1034246267090207,0.272,103,466,136,2.688888888888889,2.4338235294117645,0.872548578530715,cup.1,225,0.45,0.9662914279363707,0.9994244550950947,0.7772966363272977,0.9728049374606728,0.9614265997920265,/media/naren/New Volume/rpx/objects/cup.1/0,7.766588859554095,0.1058785815890909,6.493903258595585,0.06712186276940928,500,0.9948625379809011,0.9831269994277286,0.9925101981672506,0.9926547927737356,0.9518009428536021
1.9448671205942374,2.176841030645922,0.0476876938992241,0.05628794471029273,0.624,0,499,312,1.6045016077170418,3.105769230769231,0.8703759747523936,doll.1,405,0.81,0.9760107226701931,0.9998933299101034,0.9762827920507007,0.9754847877069418,0.9774781843969518,/media/naren/New Volume/rpx/objects/doll.1/0,2.1768410306459476,0.05766590306982517,1.214076958186058,0.017354072994378956,500,0.9975604742324945,0.9995489140512047,0.9960099948511874,0.9989899467129777,0.9977702479801608
6.2254054545494215,6.315681172434019,0.0921793050900838,0.09342150982117346,0.078,17,499,39,12.68421052631579,3.5641025641025643,0.6850157112839087,food_bag,118,0.236,0.9979328592931858,0.9999554256224022,0.8721261496282032,0.9996197662424542,0.999332819709574,/media/naren/New Volume/rpx/objects/food_bag/0,6.315681172433957,0.12533280640384345,1.0929087677988307,0.016234605352154527,500,0.9987187496671931,0.9985569866137054,0.9481005154548204,0.998942965422963,0.9956904625829143
6.150467888381491,17.482310375719315,0.13603012159206823,0.3526545131750666,0.302,0,499,151,3.3266666666666667,3.019867549668874,0.8104660985798704,fry_pan.1,232,0.464,0.946662772578611,0.9788980957561599,0.530717247916373,0.9542298012634762,0.9610491439665108,/media/naren/New Volume/rpx/objects/fry_pan.1/0,17.482310375719305,0.11123496184537633,21.585735259011415,0.42751662733209234,500,0.9717551103816321,0.9723485012979679,0.8706587941256878,0.9243973248310974,0.9611997263723613
3.546153476557835,5.68669572961684,0.05875802940314359,0.07694703649646327,0.376,197,458,188,1.3957219251336899,3.1595744680851063,0.9053623544485621,game_controller,256,0.512,0.9679589346078975,0.9986018845287643,0.8905940665901184,0.9617120885005871,0.9742090295795031,/media/naren/New Volume/rpx/objects/game_controller/0,5.686695729616914,0.07444459299315206,5.449538527830983,0.05796813277395583,500,0.9952048811553897,0.9936735765880357,0.9976055856238195,0.995644044128783,0.9805915369078958
6.229928060315596,15.704890752169758,0.11104445835989193,0.17472442957203063,0.278,2,496,139,3.579710144927536,3.3956834532374103,0.9185879944913414,glove.2,198,0.396,0.7037254272476202,0.9997328114565627,0.9407510853473187,0.8776015318879253,0.4892673490487848,/media/naren/New Volume/rpx/objects/glove.2/0,15.70489075216962,0.10810285079786627,12.99356813050317,0.14039427053518588,500,0.9924492567972941,0.9636800624560121,0.9946052095250921,0.9762383698570879,0.9753159038290786
3.1055287476516775,3.2128965008772385,0.06335463481653565,0.06707012150677914,0.188,1,499,94,5.354838709677419,2.6382978723404253,0.7978367614368619,glue_bottle.1,153,0.306,0.999396052508016,0.999816348279519,0.997628437619502,0.999952166968284,0.9997766248194392,/media/naren/New Volume/rpx/objects/glue_bottle.1/0,3.2128965008775525,0.0671182318375332,1.4127060322366487,0.024314293447887242,500,0.9994409996401219,0.9985969356542471,0.9986439166951684,0.9973936559097791,0.9976095116857937
3.164110389757647,3.365779565967537,0.04063067248975408,0.04407640652283595,0.144,335,455,72,1.6901408450704225,2.7777777777777777,0.8907007273003301,hairbrush,189,0.378,0.9427575257378397,0.999700042228162,0.9640047291751954,0.9404835333553947,0.9417166572498505,/media/naren/New Volume/rpx/objects/hairbrush/0,3.3657795659676424,0.07472920722621322,0.9418126637256796,0.011650807914840803,500,0.999479665754034,0.9997207470494537,0.9973391010904017,0.9997342042826658,0.999737730588448
5.993514861802548,15.645083653690953,0.12126761962740376,0.26538529185589094,0.296,0,499,148,3.3945578231292517,3.0405405405405403,0.7667471268764593,hammer.2,207,0.414,0.9858950508779983,0.9971022503493137,0.6296724357767334,0.9840595643615115,0.9947268025219411,/media/naren/New Volume/rpx/objects/hammer.2/0,15.645083653690799,0.11275723816913814,21.507771756400277,0.3609270381928673,500,0.9845605244124334,0.9507491791124808,0.9331159178688891,0.9566445966814817,0.9579878288144296
3.156085153044432,7.730534931481034,0.08805142788063858,0.13488692585317033,0.41,0,499,205,2.446078431372549,3.204878048780488,0.7906464669656469,handy_pot,318,0.636,0.9950484953450525,0.999684554107654,0.950464875535866,0.9951299103020145,0.9965564351034452,/media/naren/New Volume/rpx/objects/handy_pot/0,7.7305349314808955,0.08324582951398624,8.953028514705437,0.12496728301597469,500,0.9925330919166762,0.9693681930321276,0.9885480327656316,0.9868747437111054,0.9794488997871796
10.274066120388166,18.538575743577606,0.169220748923601,0.30119200754675357,0.556,4,498,278,1.7833935018050542,3.08273381294964,0.9632366160272403,hat.1,377,0.754,0.9831088817262678,0.9926830353924161,0.6027756625999401,0.9837997857185129,0.9970754776643564,/media/naren/New Volume/rpx/objects/hat.1/0,18.53857574357747,0.13410053715445622,19.093296714461157,0.3089407822569355,500,0.9642680269884599,0.9032269352638025,0.8887886730830298,0.9457096138784502,0.9286254596225967
10.61933878265582,22.920338409331315,0.23038538252446034,0.4255046862077731,0.328,4,499,164,3.03680981595092,3.0060975609756095,1.0203442288932483,headphone,245,0.49,0.9431958113220266,0.9928535964554639,0.8536812775783569,0.940628406546001,0.9650236353917485,/media/naren/New Volume/rpx/objects/headphone/0,22.920338409331304,0.15261623731638518,15.20069725331623,0.2764392933109876,500,0.9654702777685981,0.8899821556504546,0.7252685360678157,0.955164320103418,0.9004400243597765
2.4947086415604334,2.6996228254739756,0.17667631011198295,0.23374283826023226,0.292,7,499,146,3.393103448275862,3.3013698630136985,0.8443446930743337,helmet,243,0.486,0.9795992530799971,0.9996885649305182,0.9717826901171586,0.9807112210937335,0.9781428686309215,/media/naren/New Volume/rpx/objects/helmet/0,2.699622825474418,0.24405558548434264,1.8461796753370605,0.026640122133941048,500,0.9835646091054208,0.955916330473717,0.8484978770987591,0.940630367878992,0.9901364062921718
7.390517103186422,20.312252864044847,0.17570137945866238,0.3886637888294532,0.362,0,499,181,2.772222222222222,3.3812154696132595,0.7974732557735796,instant_noodle_packet,236,0.472,0.9711038182294048,0.9845431392204218,0.409905233896542,0.9826161624446835,0.9908822849167314,/media/naren/New Volume/rpx/objects/instant_noodle_packet/0,20.3122528640447,0.11851216902775112,25.904364822971285,0.4738059269367832,500,0.9464385272741824,0.9553402117775237,0.8356343915038529,0.9373930569753786,0.9601852517411565
1.9017321412498651,2.1049743063973487,0.0555841830279084,0.06265618099239155,0.072,18,467,36,12.82857142857143,2.9166666666666665,0.9041271127876609,jar,88,0.176,0.9995134562525476,0.9998368400477946,0.9771902454978777,0.9997595681869689,0.999491558514269,/media/naren/New Volume/rpx/objects/jar/0,2.104974306396925,0.06106571410031488,2.0401074771108023,0.0308284411756486,500,0.998653353370571,0.9997211901602603,0.9890067388854533,0.9988263846791847,0.9993363573586681
5.672020751676881,5.830788972257582,0.06535217500751554,0.06860780225322395,0.338,1,499,169,2.9642857142857144,3.1124260355029585,0.7440202641329493,jello_box.1,219,0.438,0.9967432338668829,0.9997063082162421,0.9734283772579179,0.99976315322959,0.9998618549073193,/media/naren/New Volume/rpx/objects/jello_box.1/0,5.830788972257918,0.061235222756428696,1.3706867440048116,0.02089565811777639,500,0.9969106923994304,0.99624758213249,0.998415840365369,0.9967238869232937,0.9916524022357364
2.8355448496968134,6.041881648172111,0.07287343245789327,0.1174289740180761,0.174,2,241,87,2.7790697674418605,3.1149425287356323,0.821651626990037,juice_pouch.2,173,0.346,0.9979265424708269,0.9988997554400564,0.91847201891752,0.9989102897070645,0.9992270264523379,/media/naren/New Volume/rpx/objects/juice_pouch.2/0,6.041881648172093,0.07302348285610027,8.468484513494158,0.13337732066314079,500,0.9975816347484404,0.9992591081309737,0.9886608922621983,0.9984271501971684,0.9981129067029186
3.097780237311072,6.189147930526337,0.0756727474330169,0.10538976919237782,0.338,0,469,169,2.7916666666666665,2.93491124260355,0.8099528518957704,kettle,286,0.572,0.9969215203461156,0.9994798541261318,0.87658729526004,0.9978334863335324,0.999459712237374,/media/naren/New Volume/rpx/objects/kettle/0,6.189147930526164,0.07313364394296863,8.463340707311547,0.1223407796780982,500,0.9893157766291244,0.9875415314909616,0.9852944463516571,0.9886453145114064,0.988184008549563
4.216833933847344,9.295288574362052,0.09928941486910527,0.19992072507192352,0.274,0,499,137,3.6691176470588234,3.18978102189781,0.8442854765164669,knife.1,186,0.372,0.9964661723451124,0.9926550873425879,0.6900380786096922,0.9993518905937113,0.9998277194473167,/media/naren/New Volume/rpx/objects/knife.1/0,9.295288574362067,0.0795435132486172,11.04360715908964,0.2245672364980605,500,0.987418974011787,0.9681140025372443,0.9898526023063744,0.8890021565107273,0.9652211637065792
5.485758104961364,12.102378900346345,0.11598284023433185,0.2046985623719695,0.312,4,499,156,3.193548387096774,3.076923076923077,0.9029530611345499,ladle,247,0.494,0.9690508044349608,0.9886036489590363,0.6966081838172139,0.9712006454491408,0.9706394663052513,/media/naren/New Volume/rpx/objects/ladle/0,12.102378900346363,0.09407880798995899,15.041488692680437,0.23624034396666985,500,0.9933135809078131,0.932435459013631,0.9501675474186292,0.9697846793719955,0.9626476477473425
2.21769391335782,2.5116907368613663,0.053349051643203305,0.05944058663448634,0.398,2,499,199,2.51010101010101,2.899497487437186,0.7481491563891386,lion.2,315,0.63,0.9992288806706321,0.9999520746790387,0.9657296816949541,0.9999422021233154,0.9998883396278156,/media/naren/New Volume/rpx/objects/lion.2/0,2.5116907368616377,0.06973469742513387,1.1145169789885618,0.016500260071714908,500,0.9982879541237095,0.9996665546241839,0.9990233380052539,0.9989763675179241,0.9981840924808401
1.339328212040294,1.487373616385604,0.054866638819322,0.0588024785652693,0.328,65,499,164,2.6625766871165646,3.3597560975609757,0.7863035338573543,marker.5,211,0.422,0.9997930737178535,0.9999403621288347,0.9872500802537931,0.9998847723988517,0.9998555487826871,/media/naren/New Volume/rpx/objects/marker.5/0,1.4873736163854456,0.062317937107805026,1.0647640586600073,0.019073524416026437,500,0.9980794967883801,0.9996878484904141,0.9981763897133918,0.999217917430917,0.9970283656993706
3.46904249558447,3.662609203374459,0.11561173468825148,0.12266691040103775,0.316,25,499,158,3.0191082802547773,2.9936708860759493,0.8251580657418125,meat_can,212,0.424,0.999113034675416,0.999751089231216,0.9811998876591992,0.9999287908158432,0.9998614652450012,/media/naren/New Volume/rpx/objects/meat_can/0,3.6626092033745508,0.08948713440337408,1.7682132624685551,0.0358935427435343,500,0.9992827426154856,0.9991832956268615,0.9984159950148992,0.9952157377087709,0.9991903694836245
9.448379126555528,14.935417683484573,0.12263496210356181,0.2146099664896598,0.348,45,499,174,2.6242774566473988,3.1206896551724137,0.893816298300259,milk_box.1,274,0.548,0.9848158606951732,0.9991727588587517,0.8319138348972606,0.9859434248049863,0.9949957700148166,/media/naren/New Volume/rpx/objects/milk_box.1/0,14.935417683484415,0.10147461032270304,16.904524793045955,0.25451867315134746,500,0.9798008631177164,0.8576598160469698,0.958975160641991,0.974384600100202,0.9309922441414921
3.622415186336792,7.797757268494011,0.09020708148786227,0.1357097554988927,0.548,58,499,274,1.6153846153846154,2.9671532846715327,0.8960032597254592,milk_jug,363,0.726,0.9470766436348029,0.9987529882931726,0.40564947027852466,0.9448059839348996,0.9547761813588046,/media/naren/New Volume/rpx/objects/milk_jug/0,7.79775726849374,0.08474445978007288,9.501349998051342,0.13733746486458087,500,0.9892704008420399,0.9933468594487936,0.9750201573334575,0.9976589180182042,0.9923626702358008
1.6449282876034212,1.7636545775157126,0.03224881364027826,0.03382659222577217,0.184,115,499,92,4.21978021978022,2.8043478260869565,0.7307198355307488,mouse.3,152,0.304,0.9988980567611461,0.999839680404574,0.9782095507793835,0.999282743877522,0.9994881765626348,/media/naren/New Volume/rpx/objects/mouse.3/0,1.763654577516131,0.04143901294710204,0.7943406065208348,0.006487786807206455,500,0.9963850224690131,0.9994999187017694,0.9984196480807943,0.997696365899817,0.9969317148832763
2.4053260623143555,5.002436127154497,0.04888598494466152,0.07568793645848672,0.218,0,461,109,4.268518518518518,2.522935779816514,0.8339553420737021,mug.2,198,0.396,0.9974349467363517,0.9998497647420654,0.9822194762101325,0.9968879084480209,0.9988105223972987,/media/naren/New Volume/rpx/objects/mug.2/0,5.002436127153956,0.05558360470190298,5.530936058805875,0.062031728910861186,500,0.9937014904834675,0.989061168782916,0.994390140062677,0.9937491390937361,0.9880394636108172
2.6508018711512227,2.8067162964202232,0.038032679942069686,0.04026178999124269,0.138,0,499,69,7.338235294117647,3.028985507246377,0.6769507459789306,mustard_bottle.3,114,0.228,0.9987909252354902,0.9991444111255567,0.9873975567039031,0.9998932475400593,0.9998503599790398,/media/naren/New Volume/rpx/objects/mustard_bottle.3/0,2.8067162964199257,0.047617849909166315,1.0483467218127003,0.0167529818734529,500,0.9976733698817244,0.9975509084132325,0.999392896138687,0.9951701039204692,0.9981743618578425
0.8047018747666982,0.9819886275917145,0.028302571420010962,0.038006807308426684,0.13,0,167,65,2.609375,3.7384615384615385,0.9467067423776835,pear,120,0.24,0.9996336525234364,0.9998176146779737,0.9881186239306533,0.9998801810754944,0.9998814123838377,/media/naren/New Volume/rpx/objects/pear/0,0.9819886275947866,0.03444951008399008,1.0604834473406153,0.012924685919488524,500,0.9973283387085492,0.9989805032934318,0.9945420523618627,0.9990683610849763,0.999427455363361
10.8439338798231,22.65767476863706,0.18899509711747722,0.3851016470773336,0.224,2,499,112,4.4774774774774775,2.857142857142857,1.0543765971198333,peeler.2,189,0.378,0.9451345900430794,0.9837487650680514,0.20906363069831047,0.9441442036582524,0.9942291223599433,/media/naren/New Volume/rpx/objects/peeler.2/0,22.657674768637,0.1445805934752456,32.89584075217929,0.5169668057819299,500,0.8904775718065361,0.913117377499913,0.7975428610559151,0.8521915225924936,0.8725443610249642
2.821389020854293,7.391840052716648,0.07414568163645781,0.1349054384002466,0.258,1,499,129,3.890625,3.054263565891473,0.7343120850400513,power_drill,205,0.41,0.9966355233492135,0.9974905977759986,0.8131149428288312,0.9989893501658619,0.9982600931518051,/media/naren/New Volume/rpx/objects/power_drill/0,7.391840052716958,0.07812056259228502,10.223435763387139,0.17249161522033665,500,0.9958138150537788,0.9989681121318102,0.9836801134464849,0.9953280202091814,0.9956355122845765
2.890520144854889,3.129862648023969,0.05253492710831475,0.06012668435109136,0.2,205,499,100,2.9696969696969697,2.69,0.8378633309212877,pringles_can.2,160,0.32,0.9535631653495149,0.9999092354943031,0.9343589490024217,0.9550181184491907,0.9515775687277603,/media/naren/New Volume/rpx/objects/pringles_can.2/0,3.1298626480229967,0.0830139906584637,1.1087243064008716,0.012109762536707503,500,0.9982644759570615,0.9997752237375225,0.9988505740789968,0.9992103811508639,0.9977606926940882
10.470820193461698,18.976570483515246,0.1593668645720931,0.26932395930690256,0.146,13,499,73,6.75,3.315068493150685,0.8610278010860727,pump_bottle.2,147,0.294,0.9089565995453304,0.9841479079263309,0.6422035632195713,0.920134106562938,0.9061416260528335,/media/naren/New Volume/rpx/objects/pump_bottle.2/0,18.97657048351532,0.12764018939548846,18.197409262803465,0.26695600161056626,500,0.9780043913840683,0.8152511955489339,0.8170056059397262,0.7608676189384774,0.8767769380266199
2.3205593985808024,2.4356536201136696,0.05844242101732464,0.062296774152905826,0.214,247,499,107,2.3773584905660377,2.9813084112149535,0.894050610578642,remote_controller,200,0.4,0.999665805042179,0.9997760182611486,0.9932152193879263,0.9999472187962627,0.9998624590466972,/media/naren/New Volume/rpx/objects/remote_controller/0,2.4356536201132695,0.06670731567938681,1.0947306389878138,0.013957407707162656,500,0.998641843288649,0.9996643585732689,0.9973875299243254,0.9990427730338676,0.9988331091905486
1.7273090741574397,1.910047717237434,0.03452975691146964,0.0416008541870184,0.122,4,489,61,8.083333333333334,2.80327868852459,0.6897992336197125,root_beer_bottle,152,0.304,0.9996860144063459,0.9996249941086269,0.9830196748429575,0.9999311505948262,0.9998675028868982,/media/naren/New Volume/rpx/objects/root_beer_bottle/0,1.9100477172379344,0.05295583157117133,1.4493054889604033,0.02362468639095321,500,0.9991142598590325,0.9995087434155907,0.9990103798807844,0.9992954956885982,0.998963900616416
2.707211297439207,2.9012391089363705,0.0440707205038124,0.04592766614302862,0.344,19,499,172,2.807017543859649,2.941860465116279,0.831375171318402,scissors.1,258,0.516,0.9995196893366681,0.9997755089752494,0.9951519315880075,0.9999383975637249,0.999855163216605,/media/naren/New Volume/rpx/objects/scissors.1/0,2.9012391089358647,0.06736944793027856,1.3597320743991967,0.01505797556366051,500,0.9991174021025786,0.9995720617733959,0.9992735573759528,0.9990997377035629,0.9976647297129966
5.961299660544203,8.544219026282514,0.0666688881773533,0.12360986475663391,0.25,52,461,125,3.2983870967741935,2.864,0.8461307748239261,shampoo_bottle,238,0.476,0.9948471353197761,0.9919845280303637,0.8960243743476879,0.9969789775533118,0.9989005934264926,/media/naren/New Volume/rpx/objects/shampoo_bottle/0,8.544219026282635,0.06551857128522486,7.1916003838481295,0.11176812438803548,500,0.9889378313141276,0.9638600888714782,0.9819064521688716,0.9750393890484299,0.9763290377568308
1.577930789226534,1.6664410691102898,0.03263572123748288,0.03363246287348685,0.164,184,499,82,3.888888888888889,3.231707317073171,0.6655817794327883,shoe.1,115,0.23,0.9977591452494433,0.9997270900730261,0.9940073832646465,0.999029701831873,0.999779100078864,/media/naren/New Volume/rpx/objects/shoe.1/0,1.6664410691095641,0.03578638906201764,0.7250932129498076,0.00856227020743196,500,0.9986886456455726,0.9987711146756177,0.9983663004402418,0.9966685510113558,0.9986946736225841
1.9569503092539569,2.2554126813444424,0.06295567220889356,0.06663192784345172,0.332,0,461,166,2.793939393939394,2.5120481927710845,0.8865283583957967,soda_can.3,268,0.536,0.9997258554744409,0.9997944255782901,0.9835843304047982,0.9999029421665646,0.9998983375869321,/media/naren/New Volume/rpx/objects/soda_can.3/0,2.2554126813431354,0.07364481098518724,1.764210929062358,0.021456524648862055,500,0.9978726888562912,0.9983228416416954,0.9984048151502128,0.998909708787217,0.9974942265365189
2.7221584347483874,6.922616913673987,0.07732830949500868,0.12468766188145562,0.37,36,499,185,2.516304347826087,3.2432432432432434,0.7786664006470818,soft_scrub_cleanser_bottle,257,0.514,0.9744315318731696,0.998946082373992,0.960306812608205,0.9842409256383231,0.946713265252425,/media/naren/New Volume/rpx/objects/soft_scrub_cleanser_bottle/0,6.922616913673951,0.08104046913063934,9.435714430064248,0.15623694381235934,500,0.9965679020944376,0.9800857464471813,0.9925061784498074,0.9906191632285679,0.982930289381056
9.204802167930072,20.074691095457524,0.19250312238268757,0.3982084628539607,0.248,0,499,124,4.056910569105691,2.5806451612903225,0.8392949743059259,soup_can.1,216,0.432,0.9683012305145462,0.9974044755316642,0.8835798086746339,0.9673139904650113,0.9882622103507689,/media/naren/New Volume/rpx/objects/soup_can.1/0,20.07469109545762,0.11332111756654299,14.575097616431798,0.2767080698761791,500,0.9568492251512342,0.8034183564881696,0.9103305360029957,0.9543825586930313,0.719837202981942
4.225999816774357,8.583294203077132,0.10259075680195842,0.1475768254057305,0.356,83,455,178,2.1016949152542375,2.792134831460674,0.8320964681563454,spatula.2,272,0.544,0.9722848184005056,0.9998011284899312,0.9601054399499943,0.977819563796483,0.9683451858240952,/media/naren/New Volume/rpx/objects/spatula.2/0,8.583294203077408,0.08536716781216593,11.116022817082095,0.1469171745680702,500,0.9866563335125282,0.9691856636224001,0.9745039986617355,0.9895915590580238,0.9923499275917919
1.801674995141288,2.109809256950909,0.03323520158386502,0.0439735665840452,0.192,0,499,96,5.252631578947368,2.8333333333333335,0.7356250229127704,sponge,165,0.33,0.9992973024690386,0.9999222208893502,0.8000015819927793,0.9999054917948884,0.9998795009887584,/media/naren/New Volume/rpx/objects/sponge/0,2.1098092569520532,0.05295003651702604,1.1114496399096547,0.016389940223738277,500,0.9976432723022326,0.999712086927829,0.9956374536584772,0.9995332651517191,0.9991978676751436
3.566775979041105,3.6856693627823294,0.04035601582862049,0.041506421678049465,0.14,27,499,70,6.840579710144928,3.3714285714285714,0.5755764577296985,spray_bottle.2,145,0.29,0.995793578426135,0.9997086538683453,0.9871278271879453,0.999810628081638,0.9997409508056928,/media/naren/New Volume/rpx/objects/spray_bottle.2/0,3.6856693627828974,0.048213408333302024,1.2865668930445802,0.01403934662379827,500,0.9993084364896312,0.9985457666935951,0.9992019612594181,0.9959049717302243,0.997614409055957
2.808906653890483,7.497010159994507,0.06643948771700281,0.11232141975769772,0.306,0,499,153,3.2828947368421053,3.633986928104575,0.9007061391261812,t-handle.2,185,0.37,0.9956374262169895,0.997775094128279,0.6307490219769041,0.9965601015390934,0.9984793895086298,/media/naren/New Volume/rpx/objects/t-handle.2/0,7.497010159994501,0.07735351434890787,10.428599514376353,0.13037206016688846,500,0.994110184125994,0.9960377289814505,0.982193251247385,0.9964145402782048,0.9960856647050604
2.4970488611291586,2.5655198040059317,0.06381095317362248,0.06496481423239277,0.086,286,499,43,5.071428571428571,3.302325581395349,0.6892300422554036,tape_measure,98,0.196,0.9991928808157312,0.9993943275371207,0.963811345280932,0.99793942362808,0.9989098328423718,/media/naren/New Volume/rpx/objects/tape_measure/0,2.5655198040052243,0.07219313426377326,0.7220301699220713,0.012292153247505062,500,0.9963689167302141,0.9982933628934911,0.9993961275397545,0.978243073570324,0.9964304007531246
3.421436036865948,3.5834302100744324,0.0569048110228332,0.0622162375366637,0.266,0,499,133,3.7803030303030303,3.225563909774436,0.8462689769813381,teapot,181,0.362,0.9731579732949406,0.9997974237852506,0.9321305389295415,0.9729241172938299,0.974799658562178,/media/naren/New Volume/rpx/objects/teapot/0,3.583430210074567,0.09014769486641275,1.071164751997941,0.01494910642034162,500,0.9993098087134786,0.9997248604900654,0.9962374534522102,0.9995706773638704,0.9998022591215854
5.957902177074915,13.807374854913617,0.09723901118535735,0.16144448941978984,0.41,50,499,205,2.200980392156863,3.053658536585366,0.9110077502654075,tong,313,0.626,0.9932552986406097,0.9952807110440278,0.6625702294674332,0.997788206381206,0.9999189637280247,/media/naren/New Volume/rpx/objects/tong/0,13.807374854913531,0.09376358664012507,8.688833607969045,0.09389993150315835,500,0.9820893450931163,0.9856773270234357,0.974983351555268,0.9623330492583709,0.9782420247496632
2.1703881245856107,2.3878638866000053,0.03468367833443474,0.039716745015640695,0.142,115,499,71,5.485714285714286,3.084507042253521,0.7126704470709699,toothpaste,138,0.276,0.9989497770142242,0.9998967625074346,0.9923669468567834,0.9994455961657648,0.999910957580793,/media/naren/New Volume/rpx/objects/toothpaste/0,2.3878638865988697,0.049044184567877576,1.3672959275460639,0.017971512067323277,500,0.9964333970156056,0.9968366700053187,0.9969569424094723,0.9996775867612859,0.9963556216585723
2.6412193768106405,2.805942377126319,0.08804739719581736,0.0919570288146405,0.39,0,472,195,2.4329896907216493,3.1435897435897435,0.9104345978944993,towel.2,300,0.6,0.9995345627983921,0.9997393988494839,0.9921495887753122,0.9999556557422885,0.9997236700777198,/media/naren/New Volume/rpx/objects/towel.2/0,2.8059423771265974,0.08364578298995719,1.5090202893544957,0.02033630169893602,500,0.9986209643019246,0.9993657608610568,0.9987218910569771,0.9918864572212301,0.9984565000258179
3.036979840693199,5.616047538587795,0.05987215083375384,0.0917736073224347,0.584,6,499,292,1.6941580756013745,3.0719178082191783,0.8543160823198162,umbrella,344,0.688,0.9730706535746482,0.9997637686888569,0.9067941152705757,0.9732917765711665,0.9747994536689137,/media/naren/New Volume/rpx/objects/umbrella/0,5.616047538587808,0.055702635068394395,5.2891600463269,0.07388899279289056,500,0.9949037190357742,0.9949307091402153,0.9904565790997718,0.9992304046402446,0.996116660825765
4.496383452458588,9.065241768532951,0.08396655441278887,0.17018252403101422,0.366,18,499,183,2.642857142857143,3.2841530054644807,0.8526658345206239,water_bottle.2,272,0.544,0.9919738114515284,0.9966006016520188,0.6670180008457819,0.9976429268560083,0.9992778575740894,/media/naren/New Volume/rpx/objects/water_bottle.2/0,9.065241768532927,0.06693868528391583,11.816480679323863,0.21352577331049227,500,0.9752352543156266,0.9789466198253519,0.9583364463234283,0.9807803361187233,0.9857574498784619
