anchor_relative_rotation_mean_deg,anchor_relative_rotation_rmse_deg,anchor_relative_translation_mean_m,anchor_relative_translation_rmse_m,detection_coverage,first_matched_frame,last_matched_frame,matched_frames,mean_detected_frame_gap,mean_marker_count,mean_reprojection_rmse_px,object_id,raw_detected_frames,raw_detection_coverage,rotation_vector_correlation.all_components,rotation_vector_correlation.magnitude,rotation_vector_correlation.x,rotation_vector_correlation.y,rotation_vector_correlation.z,sequence,static_board_robust_outlier_rate,static_board_rotation_drift_rmse_deg,static_board_rotation_drift_slope_deg_per_frame,static_board_rotation_jitter.max,static_board_rotation_jitter.mean,static_board_rotation_jitter.median,static_board_rotation_jitter.p95,static_board_rotation_jitter.rmse,static_board_rotation_jitter.std,static_board_rotation_jitter_robust_inliers.max,static_board_rotation_jitter_robust_inliers.mean,static_board_rotation_jitter_robust_inliers.median,static_board_rotation_jitter_robust_inliers.p95,static_board_rotation_jitter_robust_inliers.rmse,static_board_rotation_jitter_robust_inliers.std,static_board_translation_drift_rmse_m,static_board_translation_drift_slope_m_per_frame,static_board_translation_jitter.max,static_board_translation_jitter.mean,static_board_translation_jitter.median,static_board_translation_jitter.p95,static_board_translation_jitter.rmse,static_board_translation_jitter.std,static_board_translation_jitter_robust_inliers.max,static_board_translation_jitter_robust_inliers.mean,static_board_translation_jitter_robust_inliers.median,static_board_translation_jitter_robust_inliers.p95,static_board_translation_jitter_robust_inliers.rmse,static_board_translation_jitter_robust_inliers.std,step_rotation_rmse_deg,step_rotation_rmse_deg_per_frame,step_translation_rmse_m,step_translation_rmse_m_per_frame,total_paired_frames,translation_correlation.all_components,translation_correlation.magnitude,translation_correlation.x,translation_correlation.y,translation_correlation.z
9.64602267716819,20.104271223251143,0.16102489893298078,0.3251373567466322,0.612,15,499,306,1.5868852459016394,3.552287581699346,0.8830693044856815,air_duster_can,384,0.768,0.9493913726967461,0.9718752830549251,0.6511699433990109,0.9597023898766509,0.9702467051051058,objects/air_duster_can/0,0.11764705882352941,20.10427122325115,0.03646500809980765,67.86984445551626,8.310090998964075,2.040695149288286,61.47206915373728,19.80503762525083,17.97726071809989,5.42836834395475,2.118018092107067,1.8624804789927696,3.985615353783395,2.318994888089058,0.9443180886175597,0.10216824923152415,0.00024478591012832207,0.3947778055656762,0.06871278082442948,0.05088488383748073,0.25907195049113674,0.09659890918800379,0.06789626652243935,0.0819464057420973,0.048157653551860816,0.048090728368636676,0.06798560924326265,0.04995889339971468,0.013294037539551455,16.481147125775355,16.010734012640917,0.2543969990770426,0.24684026965113295,500,0.9242520849498292,0.9179103034343693,0.9326729892631942,0.9152161044020217,0.9106381884823107
7.246692428472464,10.062038900739488,0.0938944553836729,0.14420219356486585,0.468,11,499,234,2.0944206008583692,3.299145299145299,0.8820661251562858,alarm_clock,283,0.566,0.9932968899358234,0.9988265637429256,0.8824313070985632,0.9886735678565345,0.9987734406788126,objects/alarm_clock/0,0.08547008547008547,10.062038900739216,0.028858469239438522,57.05170633213839,3.8949064346885645,1.9226411792527867,7.182576270906655,8.94966738402252,8.05768267864019,5.617262273689211,2.066349520528568,1.7916335783561075,4.646206309228873,2.3467286643034666,1.1123556458592219,0.1074720889943498,0.0006751657224549053,0.33268157154081074,0.06569784335241326,0.06946787830158274,0.09940751126029405,0.07723196240331272,0.04060257868052814,0.10030214511336571,0.05912073376982996,0.0648251792250833,0.09563699804208656,0.06591990190932888,0.029157714352336123,11.188478552750517,10.797850271423826,0.15677053939797492,0.1503387663820818,500,0.9826767773066077,0.9255332587417266,0.9839602324874072,0.9789957236869019,0.9732362538002264
3.7188666636116943,4.189193845558694,0.05374699444030543,0.06154679327645692,0.254,214,497,127,2.246031746031746,2.47244094488189,0.9086736737494805,apple,199,0.398,0.9984928769523241,0.9998813699920067,0.9942098150884487,0.9999180679530749,0.999904328741259,objects/apple/0,0.0,4.189193845558588,0.017261690059107188,6.480686369522242,3.3129449393576866,3.0680129773122227,5.857416608483173,3.6252457998637775,1.472006432803285,6.480686369522242,3.3129449393576866,3.0680129773122227,5.857416608483173,3.6252457998637775,1.472006432803285,0.05735739052639933,0.0002946748938748451,0.09793836045058252,0.05062808167153298,0.04517693385954173,0.09158287855082006,0.05616696599520861,0.024321295511701414,0.09793836045058252,0.05062808167153298,0.04517693385954173,0.09158287855082006,0.05616696599520861,0.024321295511701414,1.2862884860749375,1.0307702101531144,0.018723187153889972,0.01451861383397765,500,0.9982306049675251,0.9983186456526673,0.998666702722803,0.9991135692507846,0.9963828066348588
9.504774220687613,18.66182122949297,0.1768371586435452,0.34437081897691835,0.596,116,499,298,1.2895622895622896,3.714765100671141,0.8851801279444776,baking_tray.1,355,0.71,0.9807467533891638,0.967867246849623,0.9742894467533662,0.9729211698314922,0.9913625794607905,objects/baking_tray.1/0,0.14093959731543623,18.661821229493025,0.07087392624698752,73.57626912448075,7.221280151559952,1.7270080516579382,65.60334052221855,19.10470232526999,17.687361700091476,3.8604049532979228,1.6919250828339534,1.6422922425735615,2.9058009409634584,1.8073195594853793,0.6354474834128662,0.13925499365475358,0.0005793484585041471,0.4206565536351434,0.08091785068832955,0.05723928612641841,0.3623211000510299,0.11667192398947153,0.08405140859846566,0.08149239016304292,0.05488449572393801,0.05614042772582614,0.06673913142273113,0.05558805491446124,0.008816120365681758,14.627093233124302,12.968692011628672,0.23424541189207243,0.20240971171814143,500,0.9554174968454444,0.9172475482309448,0.8729517539830051,0.9683488387243838,0.882652397480831
32.63511032541281,38.44575374611005,0.49640093910866506,0.6034758410491953,0.568,1,499,284,1.7597173144876326,3.2816901408450705,0.9630377582343563,banana,383,0.766,0.8542432515734095,0.9955050290440827,0.5315139877069112,0.7066585266250519,0.9450797706343214,objects/banana/0,0.22535211267605634,38.4457537461101,0.060927489239172884,74.99169683450876,13.234871112532375,1.8901988199741133,66.85626352405747,26.99181057950961,23.524370873517174,4.8596682472660415,1.7310306357296574,1.650245742920211,2.8557108947483925,1.8665250176723962,0.6981751784203712,0.18469765795090842,0.00036846820940357954,0.40777576803574994,0.08667992948040933,0.04804326276312085,0.30891327614453257,0.12396734092861597,0.08862556878341019,0.07921986206026001,0.044295525321179856,0.04337138989599577,0.0606131064067276,0.04529747821919216,0.009474596009271438,19.264736645615038,15.863163718429636,0.2845660304332046,0.23677368057984,500,0.8254459215548791,0.4787670973855256,0.8018328286175856,0.852998376012864,0.38571924083434234
3.2172286994231527,7.447038011289581,0.05498011139623503,0.1260077302113959,0.372,12,499,186,2.6324324324324326,3.1021505376344085,0.8789447829852605,baseball_ball,255,0.51,0.9934174121068141,0.9996939606567488,0.8756567593721023,0.9910609079157399,0.9971209609911601,objects/baseball_ball/0,0.05913978494623656,7.44703801128974,0.0041516714664989445,60.40338889415301,2.7937593250697432,1.5403446335354898,4.82450081185808,7.3728234038000835,6.823007678231654,4.631249508464754,1.7408912609382372,1.5065181607945723,3.5863704080749317,1.972111730557879,0.9265647820810308,0.057072687419364214,0.00011546761636300992,0.20376151030610895,0.04175648930795456,0.02978767273879536,0.08638737033657734,0.0510179628150401,0.029312593376763698,0.09484778222255147,0.03919153963935278,0.02889868689707828,0.08314857050317358,0.047245839944995205,0.026385462148788372,10.540473173922077,8.907399645775765,0.16976626576080941,0.1397476681486317,500,0.9825554456384231,0.980711761423003,0.9718019879081091,0.9914289410950196,0.9648389414559904
4.317405881895304,4.4658716597447246,0.05486256799353326,0.057210650306814256,0.158,0,499,79,6.397435897435898,3.518987341772152,0.6108542132874745,basting_brush.1,115,0.23,0.9977872497630551,0.9998952914494407,0.9187093018269238,0.9996117139800562,0.9999236109533497,objects/basting_brush.1/0,0.22784810126582278,4.465871659744492,0.009815460537889573,7.126050683196974,1.2000736953757318,0.54748957583802,4.672985286928586,1.9607649602147161,1.5506199904789866,1.6317067330271662,0.5276589189913816,0.48247825363911023,1.1726686850751857,0.6147009096960697,0.31533041970292397,0.09308364333454097,0.00022001158657891924,0.11464231191030953,0.022715058432460133,0.007573991629781125,0.10253642671101411,0.03885715770447848,0.03152625612534151,0.026315362385000783,0.008209044276216814,0.005935506745984268,0.020068296301566507,0.009930539056004693,0.005588130099948154,1.428898984994777,1.037878372729194,0.019342980265785736,0.014187099530907406,500,0.9982127351227513,0.9993203566396819,0.9996294076993002,0.9973259050716999,0.996790177310445
6.7676459043025705,16.90583934419348,0.09130834521980903,0.21787868264271978,0.536,0,499,268,1.8689138576779025,3.205223880597015,0.8885765334561241,beanie.2,363,0.726,0.9534129046109655,0.9877913776525145,0.5561844078398132,0.9558013550603317,0.9715606354590194,objects/beanie.2/0,0.08582089552238806,16.905839344193346,0.0029278572755027793,98.8040151895843,6.1448685677565225,1.818454728145643,38.35842624528532,16.57498267983085,15.393850756769424,6.155110169149251,2.2046359948603778,1.7033603573590645,5.126194345423357,2.6154113276564863,1.4071092860896977,0.09047753001222751,0.00015011266676881078,0.3908817726640541,0.0674978092240535,0.060820448529861224,0.12487291698295432,0.08917963014238207,0.05828423613881663,0.09279453055598043,0.055366311146345694,0.05923889657613334,0.08669220093652583,0.059284804643308806,0.021195746074184913,19.952803687651045,15.630347473257991,0.2533662532248922,0.19459191941765358,500,0.9670179659604394,0.9730281151391724,0.9419442637076471,0.9694619567535638,0.9755728409245142
12.22068804744584,24.11855124918681,0.19393000273041341,0.32632632071307355,0.6,0,499,300,1.6688963210702341,3.18,0.9734750264326616,bear.1,384,0.768,0.9695785246671164,0.9758266796491223,0.5763113261330842,0.9821017036789019,0.9965507045780936,objects/bear.1/0,0.23,24.118551249186826,0.034338285128351596,73.64705060456087,12.061217248636925,1.4979287117140827,57.01796916738166,23.964567512980455,20.708151403864647,5.777074152379208,1.6134614459309233,1.1529978262712743,4.7750764995681205,2.0582609314579106,1.277959398596246,0.12076421909137723,0.00020870399262308935,0.3651615579632011,0.0763926345610773,0.04132764480748463,0.2690511807563581,0.11271312231879266,0.08287589111236643,0.06240017432826651,0.03667160835831026,0.035553840793251926,0.05780309407998005,0.03854723465461245,0.011877812927153874,22.232599243565993,19.605805974285527,0.2866730956199753,0.2583047185945807,500,0.9367775974398971,0.9030841095725073,0.9068737036613977,0.7848221054203988,0.9179877568342291
4.188665104729514,8.656241581348269,0.10845384881430295,0.15755132513953454,0.438,5,499,219,2.2660550458715596,3.5114155251141552,0.8396988814190761,book.3,284,0.568,0.9545575832428329,0.9998903161290922,0.9121943038500071,0.9528754253103147,0.9523361529003425,objects/book.3/0,0.0547945205479452,8.656241581348002,0.008867827881915025,69.02497189458205,2.6511190928929222,1.3921212914170535,4.1545532446741715,8.488495634261216,8.06387783192245,3.8517379072607785,1.447232769907155,1.3629905834653593,2.8557870729644494,1.6294246755431037,0.7486935841688589,0.09656294591087086,0.00010361465385630105,0.2572426976824534,0.049392355482045194,0.04530790925472089,0.08977421019165358,0.06255748788419901,0.03839055235753955,0.09750147145655157,0.04598919885011663,0.04530790925472089,0.08729104243244822,0.05453768877651734,0.029314724733633377,12.224967531122163,11.230660304141333,0.172842582382132,0.1565238014311212,500,0.9963879502720587,0.9775956808787517,0.9896468464240016,0.9831258487882709,0.982430289631773
3.1323372662541766,3.3976396830216684,0.0679698344120071,0.07141158825517284,0.646,0,499,323,1.549689440993789,3.5046439628482973,0.8527917755154396,boot.2,409,0.818,0.9735360857677884,0.9999020430077654,0.9764073384844768,0.9726243900550652,0.9760656352758177,objects/boot.2/0,0.06191950464396285,3.397639683021095,0.0009091476414990717,6.400394705937534,1.757384805475268,1.5617565568252094,3.3278648427502775,1.962569113438947,0.8736567807263834,3.910706068401955,1.7116364750887447,1.5343032325343446,3.2014307662744512,1.8900329951652004,0.8015767586194812,0.07649923050323632,0.00011925670092359202,0.12595352869938806,0.05999713277202938,0.05641105860441361,0.11158947251358066,0.06337947497568909,0.020427968751921443,0.1101960610305076,0.056604811062010194,0.055618762144836804,0.08901704335907185,0.05867235257857853,0.015438274571310072,1.3909864574460316,1.2829673220845321,0.023442466192264273,0.021296873014838666,500,0.9972584252538903,0.9991142239999815,0.9990087023795863,0.9990396945873322,0.9934544719614788
2.703656811617101,6.890636130586541,0.08467662646955859,0.11431588226525644,0.618,6,499,309,1.6006493506493507,3.511326860841424,0.9030346043353662,bowl.1,399,0.798,0.9766593730595278,0.9982493570005697,0.9357650879941198,0.9746534156735583,0.978674830563671,objects/bowl.1/0,0.06472491909385113,6.8906361305866906,0.005576280700025228,52.311182152360196,2.6776021356005946,1.4155593740456398,4.380476817195436,6.850588464405469,6.3056331253945,3.844973284839091,1.5575330813242152,1.367269219182743,3.119370868214084,1.7437399444787367,0.7840406204728193,0.07954270122035455,7.333059993396853e-05,0.22445069213152855,0.0522055009454901,0.046450404950332654,0.08259067652760005,0.05830115074396115,0.025953994858220104,0.08840538623797795,0.04871388985804715,0.04603489806549667,0.08012265206110851,0.05210254083310122,0.018483281531238738,7.52555670682038,6.311633582056076,0.10285911054339074,0.08466367845834484,500,0.995432293387188,0.9920879469154954,0.9849215056286071,0.9946954832468383,0.993540588806884
20.79018091346087,21.669095979196744,0.26262030189471464,0.2815191246793767,0.48,109,499,240,1.6317991631799162,3.5875,0.8693743515401626,cable,299,0.598,0.9440389847200285,0.994231262544933,0.5961619009537735,0.9505510590174976,0.9699014109681681,objects/cable/0,0.1125,21.669095979196737,0.033277954240735354,55.97484353006286,5.2638442112502215,1.8051752764282556,34.31406614662409,12.136780183936303,10.935875701235654,4.807012688124784,1.90857697166358,1.623978613201112,4.044353682400904,2.141976235761184,0.9723148347120554,0.14260152214601277,0.00045422521821521217,0.32938866062958233,0.06406949796697818,0.051466518110872383,0.16251326280377287,0.07965745204943309,0.04733295994618455,0.07554284069222046,0.05074166503941332,0.04789870402081606,0.07187429058753222,0.052200702259662085,0.012255478180384074,11.547991791546306,10.857707913806895,0.13986258607064453,0.12941453730020555,500,0.936923717902461,0.849253629628139,0.9657570078737048,0.9854156653971312,0.9247654960901177
4.908941761373243,6.892574164182366,0.10840421998397223,0.12508583597625972,0.396,87,499,198,2.0913705583756346,3.111111111111111,0.8951320209470011,candy_bar.1,305,0.61,0.9970036700875778,0.9995526869664286,0.8191950406119568,0.9981335242599478,0.9998619015649786,objects/candy_bar.1/0,0.03535353535353535,6.892574164182341,0.002354239314094606,64.51845198700775,2.2401279731729162,1.420400954480649,3.7495297911126295,5.663717596057507,5.201876937385161,4.066116173310223,1.5936590640607207,1.3480274867584847,3.225019693171438,1.8192903777670657,0.877535336139201,0.08707764201182597,0.0004421639745469934,0.35549492624427503,0.05936159334981524,0.05867016291413667,0.06995339849534504,0.06411676461245434,0.024231399863401417,0.07235953654597753,0.05680394142399872,0.058586278303740504,0.06825352572635807,0.05731125344332352,0.007608679908090724,7.978495927430422,7.544182171764797,0.09971130720394406,0.08746363303922292,500,0.9940751385936343,0.988141119405831,0.9944649769088758,0.9949532834954515,0.995493973791404
6.635529133460088,9.641931246859771,0.10231138265969254,0.1401405579780815,0.414,0,467,207,2.266990291262136,3.0386473429951693,0.902453017132322,cleaning_brush,285,0.57,0.9744335586615587,0.9982448068481964,0.8487463768747804,0.9719238697253832,0.9802745402689088,objects/cleaning_brush/0,0.03864734299516908,9.641931246859631,0.013210644362927024,66.55811113408589,3.4809097754019955,1.9451552945087403,5.2412779122794895,8.522947429018853,7.779710792396455,5.709953163540022,2.138231860841645,1.8752172066564474,4.493143052164464,2.407090976690967,1.1054643727179767,0.0872267545030167,0.00010600578451200434,0.3081748931089836,0.045283299981452606,0.039976406436277,0.07935577606536551,0.05401695648494896,0.029449182173477143,0.0831338797203296,0.0410983000332615,0.03906017089742259,0.06829929415081683,0.043812079974644036,0.015179857907128854,11.543646807028319,9.950083150370366,0.15043742033981627,0.12888579257830518,500,0.994330061277458,0.9757533165244288,0.987397363543416,0.9826807185467129,0.9812724513549171
3.3484964466535647,5.7371545439046105,0.14779133223688523,0.18601329410074713,0.242,23,499,121,3.966666666666667,2.9834710743801653,0.8304116881462057,coffee_bottle,209,0.418,0.998050858227063,0.9988196521275223,0.4242913797433734,0.9995226624217106,0.999682285700016,objects/coffee_bottle/0,0.024793388429752067,5.737154543904723,0.006312391891399475,52.79922684005572,2.2527980315828056,1.300591114218506,5.088213642112433,5.363048550163286,4.86694881628163,5.7669185267512555,1.7450425642829406,1.280355951557576,4.261952352077257,2.247405477386849,1.4162124941650631,0.20212796753899104,0.0006505368556797823,0.2247534369154642,0.12326003383851353,0.10977026081205364,0.20152905314788627,0.13686776346501014,0.05949578753191245,0.20656356025044006,0.12147621202883449,0.10907819968402777,0.2014186622853035,0.13507547843771522,0.059067036376504636,7.435458237520877,5.830253065724959,0.0724608144576444,0.05484380743850342,500,0.979366691759038,0.9978803704789575,0.9657607656643636,0.9944273744794845,0.9954142344859704
1.7764498899274987,1.9397174191967455,0.06653255213767054,0.07133271966195974,0.338,8,499,169,2.9226190476190474,3.06508875739645,0.8039723421014334,coffee_can.1,294,0.588,0.9413012660814054,0.9997772019862748,0.8894036431929798,0.9355015389879684,0.9419633216696692,objects/coffee_can.1/0,0.047337278106508875,1.9397174191971527,0.0029134953098097207,3.9896211126628454,1.4541256644982392,1.332157585777331,2.493415651726471,1.5714302231523327,0.595744490603265,2.8615378609389936,1.3932958105033137,1.3204757957754536,2.385327809278149,1.4860153904307554,0.5166899699345677,0.07856559604288146,0.00016389309451720802,0.11981851929519095,0.04465971928141566,0.029198488805904168,0.10649160674669933,0.05496423550023619,0.032040234984009944,0.10841808713700954,0.0424325315071972,0.02879939083163136,0.10011012718191362,0.052148006313829924,0.030313278153277372,1.259558351303589,1.0758807376032264,0.01756521982888553,0.011751776297212262,500,0.9985485075655368,0.9992360916454972,0.9981600012331575,0.9990725195258062,0.9993881233035884
6.079905918944181,8.320222380791023,0.08065322893279508,0.10443451805580002,0.166,52,466,83,5.048780487804878,2.3734939759036147,0.8148776756241627,cracker_box,148,0.296,0.9936464410933217,0.9986237978746129,0.3949377685611173,0.9996338941216868,0.9998867149408538,objects/cracker_box/0,0.024096385542168676,8.320222380790907,0.01024633207135291,52.14409924993599,2.541497164800571,1.7203256246732246,3.4544264577499515,6.104951596025605,5.550786084071898,4.434488463796129,1.8957195866126582,1.6838159993573103,3.3914681550403856,2.069499838903734,0.8301065185599469,0.0764817251129922,0.00041521622708516474,0.1514870425432779,0.05208185747633295,0.039705501135014226,0.13438495277746093,0.06672089885818848,0.04170321889566272,0.14748672349360842,0.05110315772465998,0.039705501135014226,0.1283061830977871,0.06531217435308236,0.04067121081669384,8.288317054180027,8.201179648593346,0.09677143827792505,0.09506795488010528,500,0.9867927134809635,0.996899567151007,0.9912500654627375,0.9858150934758523,0.9906658760436734
5.967472880205192,7.766588859553847,0.08160891212047197,0.1034246267090207,0.272,103,466,136,2.688888888888889,2.4338235294117645,0.872548578530715,cup.1,225,0.45,0.9662914279363706,0.9994244550950947,0.7772966363272977,0.9728049374606728,0.9614265997920265,objects/cup.1/0,0.03676470588235294,7.766588859554095,0.009805466369616822,51.57897014045515,2.34472101244391,1.3424429449321702,3.511050744483271,6.41562130595182,5.971807106327778,3.6929274987278338,1.5612294138577358,1.3149698067685862,3.1303469457174566,1.7442732562177827,0.7778508273840279,0.1058785815890909,0.00024937200450447534,0.18701119149077064,0.04527880963611341,0.04028003121676723,0.08077561828046738,0.05273501872084558,0.027033527284180608,0.08777683876149403,0.04242631721062893,0.03909545886171424,0.07500404903145852,0.047173393960619765,0.02062369282419927,6.493903258595585,6.418391776401427,0.06712186276940928,0.0658236955606063,500,0.9948625379809005,0.9831269994277286,0.9925101981672506,0.9926547927737356,0.9518009428536021
1.9448671205942374,2.176841030645922,0.0476876938992241,0.05628794471029273,0.624,0,499,312,1.6045016077170418,3.105769230769231,0.8703759747523936,doll.1,405,0.81,0.9760107226701925,0.9998933299101034,0.9762827920507007,0.9754847877069418,0.9774781843969518,objects/doll.1/0,0.019230769230769232,2.1768410306459476,0.0015262464917330794,7.638327735655527,1.3700567414171645,1.2185119796924964,2.5299769147163254,1.5725413036824032,0.7719006912061506,3.244739543088515,1.3021402383067728,1.209944584926905,2.3415528361609104,1.424514974360028,0.5776449705124528,0.05766590306982517,7.035889274505593e-05,0.1092851187972726,0.04490346202945488,0.039943562623949595,0.08081797697868984,0.05017463849609466,0.022386903447843977,0.10001088415594911,0.04394934651883936,0.0386916303035824,0.07537986921952931,0.04892539293956369,0.02149765138003896,1.214076958186058,1.0038074963149626,0.017354072994378956,0.013636377017662345,500,0.9975604742324936,0.9995489140512047,0.9960099948511874,0.9989899467129777,0.9977702479801608
6.2254054545494215,6.315681172434019,0.0921793050900838,0.09342150982117346,0.078,17,499,39,12.68421052631579,3.5641025641025643,0.6850157112839087,food_bag,118,0.236,0.9979328592931858,0.9999554256224022,0.8721261496282032,0.9996197662424542,0.999332819709574,objects/food_bag/0,0.10256410256410256,6.315681172433957,0.013870605238876486,6.380161716555325,0.6738023629100048,0.3325505895972563,2.3257279187006628,1.2700451875596184,1.0765710167844202,1.086181805057961,0.37993767030266223,0.31766661116533434,0.9372022396368915,0.4624653657794813,0.2636694544890154,0.12533280640384345,0.00026956512857017196,0.12684362012724867,0.008019171282357261,0.0038623830719611697,0.015490165127201682,0.021168639235057053,0.019590920831043482,0.007992143312704815,0.004028016339039274,0.0037548020442707344,0.007827596377536404,0.004499755440969877,0.00200571269153153,1.0929087677988307,0.49958452971366224,0.016234605352154527,0.005962317994168951,500,0.9987187496671931,0.9985569866137054,0.9481005154548204,0.998942965422963,0.9956904625829143
6.150467888381491,17.482310375719315,0.13603012159206823,0.3526545131750666,0.302,0,499,151,3.3266666666666667,3.019867549668874,0.8104660985798704,fry_pan.1,232,0.464,0.9466627725786122,0.9788980957561599,0.530717247916373,0.9542298012634762,0.9610491439665108,objects/fry_pan.1/0,0.059602649006622516,17.482310375719305,0.00826416541477176,105.1084898625349,5.308706942083946,1.4271829703122199,7.0977049266491035,17.31868368037449,16.484976039531855,4.096146047138694,1.6891711604107549,1.3387140167488085,3.445484099882525,1.9204380257396474,0.9136646001369312,0.11123496184537633,0.00026085451317369015,0.4706328341553832,0.06913374524908468,0.04927032733897852,0.1155477320611458,0.09841795367311758,0.07004726170978122,0.12763813580750996,0.055075542470641656,0.04597942490225726,0.0988476385638801,0.06219039311608355,0.028884764452866127,21.585735259011415,13.461210175816575,0.42751662733209234,0.24761135731406722,500,0.9717551103816306,0.9723485012979679,0.8706587941256878,0.9243973248310974,0.9611997263723613
3.546153476557835,5.68669572961684,0.05875802940314359,0.07694703649646327,0.376,197,458,188,1.3957219251336899,3.1595744680851063,0.9053623544485621,game_controller,256,0.512,0.9679589346078975,0.9986018845287643,0.8905940665901184,0.9617120885005871,0.9742090295795031,objects/game_controller/0,0.047872340425531915,5.686695729616914,0.016777647240083533,58.82233436136503,2.032704977648941,1.4083301345290231,3.2966587906266662,5.0964362734045565,4.673518285265924,3.3574477633346063,1.4236491737750447,1.3858620909834454,2.5875308588107466,1.5702305687150246,0.6624553335408682,0.07444459299315206,0.00013736889904144125,0.21064682802772433,0.0483471459294226,0.047603261256041654,0.06655082077285598,0.051298681933284615,0.017149584501422063,0.06914877765271682,0.046714338240143774,0.04628577540601558,0.06636909349036825,0.04801536278215382,0.011101606455251609,5.449538527830983,5.40020097573557,0.05796813277395583,0.05744446162241192,500,0.9952048811553897,0.9936735765880357,0.9976055856238195,0.995644044128783,0.9805915369078958
6.229928060315596,15.704890752169758,0.11104445835989193,0.17472442957203063,0.278,2,496,139,3.579710144927536,3.3956834532374103,0.9185879944913414,glove.2,198,0.396,0.703725427247621,0.9997328114565627,0.9407510853473187,0.8776015318879253,0.4892673490487848,objects/glove.2/0,0.07913669064748201,15.70489075216962,0.09018508388867441,64.12100883750367,6.155884332997759,2.084845016100843,61.44424803388999,15.817385612951107,14.570338901602303,5.296272354478744,2.09643784286075,1.9464056934450746,3.4317006119398177,2.2935118893913438,0.9301317959304573,0.10810285079786627,0.0004760994990255474,0.2554783301514354,0.07389447059187823,0.07129836785095621,0.2456225210897725,0.08955126337180862,0.05058691518004504,0.09311422545056826,0.06055782397362552,0.06930494686651387,0.08368138188494331,0.06385659026713586,0.020258679032065668,12.99356813050317,8.58099247768358,0.14039427053518588,0.10132574806444573,500,0.9924492567972936,0.9636800624560121,0.9946052095250921,0.9762383698570879,0.9753159038290786
3.1055287476516775,3.2128965008772385,0.06335463481653565,0.06707012150677914,0.188,1,499,94,5.354838709677419,2.6382978723404253,0.7978367614368619,glue_bottle.1,153,0.306,0.999396052508016,0.999816348279519,0.997628437619502,0.999952166968284,0.9997766248194392,objects/glue_bottle.1/0,0.010638297872340425,3.2128965008775525,0.001356754884260242,4.678655239820945,1.384249738501869,1.1839600747632466,3.219869129138383,1.6560503595328502,0.9090409532943987,3.8749046027939316,1.3488260234339222,1.1831247460749947,3.2154233483430916,1.5926762751410302,0.8469274324902576,0.0671182318375332,0.00016451292700662913,0.07209430328151784,0.04956609189413343,0.049837865113964215,0.06361676778876069,0.05044604055170521,0.00938112688788551,0.07209430328151784,0.049763655889115486,0.04995332968056683,0.06365005667821648,0.050613282063757,0.009234872701620109,1.4127060322366487,1.1400432544584602,0.024314293447887242,0.017604381015353488,500,0.9994409996401219,0.9985969356542471,0.9986439166951684,0.9973936559097791,0.9976095116857937
3.164110389757647,3.365779565967537,0.04063067248975408,0.04407640652283595,0.144,335,455,72,1.6901408450704225,2.7777777777777777,0.8907007273003301,hairbrush,189,0.378,0.9427575257378397,0.999700042228162,0.9640047291751954,0.9404835333553947,0.9417166572498505,objects/hairbrush/0,0.013888888888888888,3.3657795659676424,0.029281033720493874,3.747793982657672,1.521034672499436,1.2397924793139652,3.2228484700582745,1.7358097033199604,0.8363545009111047,3.5551961903129152,1.489671865314109,1.2210703123390578,3.1109590999351644,1.6904561587293927,0.7990743133637304,0.07472920722621322,0.0009079320781820605,0.07879093719937637,0.0306296825066962,0.024168700486596396,0.07073619030205047,0.037691061688444556,0.021964486808052706,0.0739682284225022,0.02995135497581339,0.023976623388342628,0.06945937432429315,0.036785704062931815,0.021356599881966636,0.9418126637256796,0.8175684505379636,0.011650807914840803,0.009158261668249746,500,0.999479665754034,0.9997207470494537,0.9973391010904017,0.9997342042826658,0.999737730588448
5.993514861802548,15.645083653690953,0.12126761962740376,0.26538529185589094,0.296,0,499,148,3.3945578231292517,3.0405405405405403,0.7667471268764593,hammer.2,207,0.414,0.9858950508779988,0.9971022503493137,0.6296724357767334,0.9840595643615115,0.9947268025219411,objects/hammer.2/0,0.0472972972972973,15.645083653690799,0.007514005889068068,89.15438455082123,4.591100535844393,1.444791097581621,5.111376610157664,15.352336327629265,14.649779062716767,5.148892539351819,1.672442956302621,1.405453193135916,4.377520331079675,2.031210854896769,1.152715097048795,0.11275723816913814,0.00013954858985088556,0.42120444561876597,0.061816684575882325,0.04684923378950194,0.10455511623261197,0.0855680017974255,0.05916570323802536,0.11181254359433888,0.051575908711196536,0.0430802236312579,0.0952494075417394,0.05993739369198133,0.03053550070331064,21.507771756400277,15.745070598371885,0.3609270381928673,0.2640938879429402,500,0.9845605244124348,0.9507491791124808,0.9331159178688891,0.9566445966814817,0.9579878288144296
3.156085153044432,7.730534931481034,0.08805142788063858,0.13488692585317033,0.41,0,499,205,2.446078431372549,3.204878048780488,0.7906464669656469,handy_pot,318,0.636,0.9950484953450525,0.999684554107654,0.950464875535866,0.9951299103020145,0.9965564351034452,objects/handy_pot/0,0.04878048780487805,7.7305349314808955,0.0037226887457834828,65.1066068756622,2.875015500287318,1.7474154123968155,4.018307164315997,7.6792835477964285,7.120792208775971,4.219228450952868,1.940128651021713,1.7410963113376878,3.6476208298695414,2.117543905792963,0.8484650908821082,0.08324582951398624,0.00019204666232663657,0.3425549499545591,0.0552894172840238,0.05317451759810276,0.06328909887833971,0.0638595950689146,0.03195509691361979,0.06938469816270411,0.05110146957165448,0.05264716679707272,0.061654239654020254,0.05169731620185702,0.007826385506225686,8.953028514705437,7.845471586244344,0.12496728301597469,0.11087970781298466,500,0.9925330919166762,0.9693681930321276,0.9885480327656316,0.9868747437111054,0.9794488997871796
10.274066120388166,18.538575743577606,0.169220748923601,0.30119200754675357,0.556,4,498,278,1.7833935018050542,3.08273381294964,0.9632366160272403,hat.1,377,0.754,0.9831088817262683,0.9926830353924161,0.6027756625999401,0.9837997857185129,0.9970754776643564,objects/hat.1/0,0.1474820143884892,18.53857574357747,0.02710572187872243,70.75458157029561,7.427789282960853,1.57270346444204,49.106398057025345,17.922522082665903,16.310878093210643,4.660596869409786,1.6472710730171507,1.4228036909591617,3.353196239903806,1.8690824162187596,0.8831574551681489,0.13410053715445622,0.00019045713279740865,0.2830991849313596,0.07157086212839674,0.04862731408426456,0.22615723713196337,0.09170996526086621,0.05734395715633263,0.11743642766119769,0.052430273157846735,0.04679826032615113,0.08621818035507793,0.05624745949296251,0.02036769883924137,19.093296714461157,16.031799022035223,0.3089407822569355,0.25451764791183296,500,0.9642680269884607,0.9032269352638025,0.8887886730830298,0.9457096138784502,0.9286254596225967
10.61933878265582,22.920338409331315,0.23038538252446034,0.4255046862077731,0.328,4,499,164,3.03680981595092,3.0060975609756095,1.0203442288932483,headphone,245,0.49,0.9431958113220282,0.9928535964554639,0.8536812775783569,0.940628406546001,0.9650236353917485,objects/headphone/0,0.17682926829268292,22.920338409331304,0.10779191730102047,75.24629230431326,10.189110823069758,1.1686060926539565,60.95355027640421,23.059222376540124,20.68597972651843,3.437104400411292,1.1840553817067934,1.0379878739634973,2.706072489854171,1.38590375048057,0.7202375015557645,0.15261623731638518,0.0002926189669232548,0.36394542465973573,0.08058313406059095,0.055176212912298545,0.2812111381221579,0.11335243903805878,0.07971909395401869,0.11308623680543033,0.047984042042990845,0.046644322296737,0.08612136055717792,0.05314904745861698,0.02285504222211823,15.20069725331623,11.339665885640803,0.2764392933109876,0.1923252665789304,500,0.9654702777685971,0.8899821556504546,0.7252685360678157,0.955164320103418,0.9004400243597765
2.4947086415604334,2.6996228254739756,0.17667631011198295,0.23374283826023226,0.292,7,499,146,3.393103448275862,3.3013698630136985,0.8443446930743337,helmet,243,0.486,0.9795992530799966,0.9996885649305182,0.9717826901171586,0.9807112210937335,0.9781428686309215,objects/helmet/0,0.03424657534246575,2.699622825474418,0.0038979303477814286,11.426870037319942,1.489501765403132,1.181506948215267,3.0230278930461365,1.9232074095386256,1.216598220845824,3.3606055286404266,1.325301563144668,1.1243333298559461,2.684964455101032,1.4934160526634865,0.6883801806264397,0.24405558548434264,0.0009173092473217464,0.4046476189616831,0.15350214654315003,0.09578206298241825,0.37740513045564095,0.20247294888434172,0.13203176146884713,0.4046476189616831,0.15756527981853632,0.09953421354199352,0.37798234241092743,0.20582233085536453,0.1324236175100253,1.8461796753370605,1.0135479596012387,0.026640122133941048,0.013162890149208,500,0.9835646091054213,0.955916330473717,0.8484978770987591,0.940630367878992,0.9901364062921718
7.390517103186422,20.312252864044847,0.17570137945866238,0.3886637888294532,0.362,0,499,181,2.772222222222222,3.3812154696132595,0.7974732557735796,instant_noodle_packet,236,0.472,0.9711038182294048,0.9845431392204218,0.409905233896542,0.9826161624446835,0.9908822849167314,objects/instant_noodle_packet/0,0.08839779005524862,20.3122528640447,0.005256489037866325,98.06074909609133,6.802314329517755,1.518183816619246,61.61464399598058,20.194053986463395,19.013898500061355,4.660045190419576,1.6731585160226579,1.4667020559380148,3.3609563034556054,1.911991507907231,0.9253389144363392,0.11851216902775112,0.00021048272648444984,0.45545090843021974,0.08012492926372658,0.06466948935661689,0.23893298202676488,0.10886952016739264,0.07370595723522706,0.11884482583889729,0.061720792849950905,0.05902970528056143,0.08514608757653687,0.06457192839107594,0.018975712532489718,25.904364822971285,22.028657995729557,0.4738059269367832,0.3838351453943319,500,0.9464385272741824,0.9553402117775237,0.8356343915038529,0.9373930569753786,0.9601852517411565
1.9017321412498651,2.1049743063973487,0.0555841830279084,0.06265618099239155,0.072,18,467,36,12.82857142857143,2.9166666666666665,0.9041271127876609,jar,88,0.176,0.9995134562525476,0.9998368400477946,0.9771902454978777,0.9997595681869689,0.999491558514269,objects/jar/0,0.0,2.104974306396925,0.006079870820401586,3.4346618349431117,1.4824278223905267,1.1846684334648738,2.741764726256923,1.696357982035229,0.8246442594337969,3.4346618349431117,1.4824278223905267,1.1846684334648738,2.741764726256923,1.696357982035229,0.8246442594337969,0.06106571410031488,0.00023840590942034788,0.08590095539175045,0.03277169336696879,0.02358124573053161,0.06219901258147304,0.039367766207392914,0.02181369134331284,0.08590095539175045,0.03277169336696879,0.02358124573053161,0.06219901258147304,0.039367766207392914,0.02181369134331284,2.0401074771108023,1.7978433655376138,0.0308284411756486,0.025685821617710304,500,0.998653353370571,0.9997211901602603,0.9890067388854533,0.9988263846791847,0.9993363573586681
5.672020751676881,5.830788972257582,0.06535217500751554,0.06860780225322395,0.338,1,499,169,2.9642857142857144,3.1124260355029585,0.7440202641329493,jello_box.1,219,0.438,0.996743233866883,0.9997063082162421,0.9734283772579179,0.99976315322959,0.9998618549073193,objects/jello_box.1/0,0.047337278106508875,5.830788972257918,0.0008059930263926055,5.8727189452861985,1.7270644065633867,1.5443453163187653,3.357257043231052,1.9579384119323333,0.9223726798328127,4.346871285708232,1.6173963381360081,1.4858192391858256,3.053983855864958,1.7868966032823523,0.7596239571039347,0.061235222756428696,9.066879129622919e-05,0.10068635376319536,0.035129246699735515,0.027400817942517777,0.08341904625492827,0.04238191071728338,0.023709963778059662,0.09399265082643425,0.03236644087432331,0.026912272733621508,0.07801390255827655,0.038254412985042285,0.02039150847679262,1.3706867440048116,1.063908533511876,0.02089565811777639,0.01566427103297241,500,0.9969106923994318,0.99624758213249,0.998415840365369,0.9967238869232937,0.9916524022357364
2.8355448496968134,6.041881648172111,0.07287343245789327,0.1174289740180761,0.174,2,241,87,2.7790697674418605,3.1149425287356323,0.821651626990037,juice_pouch.2,173,0.346,0.9979265424708269,0.9988997554400564,0.91847201891752,0.9989102897070645,0.9992270264523379,objects/juice_pouch.2/0,0.08045977011494253,6.041881648172093,0.03046461394250801,39.80120156333693,2.529690274182953,1.450708462913852,4.7912417644891985,6.025107169620156,5.468325476973035,3.518806558091496,1.4707336033929006,1.3106330332021137,2.823887928384777,1.6309687151523788,0.7049834165827839,0.07302348285610027,0.0004037795285323214,0.20070570908394259,0.04549718849154438,0.04139987324047945,0.07967377464653522,0.05597734894722272,0.03261087908235561,0.08089745489015596,0.04192300713161248,0.04165888306000819,0.0786806045902479,0.048177333734696556,0.023738512144342576,8.468484513494158,5.3530308148496015,0.13337732066314079,0.08516338775371547,500,0.9975816347484404,0.9992591081309737,0.9886608922621983,0.9984271501971684,0.9981129067029186
3.097780237311072,6.189147930526337,0.0756727474330169,0.10538976919237782,0.338,0,469,169,2.7916666666666665,2.93491124260355,0.8099528518957704,kettle,286,0.572,0.9969215203461158,0.9994798541261318,0.87658729526004,0.9978334863335324,0.999459712237374,objects/kettle/0,0.03550295857988166,6.189147930526164,0.005524276873408511,47.06043411676457,2.4692163792516775,1.5366608331334592,3.6132643546651733,5.88813792062177,5.345384798562149,4.091998516493402,1.696271957874932,1.5112768598407744,3.3703118791857776,1.8924634548340455,0.8390943765808216,0.07313364394296863,0.00016368926875763313,0.15506559687891117,0.04713680728622668,0.04757656223681625,0.08796495327008666,0.054806635081100605,0.0279622718636032,0.09519502672654355,0.04565268110915122,0.04701233957193624,0.08729960701642016,0.052348944750495195,0.0256172739384296,8.463340707311547,5.6382188979411945,0.1223407796780982,0.07925611852479983,500,0.9893157766291242,0.9875415314909616,0.9852944463516571,0.9886453145114064,0.988184008549563
4.216833933847344,9.295288574362052,0.09928941486910527,0.19992072507192352,0.274,0,499,137,3.6691176470588234,3.18978102189781,0.8442854765164669,knife.1,186,0.372,0.9964661723451119,0.9926550873425879,0.6900380786096922,0.9993518905937113,0.9998277194473167,objects/knife.1/0,0.0948905109489051,9.295288574362067,0.010315950617480807,57.81045794383197,3.6752312266169884,1.7124675510620406,7.01931609111893,9.136502119678392,8.364708387851136,5.035523755184989,1.9848625544519305,1.6267613834747823,4.547583032808906,2.2924544491406005,1.1470257369907142,0.0795435132486172,0.00014848863730998875,0.2320240247681075,0.04930815012820472,0.04014474670329011,0.0795694991921554,0.05961043657173266,0.03349791753537804,0.0834439440915122,0.0431753039574519,0.03763377486679506,0.07681100914284764,0.04786803958498572,0.020669841361060287,11.04360715908964,9.610821226052472,0.2245672364980605,0.1965048964870416,500,0.9874189740117878,0.9681140025372443,0.9898526023063744,0.8890021565107273,0.9652211637065792
5.485758104961364,12.102378900346345,0.11598284023433185,0.2046985623719695,0.312,4,499,156,3.193548387096774,3.076923076923077,0.9029530611345499,ladle,247,0.494,0.9690508044349608,0.9886036489590363,0.6966081838172139,0.9712006454491408,0.9706394663052513,objects/ladle/0,0.08974358974358974,12.102378900346363,0.004083998463965065,60.85064912618382,4.102661665758919,1.4248722316917157,14.228426887472018,11.85955665603487,11.127320042760216,3.9126278584672614,1.4903673284119479,1.383678686599114,2.9726368543192594,1.6891544551218263,0.795014465063465,0.09407880798995899,0.00019220911758123993,0.29403023384186294,0.04845706784353861,0.03691800358637404,0.08149880079320143,0.06232769712773971,0.03920018374005342,0.0746338596169659,0.03973139077407813,0.03572516286200089,0.07066037143328778,0.04215111278252624,0.014075968739761609,15.041488692680437,11.545558202553508,0.23624034396666985,0.17380608901523048,500,0.9933135809078131,0.932435459013631,0.9501675474186292,0.9697846793719955,0.9626476477473425
2.21769391335782,2.5116907368613663,0.053349051643203305,0.05944058663448634,0.398,2,499,199,2.51010101010101,2.899497487437186,0.7481491563891386,lion.2,315,0.63,0.9992288806706321,0.9999520746790387,0.9657296816949541,0.9999422021233154,0.9998883396278156,objects/lion.2/0,0.010050251256281407,2.5116907368616377,0.005972368877974077,3.833777484342712,1.7689149734173462,1.6737842447935105,3.0495517952802236,1.9043334818157887,0.7052842170249902,3.833777484342712,1.765288988186994,1.6737842447935105,3.051740522885906,1.899765727943234,0.7020431676566798,0.06973469742513387,0.0001730249231908743,0.13416037214146306,0.04510150952648953,0.027068733134941743,0.10717547272257535,0.05650492540309852,0.0340391015339962,0.11544463956697927,0.04428313626047122,0.027057466269718614,0.10083739242666703,0.05535391841747887,0.03321234901516973,1.1145169789885618,1.000562201204476,0.016500260071714908,0.013172637856340923,500,0.9982879541237095,0.9996665546241839,0.9990233380052539,0.9989763675179241,0.9981840924808401
1.339328212040294,1.487373616385604,0.054866638819322,0.0588024785652693,0.328,65,499,164,2.6625766871165646,3.3597560975609757,0.7863035338573543,marker.5,211,0.422,0.9997930737178529,0.9999403621288347,0.9872500802537931,0.9998847723988517,0.9998555487826871,objects/marker.5/0,0.024390243902439025,1.4873736163854456,0.0017197684545649748,3.5432129729852533,1.2207761282677474,1.0667323101884398,2.2555179283997266,1.371469179578314,0.6250066841121165,2.9315645936887003,1.1699814770591679,1.0626733955248628,2.046942725914895,1.2894672673289298,0.5420970179323861,0.062317937107805026,0.0002067558550081481,0.09701847975159508,0.04675322306889174,0.03544491241274732,0.09606937974834275,0.05576907610396962,0.03040272984718319,0.09701847975159508,0.04682827064729176,0.03449959713883065,0.09608445808227284,0.055975396862720135,0.030665259205214818,1.0647640586600073,0.9331768156491179,0.019073524416026437,0.0145592072035561,500,0.998079496788381,0.9996878484904141,0.9981763897133918,0.999217917430917,0.9970283656993706
3.46904249558447,3.662609203374459,0.11561173468825148,0.12266691040103775,0.316,25,499,158,3.0191082802547773,2.9936708860759493,0.8251580657418125,meat_can,212,0.424,0.9991130346754156,0.999751089231216,0.9811998876591992,0.9999287908158432,0.9998614652450012,objects/meat_can/0,0.0189873417721519,3.6626092033745508,0.004253994043449638,8.620503422376897,1.8782815912690576,1.6163756739918922,3.600816707962117,2.1475850941545502,1.041239646063569,4.389381300787458,1.7995542372311415,1.6037353434406592,3.425204293372158,1.9869327812434348,0.8423220431896674,0.08948713440337408,0.0001490612670692039,0.07633882566379427,0.0523120595591838,0.05345353344493543,0.06498055285629419,0.05314990066915193,0.009400019458337527,0.07495644205714806,0.052203540428215414,0.05351452971765398,0.06469853473574864,0.053019950718487224,0.009268524205637752,1.7682132624685551,1.4038167758601388,0.0358935427435343,0.027054073365871983,500,0.999282742615486,0.9991832956268615,0.9984159950148992,0.9952157377087709,0.9991903694836245
9.448379126555528,14.935417683484573,0.12263496210356181,0.2146099664896598,0.348,45,499,174,2.6242774566473988,3.1206896551724137,0.893816298300259,milk_box.1,274,0.548,0.9848158606951732,0.9991727588587517,0.8319138348972606,0.9859434248049863,0.9949957700148166,objects/milk_box.1/0,0.06321839080459771,14.935417683484415,0.018395859535707534,71.30297202939101,4.174038444359629,1.162986503037345,6.774073049903742,13.181754659591729,12.50344188496416,4.586758211086473,1.4071876286897818,1.115807281598918,3.522017300210803,1.7231176119694867,0.9944633137234654,0.10147461032270304,0.0001416546888670494,0.38610803888593376,0.05073302842222696,0.03281392640325008,0.08455477586726486,0.07717724462039263,0.05815915159547496,0.07947753136266379,0.0390324208582709,0.030732938685863066,0.07216340624566561,0.044637927916589916,0.021656747923672583,16.904524793045955,15.18465784093531,0.25451867315134746,0.2292216271906316,500,0.9798008631177164,0.8576598160469698,0.958975160641991,0.974384600100202,0.9309922441414921
3.622415186336792,7.797757268494011,0.09020708148786227,0.1357097554988927,0.548,58,499,274,1.6153846153846154,2.9671532846715327,0.8960032597254592,milk_jug,363,0.726,0.947076643634803,0.9987529882931726,0.40564947027852466,0.9448059839348996,0.9547761813588046,objects/milk_jug/0,0.04744525547445255,7.79775726849374,0.0011493074091588284,72.46763304675845,2.6062189531587774,1.3760519006825127,3.679153926938907,7.557029351660179,7.093399424116015,3.7715114264219247,1.5732241370952926,1.3572435818681714,3.1452585176651584,1.7579652819283609,0.7844792839369524,0.08474445978007288,0.00022643128775520416,0.36078202366276874,0.05998922296896573,0.054588823991761015,0.07143904367939377,0.06792230523795571,0.03185486895935599,0.07511837612311205,0.05604272260336691,0.05399139202809635,0.0696853980446624,0.05652398528127928,0.007360309455474313,9.501349998051342,8.147129215018937,0.13733746486458087,0.11112702510022339,500,0.9892704008420403,0.9933468594487936,0.9750201573334575,0.9976589180182042,0.9923626702358008
1.6449282876034212,1.7636545775157126,0.03224881364027826,0.03382659222577217,0.184,115,499,92,4.21978021978022,2.8043478260869565,0.7307198355307488,mouse.3,152,0.304,0.9988980567611461,0.999839680404574,0.9782095507793835,0.999282743877522,0.9994881765626348,objects/mouse.3/0,0.13043478260869565,1.763654577516131,0.004004510345239286,3.0855067680922024,1.0085600809187703,0.6419256517845048,2.633396185266364,1.2752641685322448,0.7804519605455298,2.360614829307044,0.7987727826264256,0.5554736972625498,1.9255899567087642,0.9805484706155806,0.5687155219982933,0.04143901294710204,7.24463932804455e-05,0.04012989919311497,0.014361427091990828,0.014016190815169331,0.034867795950786054,0.016595555545865955,0.008316361930396858,0.026160290818021948,0.011655970969354093,0.01356784953358741,0.01757473406174508,0.012443803512892256,0.004357360052720484,0.7943406065208348,0.7475499956432896,0.006487786807206455,0.006367085191147582,500,0.9963850224690131,0.9994999187017694,0.9984196480807943,0.997696365899817,0.9969317148832763
2.4053260623143555,5.002436127154497,0.04888598494466152,0.07568793645848672,0.218,0,461,109,4.268518518518518,2.522935779816514,0.8339553420737021,mug.2,198,0.396,0.9974349467363517,0.9998497647420654,0.9822194762101325,0.9968879084480209,0.9988105223972987,objects/mug.2/0,0.06422018348623854,5.002436127153956,0.0037891975029399347,31.942176448330066,2.3906608413567327,1.4648606197429066,4.256499939966804,4.8903634223468195,4.266192112907154,3.3495233621424587,1.5842867701162002,1.4408046610376914,2.765835224274652,1.7153104215739448,0.6575144655404646,0.05558360470190298,4.32477640615311e-05,0.16870392422299277,0.04183650049308886,0.03270315509118818,0.0798857510518959,0.049775359316428576,0.026968381886411895,0.08655456515206603,0.038101179315302484,0.029682478650283353,0.07563871142418276,0.04401944596195932,0.022045674350788715,5.530936058805875,5.444061242165918,0.062031728910861186,0.06007922357999056,500,0.9937014904834675,0.989061168782916,0.994390140062677,0.9937491390937361,0.9880394636108172
2.6508018711512227,2.8067162964202232,0.038032679942069686,0.04026178999124269,0.138,0,499,69,7.338235294117647,3.028985507246377,0.6769507459789306,mustard_bottle.3,114,0.228,0.9987909252354902,0.9991444111255567,0.9873975567039031,0.9998932475400593,0.9998503599790398,objects/mustard_bottle.3/0,0.2463768115942029,2.8067162964199257,0.006328115425203869,4.219420898275915,1.5538263989010623,1.1619447272499568,3.6731351294604133,1.9763707244909487,1.2213372845790935,3.1475137357436753,1.09386515235189,0.6036108458399723,2.930089592933634,1.454094617906591,0.9580449813526977,0.047617849909166315,0.00013054607001217208,0.09881257356349013,0.02348795374577492,0.006743107952556888,0.08656716298069513,0.03625357830770217,0.027615900654315635,0.02989194851274224,0.009195557151005819,0.004981556421614339,0.028413236565207133,0.012699968966906547,0.00875961988005045,1.0483467218127003,0.78641653886229,0.0167529818734529,0.009299762252078318,500,0.9976733698817244,0.9975509084132325,0.999392896138687,0.9951701039204692,0.9981743618578425
0.8047018747666982,0.9819886275917145,0.028302571420010962,0.038006807308426684,0.13,0,167,65,2.609375,3.7384615384615385,0.9467067423776835,pear,120,0.24,0.9996336525234364,0.9998176146779737,0.9881186239306533,0.9998801810754944,0.9998814123838377,objects/pear/0,0.23076923076923078,0.9819886275947866,0.006090204861805548,3.167098315339467,0.7478337702832139,0.5680241634744634,1.5810453456332874,0.9443651581780538,0.5766890011129516,1.5950850277643782,0.613867350891687,0.5236198490158591,1.097277185415165,0.687781071866392,0.3101768500821839,0.03444951008399008,0.0008321980102276944,0.11126343727041804,0.01934893044678301,0.012235593398731206,0.03456097642443356,0.028406346355780487,0.020797581682736977,0.024903136604284802,0.011349557054144404,0.011334425487089978,0.01568612466291299,0.011897639559933452,0.0035695072170839584,1.0604834473406153,0.8530418361653564,0.012924685919488524,0.009754721326637334,500,0.9973283387085492,0.9989805032934318,0.9945420523618627,0.9990683610849763,0.999427455363361
10.8439338798231,22.65767476863706,0.18899509711747722,0.3851016470773336,0.224,2,499,112,4.4774774774774775,2.857142857142857,1.0543765971198333,peeler.2,189,0.378,0.9451345900430794,0.9837487650680514,0.20906363069831047,0.9441442036582524,0.9942291223599433,objects/peeler.2/0,0.125,22.657674768637,0.019116552012622922,72.83481097513541,10.749983098833358,3.2972270178348566,68.53644534618519,23.268423262057723,20.636312279015986,6.605020617958749,3.222575179694758,3.021914297574507,5.807648112912435,3.5026357885287585,1.3723945053437696,0.1445805934752456,0.0002408947972245799,0.37625419817431255,0.09179837969047601,0.056421882838667406,0.3398032814729325,0.1268146630451692,0.08749294971289405,0.13082779569433803,0.061997130046370155,0.055033322420560166,0.10796368027807893,0.06695924562994432,0.0252961744409048,32.89584075217929,27.927945856731778,0.5169668057819299,0.43986728456362373,500,0.8904775718065361,0.913117377499913,0.7975428610559151,0.8521915225924936,0.8725443610249642
2.821389020854293,7.391840052716648,0.07414568163645781,0.1349054384002466,0.258,1,499,129,3.890625,3.054263565891473,0.7343120850400513,power_drill,205,0.41,0.9966355233492129,0.9974905977759986,0.8131149428288312,0.9989893501658619,0.9982600931518051,objects/power_drill/0,0.023255813953488372,7.391840052716958,0.0033078083321831406,78.27359602229694,2.253613839435906,1.436839933882289,3.7717287114717872,7.1925578502586935,6.8303816212581365,5.314241489769304,1.5778404656393086,1.398385567019114,3.361567649082911,1.8978013129493638,1.0545469588517424,0.07812056259228502,0.0001654276306424031,0.3234692948666964,0.052990898542950145,0.0505331187148133,0.08179988871980469,0.06069398090351471,0.029592634041716748,0.09166219648989207,0.05044726513821386,0.04813500683069276,0.08002472329243705,0.0533296769270389,0.01729531385136156,10.223435763387139,7.603628010806588,0.17249161522033665,0.12747516335324055,500,0.9958138150537797,0.9989681121318102,0.9836801134464849,0.9953280202091814,0.9956355122845765
2.890520144854889,3.129862648023969,0.05253492710831475,0.06012668435109136,0.2,205,499,100,2.9696969696969697,2.69,0.8378633309212877,pringles_can.2,160,0.32,0.9535631653495149,0.9999092354943031,0.9343589490024217,0.9550181184491907,0.9515775687277603,objects/pringles_can.2/0,0.01,3.1298626480229967,0.007883233288940953,4.156394277425251,1.5072691275580357,1.222229237649926,3.2175763264671344,1.747246437218764,0.8837476390260407,3.7137536278406253,1.480510287660387,1.2120893968214075,3.123046478063004,1.7056394809185826,0.8469328940358672,0.0830139906584637,0.0004333804978612456,0.09343378966848431,0.04437588692648841,0.03537385207701986,0.08935652551484347,0.05118966968660717,0.025517894546993176,0.09343378966848431,0.04389594306369974,0.0351300727995072,0.08852878345266423,0.05061185189138858,0.025193366873530108,1.1087243064008716,0.8762105265411159,0.012109762536707503,0.010273724683011074,500,0.9982644759570615,0.9997752237375225,0.9988505740789968,0.9992103811508639,0.9977606926940882
10.470820193461698,18.976570483515246,0.1593668645720931,0.26932395930690256,0.146,13,499,73,6.75,3.315068493150685,0.8610278010860727,pump_bottle.2,147,0.294,0.9089565995453304,0.9841479079263309,0.6422035632195713,0.920134106562938,0.9061416260528335,objects/pump_bottle.2/0,0.2191780821917808,18.97657048351532,0.056373548804685446,59.6952906984427,8.198426816662089,1.1514295953443054,54.93273119669557,19.465896232044123,17.655223415424278,3.4745574834330015,1.3038187276025512,0.912117102649799,3.3814779849838623,1.6316707495673075,0.9810230173377195,0.12764018939548846,0.0001878104134629276,0.23630815962721927,0.043515956188089934,0.01128405843230681,0.21041729388258573,0.07749818436784696,0.06412745229111348,0.05334876089151108,0.013716654818624304,0.007637735125328426,0.03787477824021212,0.019142846372468963,0.013352975242494044,18.197409262803465,15.109305107004845,0.26695600161056626,0.21878178170449333,500,0.9780043913840683,0.8152511955489339,0.8170056059397262,0.7608676189384774,0.8767769380266199
2.3205593985808024,2.4356536201136696,0.05844242101732464,0.062296774152905826,0.214,247,499,107,2.3773584905660377,2.9813084112149535,0.894050610578642,remote_controller,200,0.4,0.999665805042179,0.9997760182611486,0.9932152193879263,0.9999472187962627,0.9998624590466972,objects/remote_controller/0,0.32710280373831774,2.4356536201132695,0.007753313358830717,4.195995045692188,1.6731593345751767,1.3348676089196048,3.49186988695461,1.9378607308782716,0.977671751358308,3.6272999491489775,1.1345401468077805,1.001073777063752,2.0813857730204335,1.2685473802836877,0.567477850938684,0.06670731567938681,0.00012446194934855346,0.09646090758644364,0.036925821362778805,0.017013714396555146,0.0899469084228183,0.05030422151089457,0.03416135855760566,0.05906813232196135,0.01380712390486686,0.010753190095570641,0.025298877186791194,0.01628393026002578,0.008633059375970807,1.0947306389878138,0.8835695472967537,0.013957407707162656,0.009746602511585154,500,0.998641843288649,0.9996643585732689,0.9973875299243254,0.9990427730338676,0.9988331091905486
1.7273090741574397,1.910047717237434,0.03452975691146964,0.0416008541870184,0.122,4,489,61,8.083333333333334,2.80327868852459,0.6897992336197125,root_beer_bottle,152,0.304,0.9996860144063459,0.9996249941086269,0.9830196748429575,0.9999311505948262,0.9998675028868982,objects/root_beer_bottle/0,0.0,1.9100477172379344,0.005119477786240274,4.196035601492054,1.6107770785415547,0.9774590237981841,3.5396963775644243,1.95937244829217,1.1155884520608785,4.196035601492054,1.6107770785415547,0.9774590237981841,3.5396963775644243,1.95937244829217,1.1155884520608785,0.05295583157117133,0.00014948263415104108,0.10379901575503077,0.03935330765525551,0.025108270557635894,0.09237186466903476,0.05195817965158622,0.033925943012646204,0.10379901575503077,0.03935330765525551,0.025108270557635894,0.09237186466903476,0.05195817965158622,0.033925943012646204,1.4493054889604033,0.9359785789979974,0.02362468639095321,0.013191676908517403,500,0.9991142598590325,0.9995087434155907,0.9990103798807844,0.9992954956885982,0.998963900616416
2.707211297439207,2.9012391089363705,0.0440707205038124,0.04592766614302862,0.344,19,499,172,2.807017543859649,2.941860465116279,0.831375171318402,scissors.1,258,0.516,0.9995196893366681,0.9997755089752494,0.9951519315880075,0.9999383975637249,0.999855163216605,objects/scissors.1/0,0.0,2.9012391089358647,0.003552097139742651,4.137719051357579,1.6099047764698329,1.517774532081381,3.155373156482315,1.8221185152263253,0.853418123917113,4.137719051357579,1.6099047764698329,1.517774532081381,3.155373156482315,1.8221185152263253,0.853418123917113,0.06736944793027856,0.00012161121887715826,0.09367387179274576,0.04253369668177784,0.034251794654606094,0.08041202414119182,0.04793216700267129,0.022099259719603546,0.09367387179274576,0.04253369668177784,0.034251794654606094,0.08041202414119182,0.04793216700267129,0.022099259719603546,1.3597320743991967,1.0768736009396063,0.01505797556366051,0.010942311357133673,500,0.9991174021025786,0.9995720617733959,0.9992735573759528,0.9990997377035629,0.9976647297129966
5.961299660544203,8.544219026282514,0.0666688881773533,0.12360986475663391,0.25,52,461,125,3.2983870967741935,2.864,0.8461307748239261,shampoo_bottle,238,0.476,0.9948471353197761,0.9919845280303637,0.8960243743476879,0.9969789775533118,0.9989005934264926,objects/shampoo_bottle/0,0.056,8.544219026282635,0.01173700478244342,47.48920941344828,2.6337166891100683,1.404050622955722,4.458384652834303,6.70800020916227,6.169343823100166,3.8121058534197947,1.5379556039113749,1.294142653783132,3.370604075616727,1.7810359716068316,0.8982102719046844,0.06551857128522486,6.994438238990038e-05,0.21939845724008464,0.033254396787903366,0.026359379603639266,0.07077572258742125,0.04471496129286917,0.02989268903420149,0.07899662538094003,0.02866607253578625,0.024227683768153336,0.05178162786052766,0.033377397170666685,0.017096985911600616,7.1916003838481295,4.678090386911744,0.11176812438803548,0.07052414195414562,500,0.9889378313141276,0.9638600888714782,0.9819064521688716,0.9750393890484299,0.9763290377568308
1.577930789226534,1.6664410691102898,0.03263572123748288,0.03363246287348685,0.164,184,499,82,3.888888888888889,3.231707317073171,0.6655817794327883,shoe.1,115,0.23,0.9977591452494433,0.9997270900730261,0.9940073832646465,0.999029701831873,0.999779100078864,objects/shoe.1/0,0.0,1.6664410691095641,0.008690865356642536,3.657261971756476,1.385860622771135,0.7988357972444039,3.2732434580702807,1.7719957602481042,1.1042460362571647,3.657261971756476,1.385860622771135,0.7988357972444039,3.2732434580702807,1.7719957602481042,1.1042460362571647,0.03578638906201764,0.0001150137533868913,0.03597703871246776,0.01626782416541057,0.018526827207359174,0.026148107813339837,0.01787810250669079,0.007415149773472369,0.03597703871246776,0.01626782416541057,0.018526827207359174,0.026148107813339837,0.01787810250669079,0.007415149773472369,0.7250932129498076,0.6857909696541442,0.00856227020743196,0.008210603290071122,500,0.9986886456455726,0.9987711146756177,0.9983663004402418,0.9966685510113558,0.9986946736225841
1.9569503092539569,2.2554126813444424,0.06295567220889356,0.06663192784345172,0.332,0,461,166,2.793939393939394,2.5120481927710845,0.8865283583957967,soda_can.3,268,0.536,0.9997258554744417,0.9997944255782901,0.9835843304047982,0.9999029421665646,0.9998983375869321,objects/soda_can.3/0,0.006024096385542169,2.2554126813431354,0.002630563336866141,5.28840786283155,1.8650189598352835,1.5790781761430792,3.9648446297598636,2.1714610260706078,1.1121813103979645,5.28840786283155,1.8515607474066569,1.5661272422485348,3.9570354394075617,2.1546820230988555,1.1019879397381254,0.07364481098518724,3.934718259452126e-05,0.08699869276020136,0.042726684336614126,0.03768552618618751,0.07068536033258839,0.04505922840273526,0.014309595027435135,0.07779458692074903,0.042458369134046936,0.03765902832036123,0.0705343572638013,0.044685207512614455,0.013930350351747273,1.764210929062358,1.4574596800024038,0.021456524648862055,0.016738448786776817,500,0.9978726888562903,0.9983228416416954,0.9984048151502128,0.998909708787217,0.9974942265365189
2.7221584347483874,6.922616913673987,0.07732830949500868,0.12468766188145562,0.37,36,499,185,2.516304347826087,3.2432432432432434,0.7786664006470818,soft_scrub_cleanser_bottle,257,0.514,0.9744315318731696,0.998946082373992,0.960306812608205,0.9842409256383231,0.946713265252425,objects/soft_scrub_cleanser_bottle/0,0.016216216216216217,6.922616913673951,0.007864320024619006,64.74855539487194,2.4743838103460334,1.640824919820869,3.6704187282860516,6.806225415046703,6.3405148970351854,4.1963976019808005,1.7934769781687716,1.6270672220338454,3.490485932155754,1.9704260538389877,0.8160999708528945,0.08104046913063934,0.0002092704797983884,0.32338297493412993,0.05364306925274453,0.05069228034839036,0.08525676244786713,0.06435755844723058,0.0355572278226798,0.09418508575869271,0.05075080483278852,0.0499818263934658,0.08481285104569497,0.05551859778766613,0.022509342707703724,9.435714430064248,8.298760093436085,0.15623694381235934,0.13596704890611028,500,0.9965679020944376,0.9800857464471813,0.9925061784498074,0.9906191632285679,0.982930289381056
9.204802167930072,20.074691095457524,0.19250312238268757,0.3982084628539607,0.248,0,499,124,4.056910569105691,2.5806451612903225,0.8392949743059259,soup_can.1,216,0.432,0.9683012305145462,0.9974044755316642,0.8835798086746339,0.9673139904650113,0.9882622103507689,objects/soup_can.1/0,0.12096774193548387,20.07469109545762,0.028350736149077592,68.63099082487459,8.532141857190044,1.7374584721711992,60.363350702568674,20.465471712380207,18.60209901433223,5.155015318994565,1.6929624367269085,1.5519320539223003,3.3717295180839235,2.0019539949832317,1.068502684068229,0.11332111756654299,0.00010931571337118587,0.3289304624531067,0.07107761108880342,0.05167892019881862,0.27569592124757425,0.10037979800428558,0.07088072410246658,0.09391122048943258,0.04703372480021859,0.04890840036345915,0.07395177997861742,0.05024094248052965,0.017662984819933242,14.575097616431798,8.319134740341122,0.2767080698761791,0.16422602188178034,500,0.9568492251512342,0.8034183564881696,0.9103305360029957,0.9543825586930313,0.719837202981942
4.225999816774357,8.583294203077132,0.10259075680195842,0.1475768254057305,0.356,83,455,178,2.1016949152542375,2.792134831460674,0.8320964681563454,spatula.2,272,0.544,0.9722848184005056,0.9998011284899312,0.9601054399499943,0.977819563796483,0.9683451858240952,objects/spatula.2/0,0.056179775280898875,8.583294203077408,0.02064734293043284,58.12797908054343,2.6504229971797004,1.2499873142235982,3.5959505974744905,8.046234024987267,7.597179734670215,3.1316441726889317,1.3096828318489475,1.207709406681233,2.2804682469780557,1.4254636867098625,0.562741150164616,0.08536716781216593,0.00015866842038780483,0.13581490985769304,0.04541929800156157,0.04280700899847341,0.07306810011875059,0.049610101700380736,0.019956191013504192,0.08057732112658698,0.0432800834661306,0.041878057933685306,0.06944136821475802,0.04638253010109173,0.016678533321112174,11.116022817082095,8.830058162295536,0.1469171745680702,0.11430075795723206,500,0.9866563335125282,0.9691856636224001,0.9745039986617355,0.9895915590580238,0.9923499275917919
1.801674995141288,2.109809256950909,0.03323520158386502,0.0439735665840452,0.192,0,499,96,5.252631578947368,2.8333333333333335,0.7356250229127704,sponge,165,0.33,0.9992973024690386,0.9999222208893502,0.8000015819927793,0.9999054917948884,0.9998795009887584,objects/sponge/0,0.28125,2.1098092569520532,0.0036452294806044124,3.932407901312408,1.3810073044803195,0.9217925864698817,3.436102340793347,1.7696917476862775,1.106628983354816,2.2162661332032045,0.8029949968015428,0.6193034338636607,2.1570148720486912,0.9967280146991715,0.5904792717766155,0.05295003651702604,0.00012470316190381795,0.11085799874316739,0.03587130213159503,0.01553789160442376,0.10807032902535084,0.05310759760931143,0.039162055707232316,0.07293787446471828,0.0123813660201983,0.008370934916718708,0.02952083207534083,0.01684880834513819,0.011427340816002527,1.1114496399096547,0.7800067200029963,0.016389940223738277,0.008015273616940703,500,0.9976432723022326,0.999712086927829,0.9956374536584772,0.9995332651517191,0.9991978676751436
3.566775979041105,3.6856693627823294,0.04035601582862049,0.041506421678049465,0.14,27,499,70,6.840579710144928,3.3714285714285714,0.5755764577296985,spray_bottle.2,145,0.29,0.995793578426135,0.9997086538683453,0.9871278271879453,0.999810628081638,0.9997409508056928,objects/spray_bottle.2/0,0.2571428571428571,3.6856693627828974,0.006356826843575957,5.773888197483921,1.0365054203569966,0.39103680875361274,3.425009778149806,1.603285683274726,1.2231849801907604,1.4486753131778265,0.45066885181421157,0.30614490924342064,1.2782228625881893,0.583881851177352,0.3712352382772299,0.048213408333302024,7.75104632719594e-05,0.08704848267761671,0.012325594125956954,0.005554939349699486,0.0466230067986035,0.02050952197864499,0.0163926880417672,0.016638408087054125,0.005851111352856565,0.004660933819755471,0.013454471781230113,0.006675261572996473,0.003213037971203637,1.2865668930445802,0.50596647922044,0.01403934662379827,0.00710805523959406,500,0.9993084364896312,0.9985457666935951,0.9992019612594181,0.9959049717302243,0.997614409055957
2.808906653890483,7.497010159994507,0.06643948771700281,0.11232141975769772,0.306,0,499,153,3.2828947368421053,3.633986928104575,0.9007061391261812,t-handle.2,185,0.37,0.9956374262169898,0.997775094128279,0.6307490219769041,0.9965601015390934,0.9984793895086298,objects/t-handle.2/0,0.0718954248366013,7.497010159994501,0.007501642310861937,75.79015271672462,2.4578499933285376,1.2813690147385977,4.015202419924124,7.466382744229024,7.050237208322555,3.6340385864006413,1.4815414383915795,1.218117859764127,3.00869701920406,1.6749471950333876,0.7813341618531873,0.07735351434890787,0.00012033774173594248,0.2944692336660226,0.051854464012027646,0.038900253086358874,0.09044439831733897,0.0625553184902836,0.03498974754761954,0.0966262677040636,0.04729577561392248,0.03823781148742432,0.08789712265561625,0.05336688974848794,0.024721135299673482,10.428599514376353,10.40766028173974,0.13037206016688846,0.12957398385111485,500,0.9941101841259942,0.9960377289814505,0.982193251247385,0.9964145402782048,0.9960856647050604
2.4970488611291586,2.5655198040059317,0.06381095317362248,0.06496481423239277,0.086,286,499,43,5.071428571428571,3.302325581395349,0.6892300422554036,tape_measure,98,0.196,0.9991928808157312,0.9993943275371207,0.963811345280932,0.99793942362808,0.9989098328423718,objects/tape_measure/0,0.11627906976744186,2.5655198040052243,0.015457988736743403,2.4879844343230872,0.6464361274105761,0.48041005942682974,1.4716524363376884,0.8202240911588865,0.5048642321415123,1.4787136501384002,0.5186409835429834,0.44732717018693113,1.2001089431575724,0.6158651595940338,0.33211658343321465,0.07219313426377326,0.0003788581740110539,0.07411868143163651,0.009865833733897114,0.006704309966914965,0.02079008584652993,0.014755800981343322,0.010972647234651729,0.01530042745921308,0.007108557828081902,0.006297865103640386,0.01276521573389338,0.007719738871956357,0.003010444129361903,0.7220301699220713,0.6662362027340707,0.012292153247505062,0.009267259596036002,500,0.9963689167302141,0.9982933628934911,0.9993961275397545,0.978243073570324,0.9964304007531246
3.421436036865948,3.5834302100744324,0.0569048110228332,0.0622162375366637,0.266,0,499,133,3.7803030303030303,3.225563909774436,0.8462689769813381,teapot,181,0.362,0.9731579732949395,0.9997974237852506,0.9321305389295415,0.9729241172938299,0.974799658562178,objects/teapot/0,0.3609022556390977,3.583430210074567,0.004138155576307963,4.322519905436801,1.9060738173350305,1.8221774542831075,3.244008296068253,2.1160874941625925,0.9190804566637163,2.9547734989805523,1.391521723240061,1.1607266617127554,2.604297161455315,1.5316100608019796,0.6399192699871254,0.09014769486641275,0.00016166121004962066,0.12500981276386072,0.04762427550183479,0.02236282832031906,0.1091915057875509,0.06116492703289456,0.03838068110214637,0.0582497457132369,0.01958640996354077,0.017916047155596304,0.029360344548904935,0.020589323502799788,0.0063476599659287505,1.071164751997941,0.8386149208934199,0.01494910642034162,0.009492286660616397,500,0.9993098087134795,0.9997248604900654,0.9962374534522102,0.9995706773638704,0.9998022591215854
5.957902177074915,13.807374854913617,0.09723901118535735,0.16144448941978984,0.41,50,499,205,2.200980392156863,3.053658536585366,0.9110077502654075,tong,313,0.626,0.9932552986406097,0.9952807110440278,0.6625702294674332,0.997788206381206,0.9999189637280247,objects/tong/0,0.09268292682926829,13.807374854913531,0.04088144492506506,61.65603052012609,4.719545575808062,1.1917748815163587,52.066339203297716,13.971795245610473,13.150549492060549,3.7330628115779425,1.3078446882808024,1.14509057097693,2.8304728821553695,1.5053981716418798,0.7454971002749811,0.09376358664012507,0.00024400319463588712,0.2608502472123685,0.05474835393459915,0.051038121880497604,0.16982545330608756,0.07105331938758576,0.04529008652504577,0.08294654754286669,0.043975147040315396,0.04243453399481203,0.06962981115178386,0.04793886078035149,0.019087189832465185,8.688833607969045,8.58568702762385,0.09389993150315835,0.0915856577435646,500,0.9820893450931163,0.9856773270234357,0.974983351555268,0.9623330492583709,0.9782420247496632
2.1703881245856107,2.3878638866000053,0.03468367833443474,0.039716745015640695,0.142,115,499,71,5.485714285714286,3.084507042253521,0.7126704470709699,toothpaste,138,0.276,0.9989497770142242,0.9998967625074346,0.9923669468567834,0.9994455961657648,0.999910957580793,objects/toothpaste/0,0.323943661971831,2.3878638865988697,0.0051267859945453445,4.337827595884341,1.237077582168832,0.7288247426238473,3.1842261636776445,1.6497428797018934,1.0914626080734116,3.4774130144635946,0.643742336414061,0.44468757729974195,1.965151272571819,0.917442123675665,0.6536787090021217,0.049044184567877576,0.00021511124272870124,0.10094529265979092,0.03277552702687026,0.010001012041227294,0.0975931019013347,0.04818754829635625,0.03532427832135516,0.027290702264599186,0.009233253633393954,0.008086746748570076,0.01823415800532888,0.010413408248890232,0.004815194565069254,1.3672959275460639,0.9616145665402628,0.017971512067323277,0.01141310790247564,500,0.9964333970156056,0.9968366700053187,0.9969569424094723,0.9996775867612859,0.9963556216585723
2.6412193768106405,2.805942377126319,0.08804739719581736,0.0919570288146405,0.39,0,472,195,2.4329896907216493,3.1435897435897435,0.9104345978944993,towel.2,300,0.6,0.9995345627983921,0.9997393988494839,0.9921495887753122,0.9999556557422885,0.9997236700777198,objects/towel.2/0,0.0,2.8059423771265974,0.0029006333437805788,3.65434544068853,1.6630639490537946,1.5303195686908797,2.9617700294764817,1.8166307561330803,0.7310031501206025,3.65434544068853,1.6630639490537946,1.5303195686908797,2.9617700294764817,1.8166307561330803,0.7310031501206025,0.08364578298995719,9.3383614419367e-05,0.08752676037465501,0.04346401606336172,0.040859117882629845,0.07802257701183721,0.04863787472393624,0.021829387653004607,0.08752676037465501,0.04346401606336172,0.040859117882629845,0.07802257701183721,0.04863787472393624,0.021829387653004607,1.5090202893544957,1.301941110217665,0.02033630169893602,0.016030473970563303,500,0.9986209643019246,0.9993657608610568,0.9987218910569771,0.9918864572212301,0.9984565000258179
3.036979840693199,5.616047538587795,0.05987215083375384,0.0917736073224347,0.584,6,499,292,1.6941580756013745,3.0719178082191783,0.8543160823198162,umbrella,344,0.688,0.9730706535746473,0.9997637686888569,0.9067941152705757,0.9732917765711665,0.9747994536689137,objects/umbrella/0,0.017123287671232876,5.616047538587808,0.00430204048583835,63.058456957676654,1.9523040355749472,1.4632523753326176,3.002281834560667,5.275775225430092,4.901256286090303,3.540718325206307,1.5164645479958425,1.458767669843939,2.6743575321871202,1.6618925041732933,0.6798690830587492,0.055702635068394395,0.0001253524576538202,0.25220190414232513,0.04498428613622552,0.043448926398872684,0.060821066153137766,0.04907536717357891,0.019616464106351462,0.06748999364065696,0.0435062180313014,0.0433981371525255,0.06034802683576184,0.04454798753552614,0.009577692106048192,5.2891600463269,5.244180961718265,0.07388899279289056,0.07318122478333429,500,0.9949037190357738,0.9949307091402153,0.9904565790997718,0.9992304046402446,0.996116660825765
4.496383452458588,9.065241768532951,0.08396655441278887,0.17018252403101422,0.366,18,499,183,2.642857142857143,3.2841530054644807,0.8526658345206239,water_bottle.2,272,0.544,0.9919738114515284,0.9966006016520188,0.6670180008457819,0.9976429268560083,0.9992778575740894,objects/water_bottle.2/0,0.0273224043715847,9.065241768532927,0.008576892395337892,60.54108509085554,2.7848934749994765,1.4249566235660758,3.7056236662142386,8.327213434034695,7.8477290924746645,4.790217983822012,1.617404759204612,1.408475698399819,3.2231815198868405,1.8473565412751511,0.8925962331840527,0.06693868528391583,0.00013829256476894424,0.27845715133637194,0.041972052968190704,0.03170051120494623,0.09191413105449246,0.055613576732170725,0.03648584227588059,0.098994961161074,0.03905191113056445,0.030939795991203042,0.09144619532342539,0.04868076460330248,0.029064842669669567,11.816480679323863,8.602556389616199,0.21352577331049227,0.14771218071357814,500,0.9752352543156266,0.9789466198253519,0.9583364463234283,0.9807803361187233,0.9857574498784619
